country_name,iso3_code,year,value,indicator_name
Africa (median),,2001,6.632662769999999,Domestic general government health expenditure (percent general government expenditure)
Africa (median),,2002,6.432985310000001,Domestic general government health expenditure (percent general government expenditure)
Africa (median),,2003,6.78598738,Domestic general government health expenditure (percent general government expenditure)
Africa (median),,2004,6.755731109999999,Domestic general government health expenditure (percent general government expenditure)
Africa (median),,2005,6.398740289999999,Domestic general government health expenditure (percent general government expenditure)
Africa (median),,2006,6.54068851,Domestic general government health expenditure (percent general government expenditure)
Africa (median),,2007,6.270682810000001,Domestic general government health expenditure (percent general government expenditure)
Africa (median),,2008,5.612905029999999,Domestic general government health expenditure (percent general government expenditure)
Africa (median),,2009,5.821324349999999,Domestic general government health expenditure (percent general government expenditure)
Africa (median),,2010,6.048321485000001,Domestic general government health expenditure (percent general government expenditure)
Africa (median),,2011,6.50348878,Domestic general government health expenditure (percent general government expenditure)
Africa (median),,2012,6.05739069,Domestic general government health expenditure (percent general government expenditure)
Africa (median),,2013,6.00545788,Domestic general government health expenditure (percent general government expenditure)
Africa (median),,2014,6.072990889999998,Domestic general government health expenditure (percent general government expenditure)
Africa (median),,2015,5.554437639999999,Domestic general government health expenditure (percent general government expenditure)
Africa (median),,2016,5.998897079999999,Domestic general government health expenditure (percent general government expenditure)
Africa (median),,2017,6.030759095,Domestic general government health expenditure (percent general government expenditure)
Africa (median),,2018,5.716774464999999,Domestic general government health expenditure (percent general government expenditure)
Africa (median),,2019,5.721498964999999,Domestic general government health expenditure (percent general government expenditure)
Africa (median),,2020,6.881201265,Domestic general government health expenditure (percent general government expenditure)
Africa (median),,2021,7.150420184999998,Domestic general government health expenditure (percent general government expenditure)
Africa (median),,2022,5.97543216,Domestic general government health expenditure (percent general government expenditure)
Algeria,DZA,2001,9.26661205,Domestic general government health expenditure (percent general government expenditure)
Algeria,DZA,2002,7.97343826,Domestic general government health expenditure (percent general government expenditure)
Algeria,DZA,2003,9.43778801,Domestic general government health expenditure (percent general government expenditure)
Algeria,DZA,2004,8.66916943,Domestic general government health expenditure (percent general government expenditure)
Algeria,DZA,2005,7.761599059999999,Domestic general government health expenditure (percent general government expenditure)
Algeria,DZA,2006,7.84512997,Domestic general government health expenditure (percent general government expenditure)
Algeria,DZA,2007,7.630736350000001,Domestic general government health expenditure (percent general government expenditure)
Algeria,DZA,2008,7.687209129999999,Domestic general government health expenditure (percent general government expenditure)
Algeria,DZA,2009,8.644684790000001,Domestic general government health expenditure (percent general government expenditure)
Algeria,DZA,2010,9.18787575,Domestic general government health expenditure (percent general government expenditure)
Algeria,DZA,2011,9.03425121,Domestic general government health expenditure (percent general government expenditure)
Algeria,DZA,2012,10.06144714,Domestic general government health expenditure (percent general government expenditure)
Algeria,DZA,2013,11.70106602,Domestic general government health expenditure (percent general government expenditure)
Algeria,DZA,2014,11.41803741,Domestic general government health expenditure (percent general government expenditure)
Algeria,DZA,2015,10.60481071,Domestic general government health expenditure (percent general government expenditure)
Algeria,DZA,2016,10.60594082,Domestic general government health expenditure (percent general government expenditure)
Algeria,DZA,2017,10.606039999999998,Domestic general government health expenditure (percent general government expenditure)
Algeria,DZA,2018,10.606168750000002,Domestic general government health expenditure (percent general government expenditure)
Algeria,DZA,2019,8.830361370000002,Domestic general government health expenditure (percent general government expenditure)
Algeria,DZA,2020,8.83030605,Domestic general government health expenditure (percent general government expenditure)
Algeria,DZA,2021,8.828529360000001,Domestic general government health expenditure (percent general government expenditure)
Algeria,DZA,2022,5.361367700000001,Domestic general government health expenditure (percent general government expenditure)
Angola,AGO,2001,5.968254570000001,Domestic general government health expenditure (percent general government expenditure)
Angola,AGO,2002,4.19123077,Domestic general government health expenditure (percent general government expenditure)
Angola,AGO,2003,4.260468009999999,Domestic general government health expenditure (percent general government expenditure)
Angola,AGO,2004,5.659238820000001,Domestic general government health expenditure (percent general government expenditure)
Angola,AGO,2005,4.820637700000001,Domestic general government health expenditure (percent general government expenditure)
Angola,AGO,2006,4.718737599999999,Domestic general government health expenditure (percent general government expenditure)
Angola,AGO,2007,4.51627111,Domestic general government health expenditure (percent general government expenditure)
Angola,AGO,2008,4.0603714,Domestic general government health expenditure (percent general government expenditure)
Angola,AGO,2009,5.77788925,Domestic general government health expenditure (percent general government expenditure)
Angola,AGO,2010,4.249567990000001,Domestic general government health expenditure (percent general government expenditure)
Angola,AGO,2011,4.58056879,Domestic general government health expenditure (percent general government expenditure)
Angola,AGO,2012,4.201513290000001,Domestic general government health expenditure (percent general government expenditure)
Angola,AGO,2013,4.57540083,Domestic general government health expenditure (percent general government expenditure)
Angola,AGO,2014,3.61568022,Domestic general government health expenditure (percent general government expenditure)
Angola,AGO,2015,4.562625410000001,Domestic general government health expenditure (percent general government expenditure)
Angola,AGO,2016,5.432696819999999,Domestic general government health expenditure (percent general government expenditure)
Angola,AGO,2017,5.364319320000001,Domestic general government health expenditure (percent general government expenditure)
Angola,AGO,2018,5.364319320000001,Domestic general government health expenditure (percent general government expenditure)
Angola,AGO,2019,5.5068841,Domestic general government health expenditure (percent general government expenditure)
Angola,AGO,2020,7.305021760000001,Domestic general government health expenditure (percent general government expenditure)
Angola,AGO,2021,8.777365679999999,Domestic general government health expenditure (percent general government expenditure)
Angola,AGO,2022,6.699635029999999,Domestic general government health expenditure (percent general government expenditure)
Benin,BEN,2001,7.99414682,Domestic general government health expenditure (percent general government expenditure)
Benin,BEN,2002,6.34654379,Domestic general government health expenditure (percent general government expenditure)
Benin,BEN,2003,7.7336826300000014,Domestic general government health expenditure (percent general government expenditure)
Benin,BEN,2004,8.69476223,Domestic general government health expenditure (percent general government expenditure)
Benin,BEN,2005,7.55740261,Domestic general government health expenditure (percent general government expenditure)
Benin,BEN,2006,8.31231785,Domestic general government health expenditure (percent general government expenditure)
Benin,BEN,2007,6.1193018,Domestic general government health expenditure (percent general government expenditure)
Benin,BEN,2008,5.103364470000001,Domestic general government health expenditure (percent general government expenditure)
Benin,BEN,2009,5.1059413000000005,Domestic general government health expenditure (percent general government expenditure)
Benin,BEN,2010,5.34460402,Domestic general government health expenditure (percent general government expenditure)
Benin,BEN,2011,4.423614500000001,Domestic general government health expenditure (percent general government expenditure)
Benin,BEN,2012,5.24633551,Domestic general government health expenditure (percent general government expenditure)
Benin,BEN,2013,5.1338048,Domestic general government health expenditure (percent general government expenditure)
Benin,BEN,2014,4.04459238,Domestic general government health expenditure (percent general government expenditure)
Benin,BEN,2015,3.254780050000001,Domestic general government health expenditure (percent general government expenditure)
Benin,BEN,2016,3.05096745,Domestic general government health expenditure (percent general government expenditure)
Benin,BEN,2017,2.56150651,Domestic general government health expenditure (percent general government expenditure)
Benin,BEN,2018,2.71143031,Domestic general government health expenditure (percent general government expenditure)
Benin,BEN,2019,2.13318133,Domestic general government health expenditure (percent general government expenditure)
Benin,BEN,2020,2.7194826599999997,Domestic general government health expenditure (percent general government expenditure)
Benin,BEN,2021,1.6007707099999997,Domestic general government health expenditure (percent general government expenditure)
Benin,BEN,2022,2.59515929,Domestic general government health expenditure (percent general government expenditure)
Botswana,BWA,2001,8.178297040000002,Domestic general government health expenditure (percent general government expenditure)
Botswana,BWA,2002,8.178297040000002,Domestic general government health expenditure (percent general government expenditure)
Botswana,BWA,2003,8.178297040000002,Domestic general government health expenditure (percent general government expenditure)
Botswana,BWA,2004,8.178297040000002,Domestic general government health expenditure (percent general government expenditure)
Botswana,BWA,2005,8.178297040000002,Domestic general government health expenditure (percent general government expenditure)
Botswana,BWA,2006,8.178297040000002,Domestic general government health expenditure (percent general government expenditure)
Botswana,BWA,2007,8.178297040000002,Domestic general government health expenditure (percent general government expenditure)
Botswana,BWA,2008,7.64480686,Domestic general government health expenditure (percent general government expenditure)
Botswana,BWA,2009,6.252062320000001,Domestic general government health expenditure (percent general government expenditure)
Botswana,BWA,2010,8.060935020000002,Domestic general government health expenditure (percent general government expenditure)
Botswana,BWA,2011,9.63225174,Domestic general government health expenditure (percent general government expenditure)
Botswana,BWA,2012,10.68447876,Domestic general government health expenditure (percent general government expenditure)
Botswana,BWA,2013,11.93448162,Domestic general government health expenditure (percent general government expenditure)
Botswana,BWA,2014,10.958581920000002,Domestic general government health expenditure (percent general government expenditure)
Botswana,BWA,2015,10.41588783,Domestic general government health expenditure (percent general government expenditure)
Botswana,BWA,2016,11.21129513,Domestic general government health expenditure (percent general government expenditure)
Botswana,BWA,2017,14.315474509999998,Domestic general government health expenditure (percent general government expenditure)
Botswana,BWA,2018,11.54210281,Domestic general government health expenditure (percent general government expenditure)
Botswana,BWA,2019,12.006065370000002,Domestic general government health expenditure (percent general government expenditure)
Botswana,BWA,2020,11.66365051,Domestic general government health expenditure (percent general government expenditure)
Botswana,BWA,2021,14.615031240000002,Domestic general government health expenditure (percent general government expenditure)
Botswana,BWA,2022,14.615031240000002,Domestic general government health expenditure (percent general government expenditure)
Burkina Faso,BFA,2001,4.942176820000001,Domestic general government health expenditure (percent general government expenditure)
Burkina Faso,BFA,2002,5.434931279999999,Domestic general government health expenditure (percent general government expenditure)
Burkina Faso,BFA,2003,5.5697293299999995,Domestic general government health expenditure (percent general government expenditure)
Burkina Faso,BFA,2004,8.39099884,Domestic general government health expenditure (percent general government expenditure)
Burkina Faso,BFA,2005,6.048640250000001,Domestic general government health expenditure (percent general government expenditure)
Burkina Faso,BFA,2006,6.54068851,Domestic general government health expenditure (percent general government expenditure)
Burkina Faso,BFA,2007,6.270682810000001,Domestic general government health expenditure (percent general government expenditure)
Burkina Faso,BFA,2008,7.32152605,Domestic general government health expenditure (percent general government expenditure)
Burkina Faso,BFA,2009,7.629394049999999,Domestic general government health expenditure (percent general government expenditure)
Burkina Faso,BFA,2010,6.03235245,Domestic general government health expenditure (percent general government expenditure)
Burkina Faso,BFA,2011,6.587393759999999,Domestic general government health expenditure (percent general government expenditure)
Burkina Faso,BFA,2012,4.696058750000001,Domestic general government health expenditure (percent general government expenditure)
Burkina Faso,BFA,2013,6.382932189999999,Domestic general government health expenditure (percent general government expenditure)
Burkina Faso,BFA,2014,7.77367115,Domestic general government health expenditure (percent general government expenditure)
Burkina Faso,BFA,2015,7.15264177,Domestic general government health expenditure (percent general government expenditure)
Burkina Faso,BFA,2016,11.03399467,Domestic general government health expenditure (percent general government expenditure)
Burkina Faso,BFA,2017,9.99147034,Domestic general government health expenditure (percent general government expenditure)
Burkina Faso,BFA,2018,8.784770970000002,Domestic general government health expenditure (percent general government expenditure)
Burkina Faso,BFA,2019,9.576910970000002,Domestic general government health expenditure (percent general government expenditure)
Burkina Faso,BFA,2020,11.646951680000004,Domestic general government health expenditure (percent general government expenditure)
Burkina Faso,BFA,2021,9.83841515,Domestic general government health expenditure (percent general government expenditure)
Burkina Faso,BFA,2022,8.39684868,Domestic general government health expenditure (percent general government expenditure)
Burundi,BDI,2001,6.662638660000001,Domestic general government health expenditure (percent general government expenditure)
Burundi,BDI,2002,6.37957811,Domestic general government health expenditure (percent general government expenditure)
Burundi,BDI,2003,3.71581554,Domestic general government health expenditure (percent general government expenditure)
Burundi,BDI,2004,5.80384302,Domestic general government health expenditure (percent general government expenditure)
Burundi,BDI,2005,6.223104000000001,Domestic general government health expenditure (percent general government expenditure)
Burundi,BDI,2006,6.481419560000001,Domestic general government health expenditure (percent general government expenditure)
Burundi,BDI,2007,6.3231554,Domestic general government health expenditure (percent general government expenditure)
Burundi,BDI,2008,3.78774738,Domestic general government health expenditure (percent general government expenditure)
Burundi,BDI,2009,5.4775238,Domestic general government health expenditure (percent general government expenditure)
Burundi,BDI,2010,4.86066389,Domestic general government health expenditure (percent general government expenditure)
Burundi,BDI,2011,8.227913859999997,Domestic general government health expenditure (percent general government expenditure)
Burundi,BDI,2012,7.110281940000002,Domestic general government health expenditure (percent general government expenditure)
Burundi,BDI,2013,4.43170166,Domestic general government health expenditure (percent general government expenditure)
Burundi,BDI,2014,9.79248333,Domestic general government health expenditure (percent general government expenditure)
Burundi,BDI,2015,10.44351768,Domestic general government health expenditure (percent general government expenditure)
Burundi,BDI,2016,9.90449238,Domestic general government health expenditure (percent general government expenditure)
Burundi,BDI,2017,8.357585909999997,Domestic general government health expenditure (percent general government expenditure)
Burundi,BDI,2018,7.90786219,Domestic general government health expenditure (percent general government expenditure)
Burundi,BDI,2019,7.90786219,Domestic general government health expenditure (percent general government expenditure)
Burundi,BDI,2020,7.3328781099999985,Domestic general government health expenditure (percent general government expenditure)
Burundi,BDI,2021,7.3328781099999985,Domestic general government health expenditure (percent general government expenditure)
Burundi,BDI,2022,4.72897339,Domestic general government health expenditure (percent general government expenditure)
Cabo Verde,CPV,2001,11.17305183,Domestic general government health expenditure (percent general government expenditure)
Cabo Verde,CPV,2002,9.504278179999998,Domestic general government health expenditure (percent general government expenditure)
Cabo Verde,CPV,2003,11.36700153,Domestic general government health expenditure (percent general government expenditure)
Cabo Verde,CPV,2004,9.631425859999998,Domestic general government health expenditure (percent general government expenditure)
Cabo Verde,CPV,2005,8.802990910000002,Domestic general government health expenditure (percent general government expenditure)
Cabo Verde,CPV,2006,8.921114919999999,Domestic general government health expenditure (percent general government expenditure)
Cabo Verde,CPV,2007,10.09019661,Domestic general government health expenditure (percent general government expenditure)
Cabo Verde,CPV,2008,8.10699081,Domestic general government health expenditure (percent general government expenditure)
Cabo Verde,CPV,2009,8.309453010000002,Domestic general government health expenditure (percent general government expenditure)
Cabo Verde,CPV,2010,7.229432109999999,Domestic general government health expenditure (percent general government expenditure)
Cabo Verde,CPV,2011,8.60780239,Domestic general government health expenditure (percent general government expenditure)
Cabo Verde,CPV,2012,8.86496925,Domestic general government health expenditure (percent general government expenditure)
Cabo Verde,CPV,2013,9.02955627,Domestic general government health expenditure (percent general government expenditure)
Cabo Verde,CPV,2014,9.98307133,Domestic general government health expenditure (percent general government expenditure)
Cabo Verde,CPV,2015,10.09395409,Domestic general government health expenditure (percent general government expenditure)
Cabo Verde,CPV,2016,10.392424580000002,Domestic general government health expenditure (percent general government expenditure)
Cabo Verde,CPV,2017,10.392424580000002,Domestic general government health expenditure (percent general government expenditure)
Cabo Verde,CPV,2018,10.392424580000002,Domestic general government health expenditure (percent general government expenditure)
Cabo Verde,CPV,2019,10.165415759999998,Domestic general government health expenditure (percent general government expenditure)
Cabo Verde,CPV,2020,12.7326889,Domestic general government health expenditure (percent general government expenditure)
Cabo Verde,CPV,2021,17.09349632,Domestic general government health expenditure (percent general government expenditure)
Cabo Verde,CPV,2022,16.0616703,Domestic general government health expenditure (percent general government expenditure)
Cameroon,CMR,2001,5.34374762,Domestic general government health expenditure (percent general government expenditure)
Cameroon,CMR,2002,6.432985310000001,Domestic general government health expenditure (percent general government expenditure)
Cameroon,CMR,2003,6.5153770400000015,Domestic general government health expenditure (percent general government expenditure)
Cameroon,CMR,2004,5.26183367,Domestic general government health expenditure (percent general government expenditure)
Cameroon,CMR,2005,5.24748802,Domestic general government health expenditure (percent general government expenditure)
Cameroon,CMR,2006,5.18314695,Domestic general government health expenditure (percent general government expenditure)
Cameroon,CMR,2007,4.226081849999999,Domestic general government health expenditure (percent general government expenditure)
Cameroon,CMR,2008,3.46105146,Domestic general government health expenditure (percent general government expenditure)
Cameroon,CMR,2009,3.04738736,Domestic general government health expenditure (percent general government expenditure)
Cameroon,CMR,2010,2.67579794,Domestic general government health expenditure (percent general government expenditure)
Cameroon,CMR,2011,3.21048117,Domestic general government health expenditure (percent general government expenditure)
Cameroon,CMR,2012,3.731803420000001,Domestic general government health expenditure (percent general government expenditure)
Cameroon,CMR,2013,2.50095606,Domestic general government health expenditure (percent general government expenditure)
Cameroon,CMR,2014,2.9397316,Domestic general government health expenditure (percent general government expenditure)
Cameroon,CMR,2015,1.8129396399999995,Domestic general government health expenditure (percent general government expenditure)
Cameroon,CMR,2016,1.8129396399999995,Domestic general government health expenditure (percent general government expenditure)
Cameroon,CMR,2017,0.73440903,Domestic general government health expenditure (percent general government expenditure)
Cameroon,CMR,2018,1.95703375,Domestic general government health expenditure (percent general government expenditure)
Cameroon,CMR,2019,2.1798591600000004,Domestic general government health expenditure (percent general government expenditure)
Cameroon,CMR,2020,3.65950561,Domestic general government health expenditure (percent general government expenditure)
Cameroon,CMR,2021,2.86053681,Domestic general government health expenditure (percent general government expenditure)
Cameroon,CMR,2022,3.93554211,Domestic general government health expenditure (percent general government expenditure)
Central African Republic,CAF,2001,10.72575855,Domestic general government health expenditure (percent general government expenditure)
Central African Republic,CAF,2002,8.608080859999998,Domestic general government health expenditure (percent general government expenditure)
Central African Republic,CAF,2003,12.548594470000005,Domestic general government health expenditure (percent general government expenditure)
Central African Republic,CAF,2004,11.27601051,Domestic general government health expenditure (percent general government expenditure)
Central African Republic,CAF,2005,6.398740289999999,Domestic general government health expenditure (percent general government expenditure)
Central African Republic,CAF,2006,9.17757416,Domestic general government health expenditure (percent general government expenditure)
Central African Republic,CAF,2007,9.87465954,Domestic general government health expenditure (percent general government expenditure)
Central African Republic,CAF,2008,5.28350496,Domestic general government health expenditure (percent general government expenditure)
Central African Republic,CAF,2009,4.575510029999999,Domestic general government health expenditure (percent general government expenditure)
Central African Republic,CAF,2010,3.3422183999999993,Domestic general government health expenditure (percent general government expenditure)
Central African Republic,CAF,2011,2.9337456200000007,Domestic general government health expenditure (percent general government expenditure)
Central African Republic,CAF,2012,4.2233195299999995,Domestic general government health expenditure (percent general government expenditure)
Central African Republic,CAF,2013,7.3357882499999985,Domestic general government health expenditure (percent general government expenditure)
Central African Republic,CAF,2014,3.94678593,Domestic general government health expenditure (percent general government expenditure)
Central African Republic,CAF,2015,3.2645256500000004,Domestic general government health expenditure (percent general government expenditure)
Central African Republic,CAF,2016,4.9471330600000005,Domestic general government health expenditure (percent general government expenditure)
Central African Republic,CAF,2017,5.259977339999999,Domestic general government health expenditure (percent general government expenditure)
Central African Republic,CAF,2018,3.910874610000001,Domestic general government health expenditure (percent general government expenditure)
Central African Republic,CAF,2019,4.842317580000001,Domestic general government health expenditure (percent general government expenditure)
Central African Republic,CAF,2020,4.864420410000001,Domestic general government health expenditure (percent general government expenditure)
Central African Republic,CAF,2021,6.421167370000001,Domestic general government health expenditure (percent general government expenditure)
Central African Republic,CAF,2022,9.02843761,Domestic general government health expenditure (percent general government expenditure)
Chad,TCD,2001,11.86877823,Domestic general government health expenditure (percent general government expenditure)
Chad,TCD,2002,11.724427220000004,Domestic general government health expenditure (percent general government expenditure)
Chad,TCD,2003,8.981558800000002,Domestic general government health expenditure (percent general government expenditure)
Chad,TCD,2004,15.0313797,Domestic general government health expenditure (percent general government expenditure)
Chad,TCD,2005,12.42341423,Domestic general government health expenditure (percent general government expenditure)
Chad,TCD,2006,7.14463902,Domestic general government health expenditure (percent general government expenditure)
Chad,TCD,2007,5.9949445699999995,Domestic general government health expenditure (percent general government expenditure)
Chad,TCD,2008,4.2314992,Domestic general government health expenditure (percent general government expenditure)
Chad,TCD,2009,3.549865720000001,Domestic general government health expenditure (percent general government expenditure)
Chad,TCD,2010,3.49792719,Domestic general government health expenditure (percent general government expenditure)
Chad,TCD,2011,3.6880266700000006,Domestic general government health expenditure (percent general government expenditure)
Chad,TCD,2012,3.9646971199999994,Domestic general government health expenditure (percent general government expenditure)
Chad,TCD,2013,5.036792759999999,Domestic general government health expenditure (percent general government expenditure)
Chad,TCD,2014,5.548615459999999,Domestic general government health expenditure (percent general government expenditure)
Chad,TCD,2015,5.24520254,Domestic general government health expenditure (percent general government expenditure)
Chad,TCD,2016,5.725020889999998,Domestic general government health expenditure (percent general government expenditure)
Chad,TCD,2017,4.678395750000001,Domestic general government health expenditure (percent general government expenditure)
Chad,TCD,2018,4.872300149999999,Domestic general government health expenditure (percent general government expenditure)
Chad,TCD,2019,4.872300149999999,Domestic general government health expenditure (percent general government expenditure)
Chad,TCD,2020,3.93478251,Domestic general government health expenditure (percent general government expenditure)
Chad,TCD,2021,5.60994196,Domestic general government health expenditure (percent general government expenditure)
Chad,TCD,2022,7.26373339,Domestic general government health expenditure (percent general government expenditure)
Comoros,COM,2001,4.1141438500000005,Domestic general government health expenditure (percent general government expenditure)
Comoros,COM,2002,6.710672860000001,Domestic general government health expenditure (percent general government expenditure)
Comoros,COM,2003,6.68444395,Domestic general government health expenditure (percent general government expenditure)
Comoros,COM,2004,6.755731109999999,Domestic general government health expenditure (percent general government expenditure)
Comoros,COM,2005,5.911865709999999,Domestic general government health expenditure (percent general government expenditure)
Comoros,COM,2006,5.18173599,Domestic general government health expenditure (percent general government expenditure)
Comoros,COM,2007,4.33239365,Domestic general government health expenditure (percent general government expenditure)
Comoros,COM,2008,2.86453962,Domestic general government health expenditure (percent general government expenditure)
Comoros,COM,2009,2.7746560600000003,Domestic general government health expenditure (percent general government expenditure)
Comoros,COM,2010,2.8392360200000004,Domestic general government health expenditure (percent general government expenditure)
Comoros,COM,2011,7.2384433700000015,Domestic general government health expenditure (percent general government expenditure)
Comoros,COM,2012,5.352248189999999,Domestic general government health expenditure (percent general government expenditure)
Comoros,COM,2013,4.449965000000001,Domestic general government health expenditure (percent general government expenditure)
Comoros,COM,2014,3.81965494,Domestic general government health expenditure (percent general government expenditure)
Comoros,COM,2015,2.44571519,Domestic general government health expenditure (percent general government expenditure)
Comoros,COM,2016,3.03607512,Domestic general government health expenditure (percent general government expenditure)
Comoros,COM,2017,3.5854959500000008,Domestic general government health expenditure (percent general government expenditure)
Comoros,COM,2018,3.99391246,Domestic general government health expenditure (percent general government expenditure)
Comoros,COM,2019,4.13345671,Domestic general government health expenditure (percent general government expenditure)
Comoros,COM,2020,6.88908243,Domestic general government health expenditure (percent general government expenditure)
Comoros,COM,2021,4.73731661,Domestic general government health expenditure (percent general government expenditure)
Comoros,COM,2022,4.73731661,Domestic general government health expenditure (percent general government expenditure)
Congo,COG,2001,3.3190190799999995,Domestic general government health expenditure (percent general government expenditure)
Congo,COG,2002,1.3442719000000003,Domestic general government health expenditure (percent general government expenditure)
Congo,COG,2003,1.85525787,Domestic general government health expenditure (percent general government expenditure)
Congo,COG,2004,1.78429937,Domestic general government health expenditure (percent general government expenditure)
Congo,COG,2005,1.95315254,Domestic general government health expenditure (percent general government expenditure)
Congo,COG,2006,2.08378863,Domestic general government health expenditure (percent general government expenditure)
Congo,COG,2007,2.0520796800000003,Domestic general government health expenditure (percent general government expenditure)
Congo,COG,2008,4.548922060000001,Domestic general government health expenditure (percent general government expenditure)
Congo,COG,2009,2.52816463,Domestic general government health expenditure (percent general government expenditure)
Congo,COG,2010,3.602102040000001,Domestic general government health expenditure (percent general government expenditure)
Congo,COG,2011,2.33683133,Domestic general government health expenditure (percent general government expenditure)
Congo,COG,2012,2.67131019,Domestic general government health expenditure (percent general government expenditure)
Congo,COG,2013,2.2095162900000007,Domestic general government health expenditure (percent general government expenditure)
Congo,COG,2014,1.9499675,Domestic general government health expenditure (percent general government expenditure)
Congo,COG,2015,2.70981026,Domestic general government health expenditure (percent general government expenditure)
Congo,COG,2016,2.8850231200000005,Domestic general government health expenditure (percent general government expenditure)
Congo,COG,2017,3.41114736,Domestic general government health expenditure (percent general government expenditure)
Congo,COG,2018,3.4871990700000004,Domestic general government health expenditure (percent general government expenditure)
Congo,COG,2019,5.10725212,Domestic general government health expenditure (percent general government expenditure)
Congo,COG,2020,8.21684074,Domestic general government health expenditure (percent general government expenditure)
Congo,COG,2021,8.21684074,Domestic general government health expenditure (percent general government expenditure)
Congo,COG,2022,3.52587986,Domestic general government health expenditure (percent general government expenditure)
Côte d'Ivoire,CIV,2001,4.456547259999999,Domestic general government health expenditure (percent general government expenditure)
Côte d'Ivoire,CIV,2002,4.14795876,Domestic general government health expenditure (percent general government expenditure)
Côte d'Ivoire,CIV,2003,4.067087170000001,Domestic general government health expenditure (percent general government expenditure)
Côte d'Ivoire,CIV,2004,4.1451525700000005,Domestic general government health expenditure (percent general government expenditure)
Côte d'Ivoire,CIV,2005,3.891348839999999,Domestic general government health expenditure (percent general government expenditure)
Côte d'Ivoire,CIV,2006,3.857184410000001,Domestic general government health expenditure (percent general government expenditure)
Côte d'Ivoire,CIV,2007,4.579221729999999,Domestic general government health expenditure (percent general government expenditure)
Côte d'Ivoire,CIV,2008,4.657881260000001,Domestic general government health expenditure (percent general government expenditure)
Côte d'Ivoire,CIV,2009,5.821324349999999,Domestic general government health expenditure (percent general government expenditure)
Côte d'Ivoire,CIV,2010,5.806788439999999,Domestic general government health expenditure (percent general government expenditure)
Côte d'Ivoire,CIV,2011,4.393692489999999,Domestic general government health expenditure (percent general government expenditure)
Côte d'Ivoire,CIV,2012,4.622003080000001,Domestic general government health expenditure (percent general government expenditure)
Côte d'Ivoire,CIV,2013,4.58988285,Domestic general government health expenditure (percent general government expenditure)
Côte d'Ivoire,CIV,2014,5.111254220000001,Domestic general government health expenditure (percent general government expenditure)
Côte d'Ivoire,CIV,2015,4.8747077,Domestic general government health expenditure (percent general government expenditure)
Côte d'Ivoire,CIV,2016,4.851992610000001,Domestic general government health expenditure (percent general government expenditure)
Côte d'Ivoire,CIV,2017,5.15028763,Domestic general government health expenditure (percent general government expenditure)
Côte d'Ivoire,CIV,2018,5.11727667,Domestic general government health expenditure (percent general government expenditure)
Côte d'Ivoire,CIV,2019,5.601275919999999,Domestic general government health expenditure (percent general government expenditure)
Côte d'Ivoire,CIV,2020,6.53835297,Domestic general government health expenditure (percent general government expenditure)
Côte d'Ivoire,CIV,2021,7.773895259999999,Domestic general government health expenditure (percent general government expenditure)
Côte d'Ivoire,CIV,2022,6.21020794,Domestic general government health expenditure (percent general government expenditure)
Democratic Republic of the Congo,COD,2001,2.49895263,Domestic general government health expenditure (percent general government expenditure)
Democratic Republic of the Congo,COD,2002,2.49895263,Domestic general government health expenditure (percent general government expenditure)
Democratic Republic of the Congo,COD,2003,2.49895263,Domestic general government health expenditure (percent general government expenditure)
Democratic Republic of the Congo,COD,2004,2.49895263,Domestic general government health expenditure (percent general government expenditure)
Democratic Republic of the Congo,COD,2005,2.49895263,Domestic general government health expenditure (percent general government expenditure)
Democratic Republic of the Congo,COD,2006,2.49895263,Domestic general government health expenditure (percent general government expenditure)
Democratic Republic of the Congo,COD,2007,2.49895263,Domestic general government health expenditure (percent general government expenditure)
Democratic Republic of the Congo,COD,2008,2.49895263,Domestic general government health expenditure (percent general government expenditure)
Democratic Republic of the Congo,COD,2009,2.49895263,Domestic general government health expenditure (percent general government expenditure)
Democratic Republic of the Congo,COD,2010,2.49895263,Domestic general government health expenditure (percent general government expenditure)
Democratic Republic of the Congo,COD,2011,2.5320143699999997,Domestic general government health expenditure (percent general government expenditure)
Democratic Republic of the Congo,COD,2012,3.8775920899999994,Domestic general government health expenditure (percent general government expenditure)
Democratic Republic of the Congo,COD,2013,3.909440519999999,Domestic general government health expenditure (percent general government expenditure)
Democratic Republic of the Congo,COD,2014,3.98679423,Domestic general government health expenditure (percent general government expenditure)
Democratic Republic of the Congo,COD,2015,4.10415363,Domestic general government health expenditure (percent general government expenditure)
Democratic Republic of the Congo,COD,2016,3.80773497,Domestic general government health expenditure (percent general government expenditure)
Democratic Republic of the Congo,COD,2017,3.841884850000001,Domestic general government health expenditure (percent general government expenditure)
Democratic Republic of the Congo,COD,2018,4.166941169999999,Domestic general government health expenditure (percent general government expenditure)
Democratic Republic of the Congo,COD,2019,4.164955620000001,Domestic general government health expenditure (percent general government expenditure)
Democratic Republic of the Congo,COD,2020,5.08724737,Domestic general government health expenditure (percent general government expenditure)
Democratic Republic of the Congo,COD,2021,4.47285557,Domestic general government health expenditure (percent general government expenditure)
Democratic Republic of the Congo,COD,2022,3.983703610000001,Domestic general government health expenditure (percent general government expenditure)
Djibouti,DJI,2001,5.968404770000001,Domestic general government health expenditure (percent general government expenditure)
Djibouti,DJI,2002,5.495635990000001,Domestic general government health expenditure (percent general government expenditure)
Djibouti,DJI,2003,5.815307139999999,Domestic general government health expenditure (percent general government expenditure)
Djibouti,DJI,2004,5.386150360000001,Domestic general government health expenditure (percent general government expenditure)
Djibouti,DJI,2005,5.327818389999999,Domestic general government health expenditure (percent general government expenditure)
Djibouti,DJI,2006,7.23246288,Domestic general government health expenditure (percent general government expenditure)
Djibouti,DJI,2007,6.52659225,Domestic general government health expenditure (percent general government expenditure)
Djibouti,DJI,2008,6.348880770000001,Domestic general government health expenditure (percent general government expenditure)
Djibouti,DJI,2009,6.139916900000001,Domestic general government health expenditure (percent general government expenditure)
Djibouti,DJI,2010,6.97048712,Domestic general government health expenditure (percent general government expenditure)
Djibouti,DJI,2011,8.47449207,Domestic general government health expenditure (percent general government expenditure)
Djibouti,DJI,2012,7.13329363,Domestic general government health expenditure (percent general government expenditure)
Djibouti,DJI,2013,6.73504782,Domestic general government health expenditure (percent general government expenditure)
Djibouti,DJI,2014,6.072990889999998,Domestic general government health expenditure (percent general government expenditure)
Djibouti,DJI,2015,4.06950951,Domestic general government health expenditure (percent general government expenditure)
Djibouti,DJI,2016,5.13736486,Domestic general government health expenditure (percent general government expenditure)
Djibouti,DJI,2017,4.8029952,Domestic general government health expenditure (percent general government expenditure)
Djibouti,DJI,2018,5.1508536299999985,Domestic general government health expenditure (percent general government expenditure)
Djibouti,DJI,2019,5.14749098,Domestic general government health expenditure (percent general government expenditure)
Djibouti,DJI,2020,4.21987247,Domestic general government health expenditure (percent general government expenditure)
Djibouti,DJI,2021,3.30895972,Domestic general government health expenditure (percent general government expenditure)
Djibouti,DJI,2022,5.151492599999999,Domestic general government health expenditure (percent general government expenditure)
Egypt,EGY,2001,6.632662769999999,Domestic general government health expenditure (percent general government expenditure)
Egypt,EGY,2002,6.14118385,Domestic general government health expenditure (percent general government expenditure)
Egypt,EGY,2003,5.443203449999999,Domestic general government health expenditure (percent general government expenditure)
Egypt,EGY,2004,5.243089680000001,Domestic general government health expenditure (percent general government expenditure)
Egypt,EGY,2005,5.24353075,Domestic general government health expenditure (percent general government expenditure)
Egypt,EGY,2006,5.049946780000001,Domestic general government health expenditure (percent general government expenditure)
Egypt,EGY,2007,5.017645839999998,Domestic general government health expenditure (percent general government expenditure)
Egypt,EGY,2008,4.69924688,Domestic general government health expenditure (percent general government expenditure)
Egypt,EGY,2009,4.718084810000001,Domestic general government health expenditure (percent general government expenditure)
Egypt,EGY,2010,4.361563210000001,Domestic general government health expenditure (percent general government expenditure)
Egypt,EGY,2011,4.82708216,Domestic general government health expenditure (percent general government expenditure)
Egypt,EGY,2012,4.385409360000001,Domestic general government health expenditure (percent general government expenditure)
Egypt,EGY,2013,4.1566329,Domestic general government health expenditure (percent general government expenditure)
Egypt,EGY,2014,4.16148472,Domestic general government health expenditure (percent general government expenditure)
Egypt,EGY,2015,5.057976720000001,Domestic general government health expenditure (percent general government expenditure)
Egypt,EGY,2016,5.057976720000001,Domestic general government health expenditure (percent general government expenditure)
Egypt,EGY,2017,5.41994762,Domestic general government health expenditure (percent general government expenditure)
Egypt,EGY,2018,4.72158527,Domestic general government health expenditure (percent general government expenditure)
Egypt,EGY,2019,4.822846889999999,Domestic general government health expenditure (percent general government expenditure)
Egypt,EGY,2020,5.1611223200000005,Domestic general government health expenditure (percent general government expenditure)
Egypt,EGY,2021,6.799449439999999,Domestic general government health expenditure (percent general government expenditure)
Egypt,EGY,2022,7.21807432,Domestic general government health expenditure (percent general government expenditure)
Equatorial Guinea,GNQ,2001,1.4089413900000003,Domestic general government health expenditure (percent general government expenditure)
Equatorial Guinea,GNQ,2002,1.4089413900000003,Domestic general government health expenditure (percent general government expenditure)
Equatorial Guinea,GNQ,2003,1.4488228599999995,Domestic general government health expenditure (percent general government expenditure)
Equatorial Guinea,GNQ,2004,1.4902302,Domestic general government health expenditure (percent general government expenditure)
Equatorial Guinea,GNQ,2005,1.4638183100000002,Domestic general government health expenditure (percent general government expenditure)
Equatorial Guinea,GNQ,2006,1.44399369,Domestic general government health expenditure (percent general government expenditure)
Equatorial Guinea,GNQ,2007,1.4716601400000004,Domestic general government health expenditure (percent general government expenditure)
Equatorial Guinea,GNQ,2008,1.49703324,Domestic general government health expenditure (percent general government expenditure)
Equatorial Guinea,GNQ,2009,1.4756576999999995,Domestic general government health expenditure (percent general government expenditure)
Equatorial Guinea,GNQ,2010,1.4552304699999998,Domestic general government health expenditure (percent general government expenditure)
Equatorial Guinea,GNQ,2011,1.47296762,Domestic general government health expenditure (percent general government expenditure)
Equatorial Guinea,GNQ,2012,1.4893149099999998,Domestic general government health expenditure (percent general government expenditure)
Equatorial Guinea,GNQ,2013,1.4593858700000002,Domestic general government health expenditure (percent general government expenditure)
Equatorial Guinea,GNQ,2014,1.49042463,Domestic general government health expenditure (percent general government expenditure)
Equatorial Guinea,GNQ,2015,1.3336329499999997,Domestic general government health expenditure (percent general government expenditure)
Equatorial Guinea,GNQ,2016,2.4965152699999997,Domestic general government health expenditure (percent general government expenditure)
Equatorial Guinea,GNQ,2017,2.9438476600000003,Domestic general government health expenditure (percent general government expenditure)
Equatorial Guinea,GNQ,2018,3.22602749,Domestic general government health expenditure (percent general government expenditure)
Equatorial Guinea,GNQ,2019,3.84795237,Domestic general government health expenditure (percent general government expenditure)
Equatorial Guinea,GNQ,2020,5.348382950000001,Domestic general government health expenditure (percent general government expenditure)
Equatorial Guinea,GNQ,2021,5.355689529999999,Domestic general government health expenditure (percent general government expenditure)
Equatorial Guinea,GNQ,2022,4.44624233,Domestic general government health expenditure (percent general government expenditure)
Eritrea,ERI,2001,3.01020408,Domestic general government health expenditure (percent general government expenditure)
Eritrea,ERI,2002,3.52871037,Domestic general government health expenditure (percent general government expenditure)
Eritrea,ERI,2003,2.87028527,Domestic general government health expenditure (percent general government expenditure)
Eritrea,ERI,2004,2.7329978899999996,Domestic general government health expenditure (percent general government expenditure)
Eritrea,ERI,2005,1.11400759,Domestic general government health expenditure (percent general government expenditure)
Eritrea,ERI,2006,1.6211192599999995,Domestic general government health expenditure (percent general government expenditure)
Eritrea,ERI,2007,2.3728718799999995,Domestic general government health expenditure (percent general government expenditure)
Eritrea,ERI,2008,2.3728718799999995,Domestic general government health expenditure (percent general government expenditure)
Eritrea,ERI,2009,2.3728718799999995,Domestic general government health expenditure (percent general government expenditure)
Eritrea,ERI,2010,2.3728718799999995,Domestic general government health expenditure (percent general government expenditure)
Eritrea,ERI,2011,2.3728718799999995,Domestic general government health expenditure (percent general government expenditure)
Eritrea,ERI,2012,2.3728718799999995,Domestic general government health expenditure (percent general government expenditure)
Eritrea,ERI,2013,2.3728718799999995,Domestic general government health expenditure (percent general government expenditure)
Eritrea,ERI,2014,2.3728718799999995,Domestic general government health expenditure (percent general government expenditure)
Eritrea,ERI,2015,2.3728718799999995,Domestic general government health expenditure (percent general government expenditure)
Eritrea,ERI,2016,2.3728718799999995,Domestic general government health expenditure (percent general government expenditure)
Eritrea,ERI,2017,2.3728718799999995,Domestic general government health expenditure (percent general government expenditure)
Eritrea,ERI,2018,2.3728718799999995,Domestic general government health expenditure (percent general government expenditure)
Eritrea,ERI,2019,2.3728718799999995,Domestic general government health expenditure (percent general government expenditure)
Eritrea,ERI,2020,2.3728718799999995,Domestic general government health expenditure (percent general government expenditure)
Eritrea,ERI,2021,2.3728718799999995,Domestic general government health expenditure (percent general government expenditure)
Eritrea,ERI,2022,2.3728718799999995,Domestic general government health expenditure (percent general government expenditure)
Eswatini,SWZ,2001,9.28485775,Domestic general government health expenditure (percent general government expenditure)
Eswatini,SWZ,2002,9.1893816,Domestic general government health expenditure (percent general government expenditure)
Eswatini,SWZ,2003,11.39668179,Domestic general government health expenditure (percent general government expenditure)
Eswatini,SWZ,2004,9.74261189,Domestic general government health expenditure (percent general government expenditure)
Eswatini,SWZ,2005,12.61231613,Domestic general government health expenditure (percent general government expenditure)
Eswatini,SWZ,2006,12.620983120000002,Domestic general government health expenditure (percent general government expenditure)
Eswatini,SWZ,2007,12.373457910000004,Domestic general government health expenditure (percent general government expenditure)
Eswatini,SWZ,2008,13.34263515,Domestic general government health expenditure (percent general government expenditure)
Eswatini,SWZ,2009,13.33174038,Domestic general government health expenditure (percent general government expenditure)
Eswatini,SWZ,2010,13.75653362,Domestic general government health expenditure (percent general government expenditure)
Eswatini,SWZ,2011,14.277363780000002,Domestic general government health expenditure (percent general government expenditure)
Eswatini,SWZ,2012,12.654773709999995,Domestic general government health expenditure (percent general government expenditure)
Eswatini,SWZ,2013,11.66008472,Domestic general government health expenditure (percent general government expenditure)
Eswatini,SWZ,2014,8.53680229,Domestic general government health expenditure (percent general government expenditure)
Eswatini,SWZ,2015,8.58170605,Domestic general government health expenditure (percent general government expenditure)
Eswatini,SWZ,2016,8.216784479999998,Domestic general government health expenditure (percent general government expenditure)
Eswatini,SWZ,2017,9.96829319,Domestic general government health expenditure (percent general government expenditure)
Eswatini,SWZ,2018,9.69767475,Domestic general government health expenditure (percent general government expenditure)
Eswatini,SWZ,2019,12.93035984,Domestic general government health expenditure (percent general government expenditure)
Eswatini,SWZ,2020,10.39384365,Domestic general government health expenditure (percent general government expenditure)
Eswatini,SWZ,2021,12.30096912,Domestic general government health expenditure (percent general government expenditure)
Eswatini,SWZ,2022,11.34978294,Domestic general government health expenditure (percent general government expenditure)
Ethiopia,ETH,2001,8.98233509,Domestic general government health expenditure (percent general government expenditure)
Ethiopia,ETH,2002,8.368677139999999,Domestic general government health expenditure (percent general government expenditure)
Ethiopia,ETH,2003,8.417794230000002,Domestic general government health expenditure (percent general government expenditure)
Ethiopia,ETH,2004,5.72665405,Domestic general government health expenditure (percent general government expenditure)
Ethiopia,ETH,2005,7.5500240299999986,Domestic general government health expenditure (percent general government expenditure)
Ethiopia,ETH,2006,5.07604218,Domestic general government health expenditure (percent general government expenditure)
Ethiopia,ETH,2007,6.495981689999999,Domestic general government health expenditure (percent general government expenditure)
Ethiopia,ETH,2008,2.74178195,Domestic general government health expenditure (percent general government expenditure)
Ethiopia,ETH,2009,5.300199990000001,Domestic general government health expenditure (percent general government expenditure)
Ethiopia,ETH,2010,5.10711384,Domestic general government health expenditure (percent general government expenditure)
Ethiopia,ETH,2011,2.09114432,Domestic general government health expenditure (percent general government expenditure)
Ethiopia,ETH,2012,6.406854630000001,Domestic general government health expenditure (percent general government expenditure)
Ethiopia,ETH,2013,6.193302630000001,Domestic general government health expenditure (percent general government expenditure)
Ethiopia,ETH,2014,4.0883421900000005,Domestic general government health expenditure (percent general government expenditure)
Ethiopia,ETH,2015,5.57211685,Domestic general government health expenditure (percent general government expenditure)
Ethiopia,ETH,2016,5.0244526899999995,Domestic general government health expenditure (percent general government expenditure)
Ethiopia,ETH,2017,4.788360119999999,Domestic general government health expenditure (percent general government expenditure)
Ethiopia,ETH,2018,4.76060486,Domestic general government health expenditure (percent general government expenditure)
Ethiopia,ETH,2019,4.76060486,Domestic general government health expenditure (percent general government expenditure)
Ethiopia,ETH,2020,6.79223251,Domestic general government health expenditure (percent general government expenditure)
Ethiopia,ETH,2021,7.096745009999998,Domestic general government health expenditure (percent general government expenditure)
Ethiopia,ETH,2022,5.67692852,Domestic general government health expenditure (percent general government expenditure)
Gabon,GAB,2001,4.5377697900000005,Domestic general government health expenditure (percent general government expenditure)
Gabon,GAB,2002,4.6636676800000005,Domestic general government health expenditure (percent general government expenditure)
Gabon,GAB,2003,6.7543745,Domestic general government health expenditure (percent general government expenditure)
Gabon,GAB,2004,6.5132160200000015,Domestic general government health expenditure (percent general government expenditure)
Gabon,GAB,2005,5.076802729999999,Domestic general government health expenditure (percent general government expenditure)
Gabon,GAB,2006,5.760071750000001,Domestic general government health expenditure (percent general government expenditure)
Gabon,GAB,2007,6.361906529999999,Domestic general government health expenditure (percent general government expenditure)
Gabon,GAB,2008,5.612905029999999,Domestic general government health expenditure (percent general government expenditure)
Gabon,GAB,2009,6.817636970000001,Domestic general government health expenditure (percent general government expenditure)
Gabon,GAB,2010,6.81337643,Domestic general government health expenditure (percent general government expenditure)
Gabon,GAB,2011,7.183163640000001,Domestic general government health expenditure (percent general government expenditure)
Gabon,GAB,2012,6.1915850599999995,Domestic general government health expenditure (percent general government expenditure)
Gabon,GAB,2013,5.257540229999999,Domestic general government health expenditure (percent general government expenditure)
Gabon,GAB,2014,6.384582520000001,Domestic general government health expenditure (percent general government expenditure)
Gabon,GAB,2015,7.0348739600000005,Domestic general government health expenditure (percent general government expenditure)
Gabon,GAB,2016,9.20255756,Domestic general government health expenditure (percent general government expenditure)
Gabon,GAB,2017,9.7150774,Domestic general government health expenditure (percent general government expenditure)
Gabon,GAB,2018,9.415206909999998,Domestic general government health expenditure (percent general government expenditure)
Gabon,GAB,2019,9.591558459999998,Domestic general government health expenditure (percent general government expenditure)
Gabon,GAB,2020,9.591558459999998,Domestic general government health expenditure (percent general government expenditure)
Gabon,GAB,2021,9.591558459999998,Domestic general government health expenditure (percent general government expenditure)
Gabon,GAB,2022,9.591558459999998,Domestic general government health expenditure (percent general government expenditure)
Gambia,GMB,2001,6.308975220000001,Domestic general government health expenditure (percent general government expenditure)
Gambia,GMB,2002,6.308975220000001,Domestic general government health expenditure (percent general government expenditure)
Gambia,GMB,2003,6.308975220000001,Domestic general government health expenditure (percent general government expenditure)
Gambia,GMB,2004,6.308975220000001,Domestic general government health expenditure (percent general government expenditure)
Gambia,GMB,2005,6.308975220000001,Domestic general government health expenditure (percent general government expenditure)
Gambia,GMB,2006,6.308975220000001,Domestic general government health expenditure (percent general government expenditure)
Gambia,GMB,2007,6.308975220000001,Domestic general government health expenditure (percent general government expenditure)
Gambia,GMB,2008,6.308975220000001,Domestic general government health expenditure (percent general government expenditure)
Gambia,GMB,2009,6.308975220000001,Domestic general government health expenditure (percent general government expenditure)
Gambia,GMB,2010,6.308975220000001,Domestic general government health expenditure (percent general government expenditure)
Gambia,GMB,2011,6.308975220000001,Domestic general government health expenditure (percent general government expenditure)
Gambia,GMB,2012,6.308975220000001,Domestic general government health expenditure (percent general government expenditure)
Gambia,GMB,2013,6.308975220000001,Domestic general government health expenditure (percent general government expenditure)
Gambia,GMB,2014,5.754019740000001,Domestic general government health expenditure (percent general government expenditure)
Gambia,GMB,2015,5.0990448,Domestic general government health expenditure (percent general government expenditure)
Gambia,GMB,2016,6.657701489999999,Domestic general government health expenditure (percent general government expenditure)
Gambia,GMB,2017,4.491470810000001,Domestic general government health expenditure (percent general government expenditure)
Gambia,GMB,2018,5.626099110000001,Domestic general government health expenditure (percent general government expenditure)
Gambia,GMB,2019,5.37906027,Domestic general government health expenditure (percent general government expenditure)
Gambia,GMB,2020,9.56789875,Domestic general government health expenditure (percent general government expenditure)
Gambia,GMB,2021,7.478520390000002,Domestic general government health expenditure (percent general government expenditure)
Gambia,GMB,2022,6.8301235700000005,Domestic general government health expenditure (percent general government expenditure)
Ghana,GHA,2001,6.101942539999999,Domestic general government health expenditure (percent general government expenditure)
Ghana,GHA,2002,6.101942539999999,Domestic general government health expenditure (percent general government expenditure)
Ghana,GHA,2003,7.78030205,Domestic general government health expenditure (percent general government expenditure)
Ghana,GHA,2004,7.014248370000002,Domestic general government health expenditure (percent general government expenditure)
Ghana,GHA,2005,13.74466038,Domestic general government health expenditure (percent general government expenditure)
Ghana,GHA,2006,11.599921230000003,Domestic general government health expenditure (percent general government expenditure)
Ghana,GHA,2007,9.835708620000002,Domestic general government health expenditure (percent general government expenditure)
Ghana,GHA,2008,9.89629364,Domestic general government health expenditure (percent general government expenditure)
Ghana,GHA,2009,12.356557849999998,Domestic general government health expenditure (percent general government expenditure)
Ghana,GHA,2010,11.91557407,Domestic general government health expenditure (percent general government expenditure)
Ghana,GHA,2011,12.07416821,Domestic general government health expenditure (percent general government expenditure)
Ghana,GHA,2012,8.9727478,Domestic general government health expenditure (percent general government expenditure)
Ghana,GHA,2013,8.61669731,Domestic general government health expenditure (percent general government expenditure)
Ghana,GHA,2014,6.71953726,Domestic general government health expenditure (percent general government expenditure)
Ghana,GHA,2015,8.557857509999998,Domestic general government health expenditure (percent general government expenditure)
Ghana,GHA,2016,6.537678720000001,Domestic general government health expenditure (percent general government expenditure)
Ghana,GHA,2017,9.27400303,Domestic general government health expenditure (percent general government expenditure)
Ghana,GHA,2018,6.560504439999998,Domestic general government health expenditure (percent general government expenditure)
Ghana,GHA,2019,8.76836586,Domestic general government health expenditure (percent general government expenditure)
Ghana,GHA,2020,8.023230549999997,Domestic general government health expenditure (percent general government expenditure)
Ghana,GHA,2021,7.71488237,Domestic general government health expenditure (percent general government expenditure)
Ghana,GHA,2022,7.409587859999999,Domestic general government health expenditure (percent general government expenditure)
Guinea,GIN,2001,2.4733243,Domestic general government health expenditure (percent general government expenditure)
Guinea,GIN,2002,4.39565277,Domestic general government health expenditure (percent general government expenditure)
Guinea,GIN,2003,2.8578791600000004,Domestic general government health expenditure (percent general government expenditure)
Guinea,GIN,2004,1.85608542,Domestic general government health expenditure (percent general government expenditure)
Guinea,GIN,2005,2.37353611,Domestic general government health expenditure (percent general government expenditure)
Guinea,GIN,2006,1.87932241,Domestic general government health expenditure (percent general government expenditure)
Guinea,GIN,2007,2.77464008,Domestic general government health expenditure (percent general government expenditure)
Guinea,GIN,2008,2.6731729500000005,Domestic general government health expenditure (percent general government expenditure)
Guinea,GIN,2009,1.60156095,Domestic general government health expenditure (percent general government expenditure)
Guinea,GIN,2010,1.7697063699999998,Domestic general government health expenditure (percent general government expenditure)
Guinea,GIN,2011,3.1815481200000004,Domestic general government health expenditure (percent general government expenditure)
Guinea,GIN,2012,2.5663108799999996,Domestic general government health expenditure (percent general government expenditure)
Guinea,GIN,2013,2.62132335,Domestic general government health expenditure (percent general government expenditure)
Guinea,GIN,2014,3.0261874200000003,Domestic general government health expenditure (percent general government expenditure)
Guinea,GIN,2015,1.97823358,Domestic general government health expenditure (percent general government expenditure)
Guinea,GIN,2016,4.1133785199999995,Domestic general government health expenditure (percent general government expenditure)
Guinea,GIN,2017,3.46282434,Domestic general government health expenditure (percent general government expenditure)
Guinea,GIN,2018,3.85050702,Domestic general government health expenditure (percent general government expenditure)
Guinea,GIN,2019,6.14852524,Domestic general government health expenditure (percent general government expenditure)
Guinea,GIN,2020,4.537097929999999,Domestic general government health expenditure (percent general government expenditure)
Guinea,GIN,2021,4.49041605,Domestic general government health expenditure (percent general government expenditure)
Guinea,GIN,2022,5.01546955,Domestic general government health expenditure (percent general government expenditure)
Guinea-Bissau,GNB,2001,2.52350521,Domestic general government health expenditure (percent general government expenditure)
Guinea-Bissau,GNB,2002,2.52350521,Domestic general government health expenditure (percent general government expenditure)
Guinea-Bissau,GNB,2003,2.52350521,Domestic general government health expenditure (percent general government expenditure)
Guinea-Bissau,GNB,2004,2.52350521,Domestic general government health expenditure (percent general government expenditure)
Guinea-Bissau,GNB,2005,2.52350521,Domestic general government health expenditure (percent general government expenditure)
Guinea-Bissau,GNB,2006,2.52350521,Domestic general government health expenditure (percent general government expenditure)
Guinea-Bissau,GNB,2007,2.52350521,Domestic general government health expenditure (percent general government expenditure)
Guinea-Bissau,GNB,2008,2.52350521,Domestic general government health expenditure (percent general government expenditure)
Guinea-Bissau,GNB,2009,2.52350521,Domestic general government health expenditure (percent general government expenditure)
Guinea-Bissau,GNB,2010,2.52350521,Domestic general government health expenditure (percent general government expenditure)
Guinea-Bissau,GNB,2011,2.52350521,Domestic general government health expenditure (percent general government expenditure)
Guinea-Bissau,GNB,2012,3.88817143,Domestic general government health expenditure (percent general government expenditure)
Guinea-Bissau,GNB,2013,4.44277668,Domestic general government health expenditure (percent general government expenditure)
Guinea-Bissau,GNB,2014,2.59810638,Domestic general government health expenditure (percent general government expenditure)
Guinea-Bissau,GNB,2015,2.501015419999999,Domestic general government health expenditure (percent general government expenditure)
Guinea-Bissau,GNB,2016,2.36231256,Domestic general government health expenditure (percent general government expenditure)
Guinea-Bissau,GNB,2017,2.75228286,Domestic general government health expenditure (percent general government expenditure)
Guinea-Bissau,GNB,2018,2.594297889999999,Domestic general government health expenditure (percent general government expenditure)
Guinea-Bissau,GNB,2019,2.44074059,Domestic general government health expenditure (percent general government expenditure)
Guinea-Bissau,GNB,2020,4.79536724,Domestic general government health expenditure (percent general government expenditure)
Guinea-Bissau,GNB,2021,4.55369139,Domestic general government health expenditure (percent general government expenditure)
Guinea-Bissau,GNB,2022,5.16119862,Domestic general government health expenditure (percent general government expenditure)
Kenya,KEN,2001,7.0889825800000015,Domestic general government health expenditure (percent general government expenditure)
Kenya,KEN,2002,7.0889825800000015,Domestic general government health expenditure (percent general government expenditure)
Kenya,KEN,2003,7.022429939999999,Domestic general government health expenditure (percent general government expenditure)
Kenya,KEN,2004,6.989377499999999,Domestic general government health expenditure (percent general government expenditure)
Kenya,KEN,2005,6.89238787,Domestic general government health expenditure (percent general government expenditure)
Kenya,KEN,2006,6.8128094699999995,Domestic general government health expenditure (percent general government expenditure)
Kenya,KEN,2007,7.039386270000001,Domestic general government health expenditure (percent general government expenditure)
Kenya,KEN,2008,7.17080498,Domestic general government health expenditure (percent general government expenditure)
Kenya,KEN,2009,7.200776100000001,Domestic general government health expenditure (percent general government expenditure)
Kenya,KEN,2010,7.244126320000001,Domestic general government health expenditure (percent general government expenditure)
Kenya,KEN,2011,7.981091020000001,Domestic general government health expenditure (percent general government expenditure)
Kenya,KEN,2012,7.35927916,Domestic general government health expenditure (percent general government expenditure)
Kenya,KEN,2013,7.149720670000001,Domestic general government health expenditure (percent general government expenditure)
Kenya,KEN,2014,7.845007899999999,Domestic general government health expenditure (percent general government expenditure)
Kenya,KEN,2015,8.074480059999999,Domestic general government health expenditure (percent general government expenditure)
Kenya,KEN,2016,8.02543449,Domestic general government health expenditure (percent general government expenditure)
Kenya,KEN,2017,6.79240465,Domestic general government health expenditure (percent general government expenditure)
Kenya,KEN,2018,7.218745229999999,Domestic general government health expenditure (percent general government expenditure)
Kenya,KEN,2019,8.227235790000002,Domestic general government health expenditure (percent general government expenditure)
Kenya,KEN,2020,8.91046047,Domestic general government health expenditure (percent general government expenditure)
Kenya,KEN,2021,9.28240871,Domestic general government health expenditure (percent general government expenditure)
Kenya,KEN,2022,8.65115547,Domestic general government health expenditure (percent general government expenditure)
Lesotho,LSO,2001,8.701341629999998,Domestic general government health expenditure (percent general government expenditure)
Lesotho,LSO,2002,7.72369576,Domestic general government health expenditure (percent general government expenditure)
Lesotho,LSO,2003,7.90368414,Domestic general government health expenditure (percent general government expenditure)
Lesotho,LSO,2004,8.25286293,Domestic general government health expenditure (percent general government expenditure)
Lesotho,LSO,2005,5.997832300000001,Domestic general government health expenditure (percent general government expenditure)
Lesotho,LSO,2006,7.053845409999999,Domestic general government health expenditure (percent general government expenditure)
Lesotho,LSO,2007,9.6424675,Domestic general government health expenditure (percent general government expenditure)
Lesotho,LSO,2008,8.081017490000002,Domestic general government health expenditure (percent general government expenditure)
Lesotho,LSO,2009,7.323049069999999,Domestic general government health expenditure (percent general government expenditure)
Lesotho,LSO,2010,7.1979928,Domestic general government health expenditure (percent general government expenditure)
Lesotho,LSO,2011,8.198874470000002,Domestic general government health expenditure (percent general government expenditure)
Lesotho,LSO,2012,9.674311640000004,Domestic general government health expenditure (percent general government expenditure)
Lesotho,LSO,2013,10.487746240000002,Domestic general government health expenditure (percent general government expenditure)
Lesotho,LSO,2014,11.59240246,Domestic general government health expenditure (percent general government expenditure)
Lesotho,LSO,2015,10.86027813,Domestic general government health expenditure (percent general government expenditure)
Lesotho,LSO,2016,10.33607674,Domestic general government health expenditure (percent general government expenditure)
Lesotho,LSO,2017,11.97283363,Domestic general government health expenditure (percent general government expenditure)
Lesotho,LSO,2018,10.77791023,Domestic general government health expenditure (percent general government expenditure)
Lesotho,LSO,2019,12.62152004,Domestic general government health expenditure (percent general government expenditure)
Lesotho,LSO,2020,8.949593539999999,Domestic general government health expenditure (percent general government expenditure)
Lesotho,LSO,2021,8.15242481,Domestic general government health expenditure (percent general government expenditure)
Lesotho,LSO,2022,13.120540620000003,Domestic general government health expenditure (percent general government expenditure)
Liberia,LBR,2001,4.25491762,Domestic general government health expenditure (percent general government expenditure)
Liberia,LBR,2002,4.25491762,Domestic general government health expenditure (percent general government expenditure)
Liberia,LBR,2003,4.25491762,Domestic general government health expenditure (percent general government expenditure)
Liberia,LBR,2004,4.25491762,Domestic general government health expenditure (percent general government expenditure)
Liberia,LBR,2005,4.25491762,Domestic general government health expenditure (percent general government expenditure)
Liberia,LBR,2006,4.25491762,Domestic general government health expenditure (percent general government expenditure)
Liberia,LBR,2007,4.25491762,Domestic general government health expenditure (percent general government expenditure)
Liberia,LBR,2008,4.25491762,Domestic general government health expenditure (percent general government expenditure)
Liberia,LBR,2009,5.046602249999999,Domestic general government health expenditure (percent general government expenditure)
Liberia,LBR,2010,5.046602249999999,Domestic general government health expenditure (percent general government expenditure)
Liberia,LBR,2011,5.046602249999999,Domestic general government health expenditure (percent general government expenditure)
Liberia,LBR,2012,5.046602249999999,Domestic general government health expenditure (percent general government expenditure)
Liberia,LBR,2013,1.24849629,Domestic general government health expenditure (percent general government expenditure)
Liberia,LBR,2014,2.46118927,Domestic general government health expenditure (percent general government expenditure)
Liberia,LBR,2015,3.2433903199999996,Domestic general government health expenditure (percent general government expenditure)
Liberia,LBR,2016,3.89701653,Domestic general government health expenditure (percent general government expenditure)
Liberia,LBR,2017,3.9551458399999992,Domestic general government health expenditure (percent general government expenditure)
Liberia,LBR,2018,5.166229249999999,Domestic general government health expenditure (percent general government expenditure)
Liberia,LBR,2019,4.19834614,Domestic general government health expenditure (percent general government expenditure)
Liberia,LBR,2020,3.7481868299999994,Domestic general government health expenditure (percent general government expenditure)
Liberia,LBR,2021,3.730201239999999,Domestic general government health expenditure (percent general government expenditure)
Liberia,LBR,2022,4.79117155,Domestic general government health expenditure (percent general government expenditure)
Libya,LBY,2001,5.78298664,Domestic general government health expenditure (percent general government expenditure)
Libya,LBY,2002,7.75643206,Domestic general government health expenditure (percent general government expenditure)
Libya,LBY,2003,6.30859995,Domestic general government health expenditure (percent general government expenditure)
Libya,LBY,2004,5.42119884,Domestic general government health expenditure (percent general government expenditure)
Libya,LBY,2005,5.780624869999999,Domestic general government health expenditure (percent general government expenditure)
Libya,LBY,2006,5.27548695,Domestic general government health expenditure (percent general government expenditure)
Libya,LBY,2007,4.812982079999999,Domestic general government health expenditure (percent general government expenditure)
Libya,LBY,2008,3.700790639999999,Domestic general government health expenditure (percent general government expenditure)
Libya,LBY,2009,4.089039329999999,Domestic general government health expenditure (percent general government expenditure)
Libya,LBY,2010,4.33412743,Domestic general government health expenditure (percent general government expenditure)
Libya,LBY,2011,6.419583800000001,Domestic general government health expenditure (percent general government expenditure)
Libya,LBY,2012,7.412574770000001,Domestic general government health expenditure (percent general government expenditure)
Libya,LBY,2013,4.9712419500000005,Domestic general government health expenditure (percent general government expenditure)
Libya,LBY,2014,5.71347761,Domestic general government health expenditure (percent general government expenditure)
Libya,LBY,2015,7.51431656,Domestic general government health expenditure (percent general government expenditure)
Libya,LBY,2016,9.90810204,Domestic general government health expenditure (percent general government expenditure)
Libya,LBY,2017,8.862677569999999,Domestic general government health expenditure (percent general government expenditure)
Libya,LBY,2018,9.27033234,Domestic general government health expenditure (percent general government expenditure)
Libya,LBY,2019,8.36049366,Domestic general government health expenditure (percent general government expenditure)
Libya,LBY,2020,9.74319744,Domestic general government health expenditure (percent general government expenditure)
Libya,LBY,2021,6.911469940000001,Domestic general government health expenditure (percent general government expenditure)
Libya,LBY,2022,5.06275082,Domestic general government health expenditure (percent general government expenditure)
Madagascar,MDG,2001,12.01517391,Domestic general government health expenditure (percent general government expenditure)
Madagascar,MDG,2002,14.01566982,Domestic general government health expenditure (percent general government expenditure)
Madagascar,MDG,2003,13.09897804,Domestic general government health expenditure (percent general government expenditure)
Madagascar,MDG,2004,10.02646637,Domestic general government health expenditure (percent general government expenditure)
Madagascar,MDG,2005,10.53517532,Domestic general government health expenditure (percent general government expenditure)
Madagascar,MDG,2006,10.246590609999998,Domestic general government health expenditure (percent general government expenditure)
Madagascar,MDG,2007,11.84111977,Domestic general government health expenditure (percent general government expenditure)
Madagascar,MDG,2008,8.981694220000001,Domestic general government health expenditure (percent general government expenditure)
Madagascar,MDG,2009,10.45279503,Domestic general government health expenditure (percent general government expenditure)
Madagascar,MDG,2010,15.20980263,Domestic general government health expenditure (percent general government expenditure)
Madagascar,MDG,2011,13.936785699999998,Domestic general government health expenditure (percent general government expenditure)
Madagascar,MDG,2012,12.93699551,Domestic general government health expenditure (percent general government expenditure)
Madagascar,MDG,2013,10.268065449999998,Domestic general government health expenditure (percent general government expenditure)
Madagascar,MDG,2014,13.92414951,Domestic general government health expenditure (percent general government expenditure)
Madagascar,MDG,2015,15.27427959,Domestic general government health expenditure (percent general government expenditure)
Madagascar,MDG,2016,17.51086807,Domestic general government health expenditure (percent general government expenditure)
Madagascar,MDG,2017,15.032087330000005,Domestic general government health expenditure (percent general government expenditure)
Madagascar,MDG,2018,10.42956638,Domestic general government health expenditure (percent general government expenditure)
Madagascar,MDG,2019,4.44415092,Domestic general government health expenditure (percent general government expenditure)
Madagascar,MDG,2020,4.21817684,Domestic general government health expenditure (percent general government expenditure)
Madagascar,MDG,2021,5.377794270000001,Domestic general government health expenditure (percent general government expenditure)
Madagascar,MDG,2022,5.74065638,Domestic general government health expenditure (percent general government expenditure)
Malawi,MWI,2001,7.042603489999999,Domestic general government health expenditure (percent general government expenditure)
Malawi,MWI,2002,7.042603489999999,Domestic general government health expenditure (percent general government expenditure)
Malawi,MWI,2003,7.633512499999999,Domestic general government health expenditure (percent general government expenditure)
Malawi,MWI,2004,4.99515104,Domestic general government health expenditure (percent general government expenditure)
Malawi,MWI,2005,6.037830349999999,Domestic general government health expenditure (percent general government expenditure)
Malawi,MWI,2006,5.29271793,Domestic general government health expenditure (percent general government expenditure)
Malawi,MWI,2007,3.54459715,Domestic general government health expenditure (percent general government expenditure)
Malawi,MWI,2008,6.6249685299999985,Domestic general government health expenditure (percent general government expenditure)
Malawi,MWI,2009,5.2324380900000005,Domestic general government health expenditure (percent general government expenditure)
Malawi,MWI,2010,5.77464294,Domestic general government health expenditure (percent general government expenditure)
Malawi,MWI,2011,6.77999687,Domestic general government health expenditure (percent general government expenditure)
Malawi,MWI,2012,5.09623861,Domestic general government health expenditure (percent general government expenditure)
Malawi,MWI,2013,7.15567255,Domestic general government health expenditure (percent general government expenditure)
Malawi,MWI,2014,8.580904960000002,Domestic general government health expenditure (percent general government expenditure)
Malawi,MWI,2015,9.72891998,Domestic general government health expenditure (percent general government expenditure)
Malawi,MWI,2016,9.67796707,Domestic general government health expenditure (percent general government expenditure)
Malawi,MWI,2017,8.189613340000001,Domestic general government health expenditure (percent general government expenditure)
Malawi,MWI,2018,8.713311200000001,Domestic general government health expenditure (percent general government expenditure)
Malawi,MWI,2019,7.938600540000001,Domestic general government health expenditure (percent general government expenditure)
Malawi,MWI,2020,6.873320099999999,Domestic general government health expenditure (percent general government expenditure)
Malawi,MWI,2021,5.756381029999998,Domestic general government health expenditure (percent general government expenditure)
Malawi,MWI,2022,3.28711009,Domestic general government health expenditure (percent general government expenditure)
Mali,MLI,2001,5.746598240000001,Domestic general government health expenditure (percent general government expenditure)
Mali,MLI,2002,5.56610441,Domestic general government health expenditure (percent general government expenditure)
Mali,MLI,2003,6.78598738,Domestic general government health expenditure (percent general government expenditure)
Mali,MLI,2004,7.30055523,Domestic general government health expenditure (percent general government expenditure)
Mali,MLI,2005,6.458213330000001,Domestic general government health expenditure (percent general government expenditure)
Mali,MLI,2006,5.54589033,Domestic general government health expenditure (percent general government expenditure)
Mali,MLI,2007,4.63811064,Domestic general government health expenditure (percent general government expenditure)
Mali,MLI,2008,3.79411221,Domestic general government health expenditure (percent general government expenditure)
Mali,MLI,2009,2.9260630599999997,Domestic general government health expenditure (percent general government expenditure)
Mali,MLI,2010,3.301540610000001,Domestic general government health expenditure (percent general government expenditure)
Mali,MLI,2011,2.94121766,Domestic general government health expenditure (percent general government expenditure)
Mali,MLI,2012,2.66254425,Domestic general government health expenditure (percent general government expenditure)
Mali,MLI,2013,4.128911020000002,Domestic general government health expenditure (percent general government expenditure)
Mali,MLI,2014,4.454732890000001,Domestic general government health expenditure (percent general government expenditure)
Mali,MLI,2015,4.39033413,Domestic general government health expenditure (percent general government expenditure)
Mali,MLI,2016,5.430633070000001,Domestic general government health expenditure (percent general government expenditure)
Mali,MLI,2017,5.137262819999999,Domestic general government health expenditure (percent general government expenditure)
Mali,MLI,2018,5.66878557,Domestic general government health expenditure (percent general government expenditure)
Mali,MLI,2019,4.835014339999999,Domestic general government health expenditure (percent general government expenditure)
Mali,MLI,2020,5.37126255,Domestic general government health expenditure (percent general government expenditure)
Mali,MLI,2021,5.037431239999999,Domestic general government health expenditure (percent general government expenditure)
Mali,MLI,2022,5.685974120000001,Domestic general government health expenditure (percent general government expenditure)
Mauritania,MRT,2001,2.42193055,Domestic general government health expenditure (percent general government expenditure)
Mauritania,MRT,2002,3.5824010399999997,Domestic general government health expenditure (percent general government expenditure)
Mauritania,MRT,2003,2.6066830199999997,Domestic general government health expenditure (percent general government expenditure)
Mauritania,MRT,2004,2.96115541,Domestic general government health expenditure (percent general government expenditure)
Mauritania,MRT,2005,3.84421062,Domestic general government health expenditure (percent general government expenditure)
Mauritania,MRT,2006,3.559678079999999,Domestic general government health expenditure (percent general government expenditure)
Mauritania,MRT,2007,3.88567042,Domestic general government health expenditure (percent general government expenditure)
Mauritania,MRT,2008,4.480345250000001,Domestic general government health expenditure (percent general government expenditure)
Mauritania,MRT,2009,4.476241589999999,Domestic general government health expenditure (percent general government expenditure)
Mauritania,MRT,2010,4.22304821,Domestic general government health expenditure (percent general government expenditure)
Mauritania,MRT,2011,4.400928970000001,Domestic general government health expenditure (percent general government expenditure)
Mauritania,MRT,2012,4.166985510000001,Domestic general government health expenditure (percent general government expenditure)
Mauritania,MRT,2013,5.38500309,Domestic general government health expenditure (percent general government expenditure)
Mauritania,MRT,2014,5.24069929,Domestic general government health expenditure (percent general government expenditure)
Mauritania,MRT,2015,5.530210970000001,Domestic general government health expenditure (percent general government expenditure)
Mauritania,MRT,2016,5.75632954,Domestic general government health expenditure (percent general government expenditure)
Mauritania,MRT,2017,6.0655999199999995,Domestic general government health expenditure (percent general government expenditure)
Mauritania,MRT,2018,4.797127720000001,Domestic general government health expenditure (percent general government expenditure)
Mauritania,MRT,2019,6.177919859999999,Domestic general government health expenditure (percent general government expenditure)
Mauritania,MRT,2020,5.4164910299999995,Domestic general government health expenditure (percent general government expenditure)
Mauritania,MRT,2021,7.204095359999999,Domestic general government health expenditure (percent general government expenditure)
Mauritania,MRT,2022,6.28199959,Domestic general government health expenditure (percent general government expenditure)
Mauritius,MUS,2001,7.015892030000001,Domestic general government health expenditure (percent general government expenditure)
Mauritius,MUS,2002,7.245552540000001,Domestic general government health expenditure (percent general government expenditure)
Mauritius,MUS,2003,7.119173529999998,Domestic general government health expenditure (percent general government expenditure)
Mauritius,MUS,2004,7.994419570000001,Domestic general government health expenditure (percent general government expenditure)
Mauritius,MUS,2005,7.362707609999999,Domestic general government health expenditure (percent general government expenditure)
Mauritius,MUS,2006,7.302484040000001,Domestic general government health expenditure (percent general government expenditure)
Mauritius,MUS,2007,6.8428731,Domestic general government health expenditure (percent general government expenditure)
Mauritius,MUS,2008,6.12254477,Domestic general government health expenditure (percent general government expenditure)
Mauritius,MUS,2009,6.28173685,Domestic general government health expenditure (percent general government expenditure)
Mauritius,MUS,2010,8.29588032,Domestic general government health expenditure (percent general government expenditure)
Mauritius,MUS,2011,7.36220407,Domestic general government health expenditure (percent general government expenditure)
Mauritius,MUS,2012,8.319043159999998,Domestic general government health expenditure (percent general government expenditure)
Mauritius,MUS,2013,8.00718403,Domestic general government health expenditure (percent general government expenditure)
Mauritius,MUS,2014,10.52838707,Domestic general government health expenditure (percent general government expenditure)
Mauritius,MUS,2015,9.45841885,Domestic general government health expenditure (percent general government expenditure)
Mauritius,MUS,2016,10.2022686,Domestic general government health expenditure (percent general government expenditure)
Mauritius,MUS,2017,10.20433331,Domestic general government health expenditure (percent general government expenditure)
Mauritius,MUS,2018,10.20625019,Domestic general government health expenditure (percent general government expenditure)
Mauritius,MUS,2019,9.0032053,Domestic general government health expenditure (percent general government expenditure)
Mauritius,MUS,2020,8.99296188,Domestic general government health expenditure (percent general government expenditure)
Mauritius,MUS,2021,10.8982172,Domestic general government health expenditure (percent general government expenditure)
Mauritius,MUS,2022,9.393732070000002,Domestic general government health expenditure (percent general government expenditure)
Morocco,MAR,2001,4.23062134,Domestic general government health expenditure (percent general government expenditure)
Morocco,MAR,2002,4.18854809,Domestic general government health expenditure (percent general government expenditure)
Morocco,MAR,2003,4.14071369,Domestic general government health expenditure (percent general government expenditure)
Morocco,MAR,2004,4.12965059,Domestic general government health expenditure (percent general government expenditure)
Morocco,MAR,2005,3.8501186399999994,Domestic general government health expenditure (percent general government expenditure)
Morocco,MAR,2006,5.01113462,Domestic general government health expenditure (percent general government expenditure)
Morocco,MAR,2007,5.35828495,Domestic general government health expenditure (percent general government expenditure)
Morocco,MAR,2008,5.31417799,Domestic general government health expenditure (percent general government expenditure)
Morocco,MAR,2009,6.1230468799999995,Domestic general government health expenditure (percent general government expenditure)
Morocco,MAR,2010,6.064290520000001,Domestic general government health expenditure (percent general government expenditure)
Morocco,MAR,2011,5.79278231,Domestic general government health expenditure (percent general government expenditure)
Morocco,MAR,2012,5.695454120000001,Domestic general government health expenditure (percent general government expenditure)
Morocco,MAR,2013,6.00545788,Domestic general government health expenditure (percent general government expenditure)
Morocco,MAR,2014,6.83858538,Domestic general government health expenditure (percent general government expenditure)
Morocco,MAR,2015,6.97614002,Domestic general government health expenditure (percent general government expenditure)
Morocco,MAR,2016,7.023114680000001,Domestic general government health expenditure (percent general government expenditure)
Morocco,MAR,2017,7.123536109999999,Domestic general government health expenditure (percent general government expenditure)
Morocco,MAR,2018,7.181965349999999,Domestic general government health expenditure (percent general government expenditure)
Morocco,MAR,2019,7.394980909999998,Domestic general government health expenditure (percent general government expenditure)
Morocco,MAR,2020,7.2206831,Domestic general government health expenditure (percent general government expenditure)
Morocco,MAR,2021,7.221797939999999,Domestic general government health expenditure (percent general government expenditure)
Morocco,MAR,2022,6.820218559999999,Domestic general government health expenditure (percent general government expenditure)
Mozambique,MOZ,2001,6.316649439999999,Domestic general government health expenditure (percent general government expenditure)
Mozambique,MOZ,2002,6.316649439999999,Domestic general government health expenditure (percent general government expenditure)
Mozambique,MOZ,2003,6.316649439999999,Domestic general government health expenditure (percent general government expenditure)
Mozambique,MOZ,2004,6.316649439999999,Domestic general government health expenditure (percent general government expenditure)
Mozambique,MOZ,2005,8.39700031,Domestic general government health expenditure (percent general government expenditure)
Mozambique,MOZ,2006,5.6725707100000005,Domestic general government health expenditure (percent general government expenditure)
Mozambique,MOZ,2007,5.602903840000001,Domestic general government health expenditure (percent general government expenditure)
Mozambique,MOZ,2008,5.668106560000001,Domestic general government health expenditure (percent general government expenditure)
Mozambique,MOZ,2009,4.965213299999999,Domestic general government health expenditure (percent general government expenditure)
Mozambique,MOZ,2010,4.672414779999999,Domestic general government health expenditure (percent general government expenditure)
Mozambique,MOZ,2011,4.34422016,Domestic general government health expenditure (percent general government expenditure)
Mozambique,MOZ,2012,4.394596099999999,Domestic general government health expenditure (percent general government expenditure)
Mozambique,MOZ,2013,4.72615862,Domestic general government health expenditure (percent general government expenditure)
Mozambique,MOZ,2014,4.317281720000001,Domestic general government health expenditure (percent general government expenditure)
Mozambique,MOZ,2015,5.554437639999999,Domestic general government health expenditure (percent general government expenditure)
Mozambique,MOZ,2016,5.998897079999999,Domestic general government health expenditure (percent general government expenditure)
Mozambique,MOZ,2017,5.99591827,Domestic general government health expenditure (percent general government expenditure)
Mozambique,MOZ,2018,5.764763359999999,Domestic general government health expenditure (percent general government expenditure)
Mozambique,MOZ,2019,6.52197027,Domestic general government health expenditure (percent general government expenditure)
Mozambique,MOZ,2020,7.397186279999998,Domestic general government health expenditure (percent general government expenditure)
Mozambique,MOZ,2021,8.15276432,Domestic general government health expenditure (percent general government expenditure)
Mozambique,MOZ,2022,8.0444231,Domestic general government health expenditure (percent general government expenditure)
Namibia,NAM,2001,15.981916430000002,Domestic general government health expenditure (percent general government expenditure)
Namibia,NAM,2002,17.18019867,Domestic general government health expenditure (percent general government expenditure)
Namibia,NAM,2003,16.82404709,Domestic general government health expenditure (percent general government expenditure)
Namibia,NAM,2004,17.392595289999996,Domestic general government health expenditure (percent general government expenditure)
Namibia,NAM,2005,16.26776886,Domestic general government health expenditure (percent general government expenditure)
Namibia,NAM,2006,15.75332451,Domestic general government health expenditure (percent general government expenditure)
Namibia,NAM,2007,17.978948589999998,Domestic general government health expenditure (percent general government expenditure)
Namibia,NAM,2008,14.549841880000002,Domestic general government health expenditure (percent general government expenditure)
Namibia,NAM,2009,10.818129540000005,Domestic general government health expenditure (percent general government expenditure)
Namibia,NAM,2010,11.91450977,Domestic general government health expenditure (percent general government expenditure)
Namibia,NAM,2011,10.63667202,Domestic general government health expenditure (percent general government expenditure)
Namibia,NAM,2012,11.04577351,Domestic general government health expenditure (percent general government expenditure)
Namibia,NAM,2013,10.91460514,Domestic general government health expenditure (percent general government expenditure)
Namibia,NAM,2014,9.29264355,Domestic general government health expenditure (percent general government expenditure)
Namibia,NAM,2015,9.645800590000002,Domestic general government health expenditure (percent general government expenditure)
Namibia,NAM,2016,10.46828175,Domestic general government health expenditure (percent general government expenditure)
Namibia,NAM,2017,10.65234089,Domestic general government health expenditure (percent general government expenditure)
Namibia,NAM,2018,9.98526669,Domestic general government health expenditure (percent general government expenditure)
Namibia,NAM,2019,9.685552599999998,Domestic general government health expenditure (percent general government expenditure)
Namibia,NAM,2020,10.74061012,Domestic general government health expenditure (percent general government expenditure)
Namibia,NAM,2021,11.23579884,Domestic general government health expenditure (percent general government expenditure)
Namibia,NAM,2022,11.73687458,Domestic general government health expenditure (percent general government expenditure)
Niger,NER,2001,8.34352493,Domestic general government health expenditure (percent general government expenditure)
Niger,NER,2002,8.355998040000001,Domestic general government health expenditure (percent general government expenditure)
Niger,NER,2003,7.629894259999999,Domestic general government health expenditure (percent general government expenditure)
Niger,NER,2004,7.34862614,Domestic general government health expenditure (percent general government expenditure)
Niger,NER,2005,12.34742451,Domestic general government health expenditure (percent general government expenditure)
Niger,NER,2006,13.54461861,Domestic general government health expenditure (percent general government expenditure)
Niger,NER,2007,8.63178158,Domestic general government health expenditure (percent general government expenditure)
Niger,NER,2008,9.1883316,Domestic general government health expenditure (percent general government expenditure)
Niger,NER,2009,8.694140430000001,Domestic general government health expenditure (percent general government expenditure)
Niger,NER,2010,9.17788696,Domestic general government health expenditure (percent general government expenditure)
Niger,NER,2011,8.299738880000001,Domestic general government health expenditure (percent general government expenditure)
Niger,NER,2012,6.249121189999999,Domestic general government health expenditure (percent general government expenditure)
Niger,NER,2013,6.555336479999999,Domestic general government health expenditure (percent general government expenditure)
Niger,NER,2014,5.40269423,Domestic general government health expenditure (percent general government expenditure)
Niger,NER,2015,4.586344720000001,Domestic general government health expenditure (percent general government expenditure)
Niger,NER,2016,5.685809139999999,Domestic general government health expenditure (percent general government expenditure)
Niger,NER,2017,9.66281414,Domestic general government health expenditure (percent general government expenditure)
Niger,NER,2018,8.349277500000001,Domestic general government health expenditure (percent general government expenditure)
Niger,NER,2019,9.37940311,Domestic general government health expenditure (percent general government expenditure)
Niger,NER,2020,10.34436893,Domestic general government health expenditure (percent general government expenditure)
Niger,NER,2021,8.747357370000001,Domestic general government health expenditure (percent general government expenditure)
Niger,NER,2022,7.1149826,Domestic general government health expenditure (percent general government expenditure)
Nigeria,NGA,2001,2.77955914,Domestic general government health expenditure (percent general government expenditure)
Nigeria,NGA,2002,2.74149632,Domestic general government health expenditure (percent general government expenditure)
Nigeria,NGA,2003,4.00685167,Domestic general government health expenditure (percent general government expenditure)
Nigeria,NGA,2004,6.55428886,Domestic general government health expenditure (percent general government expenditure)
Nigeria,NGA,2005,6.40770292,Domestic general government health expenditure (percent general government expenditure)
Nigeria,NGA,2006,7.32234478,Domestic general government health expenditure (percent general government expenditure)
Nigeria,NGA,2007,4.29357767,Domestic general government health expenditure (percent general government expenditure)
Nigeria,NGA,2008,4.594045159999999,Domestic general government health expenditure (percent general government expenditure)
Nigeria,NGA,2009,3.69395757,Domestic general government health expenditure (percent general government expenditure)
Nigeria,NGA,2010,2.70293093,Domestic general government health expenditure (percent general government expenditure)
Nigeria,NGA,2011,2.7714133299999997,Domestic general government health expenditure (percent general government expenditure)
Nigeria,NGA,2012,3.66798377,Domestic general government health expenditure (percent general government expenditure)
Nigeria,NGA,2013,3.45903826,Domestic general government health expenditure (percent general government expenditure)
Nigeria,NGA,2014,3.336380000000001,Domestic general government health expenditure (percent general government expenditure)
Nigeria,NGA,2015,5.3312463800000005,Domestic general government health expenditure (percent general government expenditure)
Nigeria,NGA,2016,4.8661375,Domestic general government health expenditure (percent general government expenditure)
Nigeria,NGA,2017,4.4423522900000005,Domestic general government health expenditure (percent general government expenditure)
Nigeria,NGA,2018,3.8811214,Domestic general government health expenditure (percent general government expenditure)
Nigeria,NGA,2019,3.75164723,Domestic general government health expenditure (percent general government expenditure)
Nigeria,NGA,2020,4.18345547,Domestic general government health expenditure (percent general government expenditure)
Nigeria,NGA,2021,4.30794764,Domestic general government health expenditure (percent general government expenditure)
Nigeria,NGA,2022,4.30794764,Domestic general government health expenditure (percent general government expenditure)
Rwanda,RWA,2001,3.66130519,Domestic general government health expenditure (percent general government expenditure)
Rwanda,RWA,2002,3.70572662,Domestic general government health expenditure (percent general government expenditure)
Rwanda,RWA,2003,12.45489502,Domestic general government health expenditure (percent general government expenditure)
Rwanda,RWA,2004,10.78895473,Domestic general government health expenditure (percent general government expenditure)
Rwanda,RWA,2005,8.09271908,Domestic general government health expenditure (percent general government expenditure)
Rwanda,RWA,2006,7.202700609999999,Domestic general government health expenditure (percent general government expenditure)
Rwanda,RWA,2007,7.792907240000001,Domestic general government health expenditure (percent general government expenditure)
Rwanda,RWA,2008,8.076321599999998,Domestic general government health expenditure (percent general government expenditure)
Rwanda,RWA,2009,8.43024445,Domestic general government health expenditure (percent general government expenditure)
Rwanda,RWA,2010,8.55642414,Domestic general government health expenditure (percent general government expenditure)
Rwanda,RWA,2011,8.90067959,Domestic general government health expenditure (percent general government expenditure)
Rwanda,RWA,2012,8.36301804,Domestic general government health expenditure (percent general government expenditure)
Rwanda,RWA,2013,8.304118159999998,Domestic general government health expenditure (percent general government expenditure)
Rwanda,RWA,2014,7.981906409999999,Domestic general government health expenditure (percent general government expenditure)
Rwanda,RWA,2015,7.9149455999999985,Domestic general government health expenditure (percent general government expenditure)
Rwanda,RWA,2016,8.88277149,Domestic general government health expenditure (percent general government expenditure)
Rwanda,RWA,2017,8.88277149,Domestic general government health expenditure (percent general government expenditure)
Rwanda,RWA,2018,8.88277149,Domestic general government health expenditure (percent general government expenditure)
Rwanda,RWA,2019,8.92867947,Domestic general government health expenditure (percent general government expenditure)
Rwanda,RWA,2020,9.0438261,Domestic general government health expenditure (percent general government expenditure)
Rwanda,RWA,2021,9.47249985,Domestic general government health expenditure (percent general government expenditure)
Rwanda,RWA,2022,9.47249985,Domestic general government health expenditure (percent general government expenditure)
Sao Tome and Principe,STP,2001,6.991051199999999,Domestic general government health expenditure (percent general government expenditure)
Sao Tome and Principe,STP,2002,8.49531841,Domestic general government health expenditure (percent general government expenditure)
Sao Tome and Principe,STP,2003,11.63808823,Domestic general government health expenditure (percent general government expenditure)
Sao Tome and Principe,STP,2004,8.5290432,Domestic general government health expenditure (percent general government expenditure)
Sao Tome and Principe,STP,2005,11.440193179999998,Domestic general government health expenditure (percent general government expenditure)
Sao Tome and Principe,STP,2006,1.64842212,Domestic general government health expenditure (percent general government expenditure)
Sao Tome and Principe,STP,2007,4.275441170000001,Domestic general government health expenditure (percent general government expenditure)
Sao Tome and Principe,STP,2008,4.01797581,Domestic general government health expenditure (percent general government expenditure)
Sao Tome and Principe,STP,2009,3.2723731999999996,Domestic general government health expenditure (percent general government expenditure)
Sao Tome and Principe,STP,2010,4.100284579999999,Domestic general government health expenditure (percent general government expenditure)
Sao Tome and Principe,STP,2011,4.30936193,Domestic general government health expenditure (percent general government expenditure)
Sao Tome and Principe,STP,2012,4.56686974,Domestic general government health expenditure (percent general government expenditure)
Sao Tome and Principe,STP,2013,8.440089230000002,Domestic general government health expenditure (percent general government expenditure)
Sao Tome and Principe,STP,2014,7.77581406,Domestic general government health expenditure (percent general government expenditure)
Sao Tome and Principe,STP,2015,4.936841009999999,Domestic general government health expenditure (percent general government expenditure)
Sao Tome and Principe,STP,2016,8.002157209999998,Domestic general government health expenditure (percent general government expenditure)
Sao Tome and Principe,STP,2017,10.76263332,Domestic general government health expenditure (percent general government expenditure)
Sao Tome and Principe,STP,2018,9.38566875,Domestic general government health expenditure (percent general government expenditure)
Sao Tome and Principe,STP,2019,9.777804370000002,Domestic general government health expenditure (percent general government expenditure)
Sao Tome and Principe,STP,2020,12.80399513,Domestic general government health expenditure (percent general government expenditure)
Sao Tome and Principe,STP,2021,13.14262199,Domestic general government health expenditure (percent general government expenditure)
Sao Tome and Principe,STP,2022,14.93853188,Domestic general government health expenditure (percent general government expenditure)
Senegal,SEN,2001,9.010532379999995,Domestic general government health expenditure (percent general government expenditure)
Senegal,SEN,2002,8.636359209999998,Domestic general government health expenditure (percent general government expenditure)
Senegal,SEN,2003,9.04788303,Domestic general government health expenditure (percent general government expenditure)
Senegal,SEN,2004,8.96697044,Domestic general government health expenditure (percent general government expenditure)
Senegal,SEN,2005,8.544135090000001,Domestic general government health expenditure (percent general government expenditure)
Senegal,SEN,2006,8.266728400000002,Domestic general government health expenditure (percent general government expenditure)
Senegal,SEN,2007,5.9480786299999995,Domestic general government health expenditure (percent general government expenditure)
Senegal,SEN,2008,6.624814990000002,Domestic general government health expenditure (percent general government expenditure)
Senegal,SEN,2009,6.660274029999998,Domestic general government health expenditure (percent general government expenditure)
Senegal,SEN,2010,5.35332537,Domestic general government health expenditure (percent general government expenditure)
Senegal,SEN,2011,5.628116610000001,Domestic general government health expenditure (percent general government expenditure)
Senegal,SEN,2012,5.3075590099999985,Domestic general government health expenditure (percent general government expenditure)
Senegal,SEN,2013,5.299931999999999,Domestic general government health expenditure (percent general government expenditure)
Senegal,SEN,2014,4.67551136,Domestic general government health expenditure (percent general government expenditure)
Senegal,SEN,2015,4.69870329,Domestic general government health expenditure (percent general government expenditure)
Senegal,SEN,2016,4.45693302,Domestic general government health expenditure (percent general government expenditure)
Senegal,SEN,2017,4.49900484,Domestic general government health expenditure (percent general government expenditure)
Senegal,SEN,2018,4.96151876,Domestic general government health expenditure (percent general government expenditure)
Senegal,SEN,2019,4.372017380000001,Domestic general government health expenditure (percent general government expenditure)
Senegal,SEN,2020,6.48109436,Domestic general government health expenditure (percent general government expenditure)
Senegal,SEN,2021,4.65546513,Domestic general government health expenditure (percent general government expenditure)
Senegal,SEN,2022,3.3719506299999993,Domestic general government health expenditure (percent general government expenditure)
Seychelles,SYC,2001,8.02577591,Domestic general government health expenditure (percent general government expenditure)
Seychelles,SYC,2002,6.45610762,Domestic general government health expenditure (percent general government expenditure)
Seychelles,SYC,2003,9.28865337,Domestic general government health expenditure (percent general government expenditure)
Seychelles,SYC,2004,9.5548315,Domestic general government health expenditure (percent general government expenditure)
Seychelles,SYC,2005,9.28934002,Domestic general government health expenditure (percent general government expenditure)
Seychelles,SYC,2006,7.907297130000001,Domestic general government health expenditure (percent general government expenditure)
Seychelles,SYC,2007,7.26253414,Domestic general government health expenditure (percent general government expenditure)
Seychelles,SYC,2008,8.901844020000002,Domestic general government health expenditure (percent general government expenditure)
Seychelles,SYC,2009,7.43247128,Domestic general government health expenditure (percent general government expenditure)
Seychelles,SYC,2010,8.983430859999999,Domestic general government health expenditure (percent general government expenditure)
Seychelles,SYC,2011,8.293142320000001,Domestic general government health expenditure (percent general government expenditure)
Seychelles,SYC,2012,10.41374016,Domestic general government health expenditure (percent general government expenditure)
Seychelles,SYC,2013,8.48182392,Domestic general government health expenditure (percent general government expenditure)
Seychelles,SYC,2014,9.73483181,Domestic general government health expenditure (percent general government expenditure)
Seychelles,SYC,2015,10.03016472,Domestic general government health expenditure (percent general government expenditure)
Seychelles,SYC,2016,9.50185108,Domestic general government health expenditure (percent general government expenditure)
Seychelles,SYC,2017,10.139220239999998,Domestic general government health expenditure (percent general government expenditure)
Seychelles,SYC,2018,10.17943954,Domestic general government health expenditure (percent general government expenditure)
Seychelles,SYC,2019,10.17943954,Domestic general government health expenditure (percent general government expenditure)
Seychelles,SYC,2020,10.17943954,Domestic general government health expenditure (percent general government expenditure)
Seychelles,SYC,2021,10.17943954,Domestic general government health expenditure (percent general government expenditure)
Seychelles,SYC,2022,10.17943954,Domestic general government health expenditure (percent general government expenditure)
Sierra Leone,SLE,2001,5.450975420000001,Domestic general government health expenditure (percent general government expenditure)
Sierra Leone,SLE,2002,5.450975420000001,Domestic general government health expenditure (percent general government expenditure)
Sierra Leone,SLE,2003,5.450975420000001,Domestic general government health expenditure (percent general government expenditure)
Sierra Leone,SLE,2004,5.450975420000001,Domestic general government health expenditure (percent general government expenditure)
Sierra Leone,SLE,2005,5.450975420000001,Domestic general government health expenditure (percent general government expenditure)
Sierra Leone,SLE,2006,5.450975420000001,Domestic general government health expenditure (percent general government expenditure)
Sierra Leone,SLE,2007,5.450975420000001,Domestic general government health expenditure (percent general government expenditure)
Sierra Leone,SLE,2008,4.41303635,Domestic general government health expenditure (percent general government expenditure)
Sierra Leone,SLE,2009,5.60554171,Domestic general government health expenditure (percent general government expenditure)
Sierra Leone,SLE,2010,6.5142416999999995,Domestic general government health expenditure (percent general government expenditure)
Sierra Leone,SLE,2011,5.35433006,Domestic general government health expenditure (percent general government expenditure)
Sierra Leone,SLE,2012,4.75321102,Domestic general government health expenditure (percent general government expenditure)
Sierra Leone,SLE,2013,5.15012884,Domestic general government health expenditure (percent general government expenditure)
Sierra Leone,SLE,2014,7.579884530000001,Domestic general government health expenditure (percent general government expenditure)
Sierra Leone,SLE,2015,6.205217839999999,Domestic general government health expenditure (percent general government expenditure)
Sierra Leone,SLE,2016,4.44511318,Domestic general government health expenditure (percent general government expenditure)
Sierra Leone,SLE,2017,3.63211203,Domestic general government health expenditure (percent general government expenditure)
Sierra Leone,SLE,2018,3.5992188500000006,Domestic general government health expenditure (percent general government expenditure)
Sierra Leone,SLE,2019,5.84172201,Domestic general government health expenditure (percent general government expenditure)
Sierra Leone,SLE,2020,5.30239677,Domestic general government health expenditure (percent general government expenditure)
Sierra Leone,SLE,2021,6.8514905,Domestic general government health expenditure (percent general government expenditure)
Sierra Leone,SLE,2022,5.204096790000001,Domestic general government health expenditure (percent general government expenditure)
Somalia,SOM,2013,5.531522750000001,Domestic general government health expenditure (percent general government expenditure)
Somalia,SOM,2014,3.88025784,Domestic general government health expenditure (percent general government expenditure)
Somalia,SOM,2015,5.010576729999999,Domestic general government health expenditure (percent general government expenditure)
Somalia,SOM,2016,5.38206244,Domestic general government health expenditure (percent general government expenditure)
Somalia,SOM,2017,4.4372673,Domestic general government health expenditure (percent general government expenditure)
Somalia,SOM,2018,3.69228196,Domestic general government health expenditure (percent general government expenditure)
Somalia,SOM,2019,3.57844925,Domestic general government health expenditure (percent general government expenditure)
Somalia,SOM,2020,2.9199352299999997,Domestic general government health expenditure (percent general government expenditure)
Somalia,SOM,2021,5.715604779999999,Domestic general government health expenditure (percent general government expenditure)
Somalia,SOM,2022,2.49872327,Domestic general government health expenditure (percent general government expenditure)
South Africa,ZAF,2001,10.62284565,Domestic general government health expenditure (percent general government expenditure)
South Africa,ZAF,2002,10.37981224,Domestic general government health expenditure (percent general government expenditure)
South Africa,ZAF,2003,12.33823776,Domestic general government health expenditure (percent general government expenditure)
South Africa,ZAF,2004,12.029251099999996,Domestic general government health expenditure (percent general government expenditure)
South Africa,ZAF,2005,10.91880608,Domestic general government health expenditure (percent general government expenditure)
South Africa,ZAF,2006,13.09509182,Domestic general government health expenditure (percent general government expenditure)
South Africa,ZAF,2007,13.509318349999996,Domestic general government health expenditure (percent general government expenditure)
South Africa,ZAF,2008,13.01471424,Domestic general government health expenditure (percent general government expenditure)
South Africa,ZAF,2009,13.369973180000002,Domestic general government health expenditure (percent general government expenditure)
South Africa,ZAF,2010,14.115259169999998,Domestic general government health expenditure (percent general government expenditure)
South Africa,ZAF,2011,14.67442226,Domestic general government health expenditure (percent general government expenditure)
South Africa,ZAF,2012,14.46731377,Domestic general government health expenditure (percent general government expenditure)
South Africa,ZAF,2013,14.33791637,Domestic general government health expenditure (percent general government expenditure)
South Africa,ZAF,2014,14.9161272,Domestic general government health expenditure (percent general government expenditure)
South Africa,ZAF,2015,15.237735749999995,Domestic general government health expenditure (percent general government expenditure)
South Africa,ZAF,2016,15.28983974,Domestic general government health expenditure (percent general government expenditure)
South Africa,ZAF,2017,15.28983974,Domestic general government health expenditure (percent general government expenditure)
South Africa,ZAF,2018,15.28983974,Domestic general government health expenditure (percent general government expenditure)
South Africa,ZAF,2019,15.28983974,Domestic general government health expenditure (percent general government expenditure)
South Africa,ZAF,2020,16.88567543,Domestic general government health expenditure (percent general government expenditure)
South Africa,ZAF,2021,16.88567543,Domestic general government health expenditure (percent general government expenditure)
South Africa,ZAF,2022,16.88567543,Domestic general government health expenditure (percent general government expenditure)
South Sudan,SSD,2017,2.10620522,Domestic general government health expenditure (percent general government expenditure)
South Sudan,SSD,2018,2.10620522,Domestic general government health expenditure (percent general government expenditure)
South Sudan,SSD,2019,2.10620522,Domestic general government health expenditure (percent general government expenditure)
South Sudan,SSD,2020,2.10620522,Domestic general government health expenditure (percent general government expenditure)
South Sudan,SSD,2021,2.10620522,Domestic general government health expenditure (percent general government expenditure)
South Sudan,SSD,2022,2.10620522,Domestic general government health expenditure (percent general government expenditure)
Sudan,SDN,2001,11.368736269999996,Domestic general government health expenditure (percent general government expenditure)
Sudan,SDN,2002,10.70719147,Domestic general government health expenditure (percent general government expenditure)
Sudan,SDN,2003,10.07152081,Domestic general government health expenditure (percent general government expenditure)
Sudan,SDN,2004,9.52674675,Domestic general government health expenditure (percent general government expenditure)
Sudan,SDN,2005,8.099486350000001,Domestic general government health expenditure (percent general government expenditure)
Sudan,SDN,2006,9.4422226,Domestic general government health expenditure (percent general government expenditure)
Sudan,SDN,2007,10.46531487,Domestic general government health expenditure (percent general government expenditure)
Sudan,SDN,2008,8.78631306,Domestic general government health expenditure (percent general government expenditure)
Sudan,SDN,2009,14.01954556,Domestic general government health expenditure (percent general government expenditure)
Sudan,SDN,2010,9.48801804,Domestic general government health expenditure (percent general government expenditure)
Sudan,SDN,2011,7.035676959999998,Domestic general government health expenditure (percent general government expenditure)
Sudan,SDN,2012,9.06086254,Domestic general government health expenditure (percent general government expenditure)
Sudan,SDN,2013,7.517609599999998,Domestic general government health expenditure (percent general government expenditure)
Sudan,SDN,2014,10.61807156,Domestic general government health expenditure (percent general government expenditure)
Sudan,SDN,2015,6.66369581,Domestic general government health expenditure (percent general government expenditure)
Sudan,SDN,2016,12.92873669,Domestic general government health expenditure (percent general government expenditure)
Sudan,SDN,2017,8.324994090000002,Domestic general government health expenditure (percent general government expenditure)
Sudan,SDN,2018,6.17103291,Domestic general government health expenditure (percent general government expenditure)
Sudan,SDN,2019,5.56284285,Domestic general government health expenditure (percent general government expenditure)
Sudan,SDN,2020,9.58832169,Domestic general government health expenditure (percent general government expenditure)
Sudan,SDN,2021,7.861412049999998,Domestic general government health expenditure (percent general government expenditure)
Sudan,SDN,2022,6.719818120000001,Domestic general government health expenditure (percent general government expenditure)
Togo,TGO,2001,2.9947822100000003,Domestic general government health expenditure (percent general government expenditure)
Togo,TGO,2002,4.051334379999999,Domestic general government health expenditure (percent general government expenditure)
Togo,TGO,2003,4.242087840000001,Domestic general government health expenditure (percent general government expenditure)
Togo,TGO,2004,4.205553529999999,Domestic general government health expenditure (percent general government expenditure)
Togo,TGO,2005,3.80081558,Domestic general government health expenditure (percent general government expenditure)
Togo,TGO,2006,3.83191919,Domestic general government health expenditure (percent general government expenditure)
Togo,TGO,2007,4.344953540000001,Domestic general government health expenditure (percent general government expenditure)
Togo,TGO,2008,4.84371662,Domestic general government health expenditure (percent general government expenditure)
Togo,TGO,2009,4.7768583300000005,Domestic general government health expenditure (percent general government expenditure)
Togo,TGO,2010,7.4458599099999985,Domestic general government health expenditure (percent general government expenditure)
Togo,TGO,2011,5.66925287,Domestic general government health expenditure (percent general government expenditure)
Togo,TGO,2012,6.10906744,Domestic general government health expenditure (percent general government expenditure)
Togo,TGO,2013,4.68965626,Domestic general government health expenditure (percent general government expenditure)
Togo,TGO,2014,4.55810213,Domestic general government health expenditure (percent general government expenditure)
Togo,TGO,2015,4.03825331,Domestic general government health expenditure (percent general government expenditure)
Togo,TGO,2016,4.2586369500000005,Domestic general government health expenditure (percent general government expenditure)
Togo,TGO,2017,6.450406070000001,Domestic general government health expenditure (percent general government expenditure)
Togo,TGO,2018,5.4890213,Domestic general government health expenditure (percent general government expenditure)
Togo,TGO,2019,5.381740089999999,Domestic general government health expenditure (percent general government expenditure)
Togo,TGO,2020,3.85122466,Domestic general government health expenditure (percent general government expenditure)
Togo,TGO,2021,2.5608844799999995,Domestic general government health expenditure (percent general government expenditure)
Togo,TGO,2022,2.5608844799999995,Domestic general government health expenditure (percent general government expenditure)
Tunisia,TUN,2001,10.57568169,Domestic general government health expenditure (percent general government expenditure)
Tunisia,TUN,2002,10.98641014,Domestic general government health expenditure (percent general government expenditure)
Tunisia,TUN,2003,11.40784454,Domestic general government health expenditure (percent general government expenditure)
Tunisia,TUN,2004,11.54679012,Domestic general government health expenditure (percent general government expenditure)
Tunisia,TUN,2005,11.35010338,Domestic general government health expenditure (percent general government expenditure)
Tunisia,TUN,2006,11.73456955,Domestic general government health expenditure (percent general government expenditure)
Tunisia,TUN,2007,11.847336769999997,Domestic general government health expenditure (percent general government expenditure)
Tunisia,TUN,2008,11.841457370000004,Domestic general government health expenditure (percent general government expenditure)
Tunisia,TUN,2009,12.0754261,Domestic general government health expenditure (percent general government expenditure)
Tunisia,TUN,2010,13.031821249999998,Domestic general government health expenditure (percent general government expenditure)
Tunisia,TUN,2011,12.386133190000002,Domestic general government health expenditure (percent general government expenditure)
Tunisia,TUN,2012,12.638530730000005,Domestic general government health expenditure (percent general government expenditure)
Tunisia,TUN,2013,12.498271940000002,Domestic general government health expenditure (percent general government expenditure)
Tunisia,TUN,2014,13.54343796,Domestic general government health expenditure (percent general government expenditure)
Tunisia,TUN,2015,12.179168699999998,Domestic general government health expenditure (percent general government expenditure)
Tunisia,TUN,2016,12.514349940000002,Domestic general government health expenditure (percent general government expenditure)
Tunisia,TUN,2017,11.561199190000002,Domestic general government health expenditure (percent general government expenditure)
Tunisia,TUN,2018,10.78317261,Domestic general government health expenditure (percent general government expenditure)
Tunisia,TUN,2019,12.078944209999998,Domestic general government health expenditure (percent general government expenditure)
Tunisia,TUN,2020,12.49465275,Domestic general government health expenditure (percent general government expenditure)
Tunisia,TUN,2021,12.39702797,Domestic general government health expenditure (percent general government expenditure)
Tunisia,TUN,2022,11.21025467,Domestic general government health expenditure (percent general government expenditure)
Uganda,UGA,2001,8.33055115,Domestic general government health expenditure (percent general government expenditure)
Uganda,UGA,2002,8.74788189,Domestic general government health expenditure (percent general government expenditure)
Uganda,UGA,2003,8.949470519999998,Domestic general government health expenditure (percent general government expenditure)
Uganda,UGA,2004,8.766947750000002,Domestic general government health expenditure (percent general government expenditure)
Uganda,UGA,2005,7.13494539,Domestic general government health expenditure (percent general government expenditure)
Uganda,UGA,2006,7.160842419999999,Domestic general government health expenditure (percent general government expenditure)
Uganda,UGA,2007,7.79203367,Domestic general government health expenditure (percent general government expenditure)
Uganda,UGA,2008,7.250084400000001,Domestic general government health expenditure (percent general government expenditure)
Uganda,UGA,2009,7.032022950000001,Domestic general government health expenditure (percent general government expenditure)
Uganda,UGA,2010,7.113437179999998,Domestic general government health expenditure (percent general government expenditure)
Uganda,UGA,2011,6.897009849999999,Domestic general government health expenditure (percent general government expenditure)
Uganda,UGA,2012,7.050443170000001,Domestic general government health expenditure (percent general government expenditure)
Uganda,UGA,2013,7.32427549,Domestic general government health expenditure (percent general government expenditure)
Uganda,UGA,2014,7.008980749999999,Domestic general government health expenditure (percent general government expenditure)
Uganda,UGA,2015,5.08453417,Domestic general government health expenditure (percent general government expenditure)
Uganda,UGA,2016,5.17819309,Domestic general government health expenditure (percent general government expenditure)
Uganda,UGA,2017,3.921638249999999,Domestic general government health expenditure (percent general government expenditure)
Uganda,UGA,2018,4.168115139999999,Domestic general government health expenditure (percent general government expenditure)
Uganda,UGA,2019,3.1388299500000008,Domestic general government health expenditure (percent general government expenditure)
Uganda,UGA,2020,5.554035659999999,Domestic general government health expenditure (percent general government expenditure)
Uganda,UGA,2021,5.3403873399999995,Domestic general government health expenditure (percent general government expenditure)
Uganda,UGA,2022,4.8566246,Domestic general government health expenditure (percent general government expenditure)
United Republic of Tanzania,TZA,2001,8.79931068,Domestic general government health expenditure (percent general government expenditure)
United Republic of Tanzania,TZA,2002,9.78842449,Domestic general government health expenditure (percent general government expenditure)
United Republic of Tanzania,TZA,2003,9.70851707,Domestic general government health expenditure (percent general government expenditure)
United Republic of Tanzania,TZA,2004,11.55348301,Domestic general government health expenditure (percent general government expenditure)
United Republic of Tanzania,TZA,2005,12.619913100000002,Domestic general government health expenditure (percent general government expenditure)
United Republic of Tanzania,TZA,2006,13.508828160000002,Domestic general government health expenditure (percent general government expenditure)
United Republic of Tanzania,TZA,2007,10.88657188,Domestic general government health expenditure (percent general government expenditure)
United Republic of Tanzania,TZA,2008,12.485500340000002,Domestic general government health expenditure (percent general government expenditure)
United Republic of Tanzania,TZA,2009,7.583961489999998,Domestic general government health expenditure (percent general government expenditure)
United Republic of Tanzania,TZA,2010,7.32137966,Domestic general government health expenditure (percent general government expenditure)
United Republic of Tanzania,TZA,2011,6.762119290000001,Domestic general government health expenditure (percent general government expenditure)
United Republic of Tanzania,TZA,2012,6.00571394,Domestic general government health expenditure (percent general government expenditure)
United Republic of Tanzania,TZA,2013,6.30686235,Domestic general government health expenditure (percent general government expenditure)
United Republic of Tanzania,TZA,2014,6.93784666,Domestic general government health expenditure (percent general government expenditure)
United Republic of Tanzania,TZA,2015,7.330629350000001,Domestic general government health expenditure (percent general government expenditure)
United Republic of Tanzania,TZA,2016,9.52143383,Domestic general government health expenditure (percent general government expenditure)
United Republic of Tanzania,TZA,2017,9.52143383,Domestic general government health expenditure (percent general government expenditure)
United Republic of Tanzania,TZA,2018,9.41473198,Domestic general government health expenditure (percent general government expenditure)
United Republic of Tanzania,TZA,2019,9.43801022,Domestic general government health expenditure (percent general government expenditure)
United Republic of Tanzania,TZA,2020,4.940001490000001,Domestic general government health expenditure (percent general government expenditure)
United Republic of Tanzania,TZA,2021,5.135169979999999,Domestic general government health expenditure (percent general government expenditure)
United Republic of Tanzania,TZA,2022,5.135169979999999,Domestic general government health expenditure (percent general government expenditure)
Zambia,ZMB,2001,6.884750369999999,Domestic general government health expenditure (percent general government expenditure)
Zambia,ZMB,2002,6.884750369999999,Domestic general government health expenditure (percent general government expenditure)
Zambia,ZMB,2003,5.322761539999999,Domestic general government health expenditure (percent general government expenditure)
Zambia,ZMB,2004,5.65226936,Domestic general government health expenditure (percent general government expenditure)
Zambia,ZMB,2005,5.5376410499999995,Domestic general government health expenditure (percent general government expenditure)
Zambia,ZMB,2006,6.747040269999999,Domestic general government health expenditure (percent general government expenditure)
Zambia,ZMB,2007,7.468102929999999,Domestic general government health expenditure (percent general government expenditure)
Zambia,ZMB,2008,8.147117609999999,Domestic general government health expenditure (percent general government expenditure)
Zambia,ZMB,2009,9.36578655,Domestic general government health expenditure (percent general government expenditure)
Zambia,ZMB,2010,8.63391781,Domestic general government health expenditure (percent general government expenditure)
Zambia,ZMB,2011,8.0581131,Domestic general government health expenditure (percent general government expenditure)
Zambia,ZMB,2012,7.057695870000001,Domestic general government health expenditure (percent general government expenditure)
Zambia,ZMB,2013,5.45231676,Domestic general government health expenditure (percent general government expenditure)
Zambia,ZMB,2014,7.784662249999999,Domestic general government health expenditure (percent general government expenditure)
Zambia,ZMB,2015,7.561451440000002,Domestic general government health expenditure (percent general government expenditure)
Zambia,ZMB,2016,7.164569379999999,Domestic general government health expenditure (percent general government expenditure)
Zambia,ZMB,2017,10.05217934,Domestic general government health expenditure (percent general government expenditure)
Zambia,ZMB,2018,7.52910423,Domestic general government health expenditure (percent general government expenditure)
Zambia,ZMB,2019,7.573063850000001,Domestic general government health expenditure (percent general government expenditure)
Zambia,ZMB,2020,10.560054779999998,Domestic general government health expenditure (percent general government expenditure)
Zambia,ZMB,2021,9.254849429999998,Domestic general government health expenditure (percent general government expenditure)
Zambia,ZMB,2022,8.88877583,Domestic general government health expenditure (percent general government expenditure)
Zimbabwe,ZWE,2010,15.22310734,Domestic general government health expenditure (percent general government expenditure)
Zimbabwe,ZWE,2011,9.12156105,Domestic general government health expenditure (percent general government expenditure)
Zimbabwe,ZWE,2012,9.796440120000002,Domestic general government health expenditure (percent general government expenditure)
Zimbabwe,ZWE,2013,9.64621449,Domestic general government health expenditure (percent general government expenditure)
Zimbabwe,ZWE,2014,13.357064250000002,Domestic general government health expenditure (percent general government expenditure)
Zimbabwe,ZWE,2015,7.55918026,Domestic general government health expenditure (percent general government expenditure)
Zimbabwe,ZWE,2016,6.686452869999999,Domestic general government health expenditure (percent general government expenditure)
Zimbabwe,ZWE,2017,5.563722610000001,Domestic general government health expenditure (percent general government expenditure)
Zimbabwe,ZWE,2018,7.856563090000002,Domestic general government health expenditure (percent general government expenditure)
Zimbabwe,ZWE,2019,3.938981529999999,Domestic general government health expenditure (percent general government expenditure)
Zimbabwe,ZWE,2020,5.211667060000001,Domestic general government health expenditure (percent general government expenditure)
Zimbabwe,ZWE,2021,5.211667060000001,Domestic general government health expenditure (percent general government expenditure)
Zimbabwe,ZWE,2022,5.211667060000001,Domestic general government health expenditure (percent general government expenditure)
