year,income_level,annotate_color,annotate_gray,Low income (median),Lower middle income (median),Upper middle income (median),High income (median),Afghanistan,Albania,Algeria,Andorra,Angola,Antigua and Barbuda,Argentina,Armenia,Australia,Austria,Azerbaijan,Bahamas,Bahrain,Bangladesh,Barbados,Belarus,Belgium,Belize,Benin,Bhutan,Bolivia (Plurinational State of),Bosnia and Herzegovina,Botswana,Brazil,Brunei Darussalam,Bulgaria,Burkina Faso,Burundi,Cabo Verde,Cambodia,Cameroon,Canada,Central African Republic,Chad,Chile,China,Colombia,Comoros,Congo,Costa Rica,Croatia,Cuba,Cyprus,Czechia,Côte d'Ivoire,Democratic Republic of the Congo,Denmark,Djibouti,Dominica,Dominican Republic,Ecuador,Egypt,El Salvador,Equatorial Guinea,Eritrea,Estonia,Eswatini,Fiji,Finland,France,Gabon,Gambia,Georgia,Germany,Ghana,Greece,Grenada,Guatemala,Guinea,Guinea-Bissau,Guyana,Haiti,Honduras,Hungary,Iceland,India,Indonesia,Iran (Islamic Republic of),Iraq,Ireland,Israel,Italy,Jamaica,Japan,Jordan,Kazakhstan,Kenya,Kiribati,Kuwait,Kyrgyzstan,Lao People's Democratic Republic,Latvia,Lebanon,Lesotho,Liberia,Libya,Lithuania,Luxembourg,Madagascar,Malawi,Malaysia,Maldives,Mali,Malta,Marshall Islands,Mauritania,Mauritius,Mexico,Micronesia (Federated States of),Monaco,Mongolia,Montenegro,Morocco,Mozambique,Myanmar,Namibia,Nauru,Nepal,Netherlands (Kingdom of the),New Zealand,Nicaragua,Niger,Nigeria,North Macedonia,Norway,Oman,Pakistan,Palau,Panama,Papua New Guinea,Paraguay,Peru,Philippines,Poland,Portugal,Qatar,Republic of Korea,Republic of Moldova,Romania,Russian Federation,Rwanda,Saint Kitts and Nevis,Saint Lucia,Saint Vincent and the Grenadines,Samoa,San Marino,Sao Tome and Principe,Saudi Arabia,Senegal,Serbia,Seychelles,Sierra Leone,Singapore,Slovakia,Slovenia,Solomon Islands,Somalia,South Africa,South Sudan,Spain,Sri Lanka,Sudan,Suriname,Sweden,Switzerland,Syrian Arab Republic,Tajikistan,Thailand,Timor-Leste,Togo,Tonga,Trinidad and Tobago,Tunisia,Turkmenistan,Tuvalu,Türkiye,Uganda,Ukraine,United Arab Emirates,United Kingdom of Great Britain and Northern Ireland,United Republic of Tanzania,United States of America,Uruguay,Uzbekistan,Vanuatu,Viet Nam,Yemen,Zambia,Zimbabwe,"occupied Palestinian territory, including east Jerusalem"
2000,Low income,,True,,,,,,,,,,,,,,,,,,,,,,,,,,,,,,,42.16008133865371,61.13878211377544,,,,,48.27813551210049,56.216259964436205,,,,,,,,,,,,54.02555916842486,,,,,,,,,63.76798855411072,,,,,,,13.680053628118603,,,,,,,,60.70569907803337,,,,,,,,,,,,,,,,,,,,,,,,,71.57627240649022,,,,43.315555561420595,16.76298184141053,,,68.8171282505476,,,,,,,,,,,38.88117503141579,,,,,,,,60.49816140935128,,,,,,,,,,,,,,,,,,,26.587330960279125,,,,,,,,,,,85.05292010362578,,,,,,,,,,61.82266009852217,,,,64.32570584472998,,,,79.00323112462982,,,,,,,43.03155562179256,,,,,,,,,,43.4933029506077,,,
2000,Low income,True,,56.216259964436205,,,,,,,,,,,,,,,,,,,,,,,,,,,,,,,,,,,,,,,,,,,,,,,,,,,,,,,,,,,,,,,,,,,,,,,,,,,,,,,,,,,,,,,,,,,,,,,,,,,,,,,,,,,,,,,,,,,,,,,,,,,,,,,,,,,,,,,,,,,,,,,,,,,,,,,,,,,,,,,,,,,,,,,,,,,,,,,,,,,,,,,,,,,,,,,,,
2001,Low income,,True,,,,,,,,,,,,,,,,,,,,,,,,,,,,,,,42.729384655846864,45.43356177173415,,,,,54.10288255819777,58.260927954160785,,,,,,,,,,,,72.38019174951329,,,,,,,,,55.927980014379145,,,,,,,13.388831162939235,,,,,,,,57.825790935155545,,,,,,,,,,,,,,,,,,,,,,,,,59.606998422384166,,,,38.774680424447325,18.547132450080152,,,67.7933914040084,,,,,,,,,,,26.687618469518274,,,,,,,,60.42289277440617,,,,,,,,,,,,,,,,,,,27.6766619407738,,,,,,,,,,,77.28430016546113,,,,,,,,,,62.280701754385966,,,,58.37926789052136,,,,77.67759562028974,,,,,,,43.39098674482734,,,,,,,,,,44.626178816378875,,,
2001,Low income,True,,55.927980014379145,,,,,,,,,,,,,,,,,,,,,,,,,,,,,,,,,,,,,,,,,,,,,,,,,,,,,,,,,,,,,,,,,,,,,,,,,,,,,,,,,,,,,,,,,,,,,,,,,,,,,,,,,,,,,,,,,,,,,,,,,,,,,,,,,,,,,,,,,,,,,,,,,,,,,,,,,,,,,,,,,,,,,,,,,,,,,,,,,,,,,,,,,,,,,,,,,
2002,Low income,,True,,,,,85.37560574344886,,,,,,,,,,,,,,,,,,,,,,,,,,38.275827969966755,49.84329854233756,,,,,49.59783601377553,64.73538541254909,,,,,,,,,,,,71.2881121879972,,,,,,,,,46.02165203995077,,,,,,,13.147893512751669,,,,,,,,55.99610762244353,,,,,,,,,,,,,,,,,,,,,,,,,55.93533655248111,,,,37.60178740149977,14.98992757561394,,,61.75163937739646,,,,,,,,,,,27.982415851945536,,,,,,,,59.622200117797654,,,,,,,,,,,,,,,,,,,28.464272916696157,,,,,,,,,,,68.63653588242,,,,,,,,,,61.421319796954315,,,,54.17683371800762,,,,76.77102481234435,,,,,,,44.0124092489481,,,,,,,,,,46.67703413739257,,,
2002,Low income,True,,52.01006613017259,,,,,,,,,,,,,,,,,,,,,,,,,,,,,,,,,,,,,,,,,,,,,,,,,,,,,,,,,,,,,,,,,,,,,,,,,,,,,,,,,,,,,,,,,,,,,,,,,,,,,,,,,,,,,,,,,,,,,,,,,,,,,,,,,,,,,,,,,,,,,,,,,,,,,,,,,,,,,,,,,,,,,,,,,,,,,,,,,,,,,,,,,,,,,,,,,
2003,Low income,,True,,,,,86.06919176480461,,,,,,,,,,,,,,,,,,,,,,,,,,33.386927073435125,50.250065890395035,,,,,49.06582884282549,47.41553033863712,,,,,,,,,,,,68.03038583046401,,,,,,,,,38.93305607780667,,,,,,,11.72712494364462,,,,,,,,57.032170901364935,,,,,,,,,,,,,,,,,,,,,,,,,59.488021409010514,,,,34.5289226391881,12.070897219404332,,,61.20211933360259,,,,,,,,,,,21.215063934184546,,,,,,,,61.2469500185716,,,,,,,,,,,,,,,,,,,17.119973612533112,,,,,,,,,,,75.80449025212458,,,,,,,,,,62.560508966852616,,,,51.735604018555854,,,,74.9597963146375,,,,,,,45.41866329727162,,,,,,,,,,54.26418943938148,,,
2003,Low income,True,,50.99283495447544,,,,,,,,,,,,,,,,,,,,,,,,,,,,,,,,,,,,,,,,,,,,,,,,,,,,,,,,,,,,,,,,,,,,,,,,,,,,,,,,,,,,,,,,,,,,,,,,,,,,,,,,,,,,,,,,,,,,,,,,,,,,,,,,,,,,,,,,,,,,,,,,,,,,,,,,,,,,,,,,,,,,,,,,,,,,,,,,,,,,,,,,,,,,,,,,,
2004,Low income,,True,,,,,84.5275910037226,,,,,,,,,,,,,,,,,,,,,,,,,,30.438840638773303,38.593564771565255,,,,,53.130780705178495,51.01406777241809,,,,,,,,,,,,72.11377426456475,,,,,,,,,35.139721292180226,,,,,,,9.848130158572207,,,,,,,,53.80945524958891,,,,,,,,,,,,,,,,,,,,,,,,,75.30528980235441,,,,30.58158250454174,9.69992711711435,,,55.61309483403231,,,,,,,,,,,15.606307098339837,,,,,,,,60.00253368933898,,,,,,,,,,,,,,,,,,,21.219293771504415,,,,,,,,,,,71.54428852054498,,,,,,,,,,57.17787114845938,,,,52.02073620055235,,,,72.31853482142716,,,,,,,38.378017992413135,,,,,,,,,,60.45805955902316,,,
2004,Low income,True,,52.57575845286542,,,,,,,,,,,,,,,,,,,,,,,,,,,,,,,,,,,,,,,,,,,,,,,,,,,,,,,,,,,,,,,,,,,,,,,,,,,,,,,,,,,,,,,,,,,,,,,,,,,,,,,,,,,,,,,,,,,,,,,,,,,,,,,,,,,,,,,,,,,,,,,,,,,,,,,,,,,,,,,,,,,,,,,,,,,,,,,,,,,,,,,,,,,,,,,,,
2005,Low income,,True,,,,,78.97008684156913,,,,,,,,,,,,,,,,,,,,,,,,,,30.71225589610708,39.18720185053274,,,,,51.71973680151642,56.222511571593664,,,,,,,,,,,,69.36360683225631,,,,,,,,,35.23891418691368,,,,,,,11.507098113212532,,,,,,,,52.80937672571271,,,,,,,,,,,,,,,,,,,,,,,,,69.14516775381584,,,,33.02706775393208,9.099817601680638,,,57.01831391924133,,,,,,,,,,,12.31847498876708,,,,,,,,50.134592514244254,,,,,,,,,,,,,,,,,,,23.80013013237044,,,,,,,,,,,67.53406747667243,,,,,,,,,,54.63094898831576,,,,49.49593791038821,,,,70.5323600216067,,,,,,,48.599075846802975,,,,,,,,,,64.78065709068176,,,
2005,Low income,True,,50.92716465788034,,,,,,,,,,,,,,,,,,,,,,,,,,,,,,,,,,,,,,,,,,,,,,,,,,,,,,,,,,,,,,,,,,,,,,,,,,,,,,,,,,,,,,,,,,,,,,,,,,,,,,,,,,,,,,,,,,,,,,,,,,,,,,,,,,,,,,,,,,,,,,,,,,,,,,,,,,,,,,,,,,,,,,,,,,,,,,,,,,,,,,,,,,,,,,,,,
2006,Low income,,True,,,,,76.82497587090982,,,,,,,,,,,,,,,,,,,,,,,,,,30.852599020252736,39.72788342964148,,,,,51.54757774063012,63.660358370444,,,,,,,,,,,,68.51200511477057,,,,,,,,,34.45652313400256,,,,,,,13.04498223281096,,,,,,,,51.347716753624134,,,,,,,,,,,,,,,,,,,,,,,,,66.23502818463118,,,,31.653634584079953,8.924166132280654,,,56.74296619457182,,,,,,,,,,,12.746886708531536,,,,,,,,48.75664191552784,,,,,,,,,,,,,,,,,,,14.267115435779674,,,,,,,,,,,65.75159695996949,,,,,,,,,,55.78925447730113,,,,51.46001242237321,,,,68.18033323156759,,,,,,,54.053426442984374,,,,,,,,,,65.89186842026332,,,
2006,Low income,True,,51.503795081501664,,,,,,,,,,,,,,,,,,,,,,,,,,,,,,,,,,,,,,,,,,,,,,,,,,,,,,,,,,,,,,,,,,,,,,,,,,,,,,,,,,,,,,,,,,,,,,,,,,,,,,,,,,,,,,,,,,,,,,,,,,,,,,,,,,,,,,,,,,,,,,,,,,,,,,,,,,,,,,,,,,,,,,,,,,,,,,,,,,,,,,,,,,,,,,,,,
2007,Low income,,True,,,,,78.16998663310693,,,,,,,,,,,,,,,,,,,,,,,,,,27.393471762226824,41.13088919664976,,,,,49.70782483087041,64.91826706014947,,,,,,,,,,,,63.85579283440267,,,,,,,,,44.09306145952801,,,,,,,15.068112865814436,,,,,,,,46.993310197266695,,,,,,,,,,,,,,,,,,,,,,,,,42.16618082702146,,,,32.6548989930057,11.715225349938184,,,61.34742943127389,,,,,,,,,,,12.019497244408267,,,,,,,,53.40667659630583,,,,,,,,,,,,,,,,,,,12.490031835149752,,,,,,,,,,,71.99151270574113,,,,,,,,,,58.00176834659593,,,,51.91991547367077,,,,67.00376102264764,,,,,,,54.48385537669227,,,,,,,,,,69.15579702950647,,,
2007,Low income,True,,50.81387015227059,,,,,,,,,,,,,,,,,,,,,,,,,,,,,,,,,,,,,,,,,,,,,,,,,,,,,,,,,,,,,,,,,,,,,,,,,,,,,,,,,,,,,,,,,,,,,,,,,,,,,,,,,,,,,,,,,,,,,,,,,,,,,,,,,,,,,,,,,,,,,,,,,,,,,,,,,,,,,,,,,,,,,,,,,,,,,,,,,,,,,,,,,,,,,,,,,
2008,Low income,,True,,,,,75.40338817789676,,,,,,,,,,,,,,,,,,,,,,,,,,30.957009561824073,42.89714828213202,,,,,57.97245423226138,68.81594788313242,,,,,,,,,,,,49.687359998468345,,,,,,,,,32.595988324992625,,,,,,,16.439686136999576,,,,,,,,46.723664484381146,,,,,,,,,,,,,,,,,,,,,,,,,34.844627791303694,,,,37.18900592272845,10.370281273954127,,,63.22217625249591,,,,,,,,,,,11.203374860496115,,,,,,,,52.46494799249295,,,,,,,,,,,,,,,,,,,11.78677028875146,,,,,,,,,,,71.17670099040707,,,,,,,,,,62.40304803374609,,,,53.01201477607702,,,,66.34605054887464,,,,,,,52.742093132828806,,,,,,,,,,68.61846062522159,,,
2008,Low income,True,,51.07615399548065,,,,,,,,,,,,,,,,,,,,,,,,,,,,,,,,,,,,,,,,,,,,,,,,,,,,,,,,,,,,,,,,,,,,,,,,,,,,,,,,,,,,,,,,,,,,,,,,,,,,,,,,,,,,,,,,,,,,,,,,,,,,,,,,,,,,,,,,,,,,,,,,,,,,,,,,,,,,,,,,,,,,,,,,,,,,,,,,,,,,,,,,,,,,,,,,,
2009,Low income,,True,,,,,72.77924342787705,,,,,,,,,,,,,,,,,,,,,,,,,,31.44069107549974,35.45698606047909,,,,,47.8439873192846,65.01296953339373,,,,,,,,,,,,45.41014194004141,,,,,,,,,45.82185850394418,,,,,,,17.004216576960744,,,,,,,,51.629333258975905,,,,,,,,,,,,,,,,,,,,,,,,,49.683752546463765,,,,37.65555299208657,11.235610740828712,,,61.83541424845015,,,,,,,,,,,8.237761499834418,,,,,,,,53.61826948417888,,,,,,,,,,,,,,,,,,,11.380730602118096,,,,,,,,,,,65.43760316613023,,,,,,,,,,52.47582430385646,,,,54.0,,,,65.38478806875335,,,,,,,42.84918020432526,,,,,,,,,,74.21583594439015,,,
2009,Low income,True,,48.76386993287419,,,,,,,,,,,,,,,,,,,,,,,,,,,,,,,,,,,,,,,,,,,,,,,,,,,,,,,,,,,,,,,,,,,,,,,,,,,,,,,,,,,,,,,,,,,,,,,,,,,,,,,,,,,,,,,,,,,,,,,,,,,,,,,,,,,,,,,,,,,,,,,,,,,,,,,,,,,,,,,,,,,,,,,,,,,,,,,,,,,,,,,,,,,,,,,,,
2010,Low income,,True,,,,,78.99665104935218,,,,,,,,,,,,,,,,,,,,,,,,,,30.168732617351203,28.18636219766209,,,,,59.52026731293446,67.58454132997305,,,,,,,,,,,,37.050299524107686,,,,,,,,,48.655363932110696,,,,,,,18.032357997282432,,,,,,,,44.439860575831666,,,,,,,,,,,,,,,,,,,,,,,,,53.41116268420787,,,,36.15040539267795,10.927722992660325,,,56.2662407263634,,,,,,,,,,,7.112119242626551,,,,,,,,55.895314246090045,,,,,,,,,,,,,,,,,,,11.091199017624804,,,,,,,,,,,56.25852193827553,,,,,,,,,,61.3134466412302,,,,54.00000000251447,,,,62.270011993840555,,,,,,,37.39066518617752,,,,,,,,,,74.0169006656335,,,
2010,Low income,True,,51.033263308159285,,,,,,,,,,,,,,,,,,,,,,,,,,,,,,,,,,,,,,,,,,,,,,,,,,,,,,,,,,,,,,,,,,,,,,,,,,,,,,,,,,,,,,,,,,,,,,,,,,,,,,,,,,,,,,,,,,,,,,,,,,,,,,,,,,,,,,,,,,,,,,,,,,,,,,,,,,,,,,,,,,,,,,,,,,,,,,,,,,,,,,,,,,,,,,,,,
2011,Low income,,True,,,,,73.2551689227771,,,,,,,,,,,,,,,,,,,,,,,,,,32.88170241780375,25.4752434824224,,,,,58.58395537638115,60.770160294999634,,,,,,,,,,,,38.82409754602187,,,,,,,,,36.47444688629179,,,,,,,19.228358316674225,,,,,,,,35.82422260286273,,,,,,,,,,,,,,,,,,,,,,,,,47.421930830166424,,,,27.97330856081164,8.961643174157858,,,50.002611282630625,,,,,,,,,,,6.719538684534306,,,,,,,,57.73744472365636,,,,,,,,,,,,,,,,,,,10.795574669000318,,,,,,,,,,,60.26411716840483,,,,,,,,,,65.93135167362234,,,,53.36600657700883,,,,62.14701098452797,,,,,,,33.010049383345994,,,,,,,,,,72.48512741231421,,,
2011,Low income,True,,43.123014188094146,,,,,,,,,,,,,,,,,,,,,,,,,,,,,,,,,,,,,,,,,,,,,,,,,,,,,,,,,,,,,,,,,,,,,,,,,,,,,,,,,,,,,,,,,,,,,,,,,,,,,,,,,,,,,,,,,,,,,,,,,,,,,,,,,,,,,,,,,,,,,,,,,,,,,,,,,,,,,,,,,,,,,,,,,,,,,,,,,,,,,,,,,,,,,,,,,
2012,Low income,,True,,,,,74.48620935925462,,,,,,,,,,,,,,,,,,,,,,,,,,32.383568400556044,22.402347243433635,,,,,58.08099410959977,59.42822004105376,,,,,,,,,,,,40.275029720590226,,,,,,,,,52.55269389377409,,,,,,,19.446590055887462,,,,,,,,58.73207736354003,,,,,,,,,,,,,,,,,,,,,,,,,45.54619346938195,,,,32.4887311216495,10.241626006525538,,,44.74382684003845,,,,,,,,,,,5.554829702561878,,,,,,,,60.80649533256032,,,,,,,,,,,,,,,,,,,10.178325911354044,,,,,,,,,,,67.80901399510847,,,,,,,,,,65.45468701339146,,,,53.68985995992725,,,,59.248958055569176,,,,,,,37.51226626379235,,,,,,,,,,71.61329877607751,,,
2012,Low income,True,,49.04944368157802,,,,,,,,,,,,,,,,,,,,,,,,,,,,,,,,,,,,,,,,,,,,,,,,,,,,,,,,,,,,,,,,,,,,,,,,,,,,,,,,,,,,,,,,,,,,,,,,,,,,,,,,,,,,,,,,,,,,,,,,,,,,,,,,,,,,,,,,,,,,,,,,,,,,,,,,,,,,,,,,,,,,,,,,,,,,,,,,,,,,,,,,,,,,,,,,,
2013,Low income,,True,,,,,72.04786271302791,,,,,,,,,,,,,,,,,,,,,,,,,,33.53733080684637,20.86187593040643,,,,,45.23834248382148,58.637951339948955,,,,,,,,,,,,39.43297048691372,,,,,,,,,48.777495719102376,,,,,,,20.900314484273657,,,,,,,,64.3410800163197,,,,,,,,,,,,,,,,,,,,,,,,,39.44088012675801,,,,35.58833769967558,6.705963309442655,,,34.819342716571725,,,,,,,,,,,8.017043174920436,,,,,,,,56.54368163451836,,,,,,,,,,,,,,,,,,,12.30708703237805,,,,,,,,,,,62.77908446902601,,,,,38.32801554576541,,,,,74.83428571428571,,,,47.45888070555756,,,,57.869535354619146,,,,,,,42.51777805925916,,,,,,,,,,74.58348100555004,,,
2013,Low income,True,,42.51777805925916,,,,,,,,,,,,,,,,,,,,,,,,,,,,,,,,,,,,,,,,,,,,,,,,,,,,,,,,,,,,,,,,,,,,,,,,,,,,,,,,,,,,,,,,,,,,,,,,,,,,,,,,,,,,,,,,,,,,,,,,,,,,,,,,,,,,,,,,,,,,,,,,,,,,,,,,,,,,,,,,,,,,,,,,,,,,,,,,,,,,,,,,,,,,,,,,,
2014,Low income,,True,,,,,73.0559212973081,,,,,,,,,,,,,,,,,,,,,,,,,,34.07847581131911,31.001065333974207,,,,,46.46343140234246,55.72120393344798,,,,,,,,,,,,38.71640611840853,,,,,,,,,50.962110593965754,,,,,,,26.826696640259662,,,,,,,,55.38848262133114,,,,,,,,,,,,,,,,,,,,,,,,,48.943952282906395,,,,28.16691515571088,8.18288838213344,,,33.55117298338994,,,,,,,,,,,10.424459464045276,,,,,,,,54.67353789020028,,,,,,,,,,,,,,,,,,,12.056798228282478,,,,,,,,,,,35.03469374908363,,,,,39.701589522406614,,,,,67.03178093144113,,,,49.41708955327408,,,,57.30480387650597,,,,,,,40.14643395828597,,,,,,,,,,76.41697531670026,,,
2014,Low income,True,,40.14643395828597,,,,,,,,,,,,,,,,,,,,,,,,,,,,,,,,,,,,,,,,,,,,,,,,,,,,,,,,,,,,,,,,,,,,,,,,,,,,,,,,,,,,,,,,,,,,,,,,,,,,,,,,,,,,,,,,,,,,,,,,,,,,,,,,,,,,,,,,,,,,,,,,,,,,,,,,,,,,,,,,,,,,,,,,,,,,,,,,,,,,,,,,,,,,,,,,,
2015,Low income,,True,,,,,78.38229647916366,,,,,,,,,,,,,,,,,,,,,,,,,,36.02980039735161,31.209631573835523,,,,,48.77671649263317,56.72420641831463,,,,,,,,,,,,37.42670840206114,,,,,,,,,42.904296373033254,,,,,,,23.415587060795367,,,,,,,,66.92208517591367,,,,,,,,,,,,,,,,,,,,,,,,,45.60116101103123,,,,25.17293847110499,10.981896045741058,,,34.17124382436871,,,,,,,,,,,11.261485666262022,,,,,,,,51.685649695773165,,,,,,,,,,,,,,,,,,,12.181936010541232,,,,,,,,,,,35.597505856426224,,,,,37.602152028509295,,,,,79.40107019231863,,,,47.141771146483,,,,66.80449222812796,,,,,,,39.470851170109015,,,,,,,,,,80.9572379631274,,,
2015,Low income,True,,39.470851170109015,,,,,,,,,,,,,,,,,,,,,,,,,,,,,,,,,,,,,,,,,,,,,,,,,,,,,,,,,,,,,,,,,,,,,,,,,,,,,,,,,,,,,,,,,,,,,,,,,,,,,,,,,,,,,,,,,,,,,,,,,,,,,,,,,,,,,,,,,,,,,,,,,,,,,,,,,,,,,,,,,,,,,,,,,,,,,,,,,,,,,,,,,,,,,,,,,
2016,Low income,,True,,,,,75.97433605670068,,,,,,,,,,,,,,,,,,,,,,,,,,31.383095479083178,28.36751704352097,,,,,55.20955641996392,55.14606805157099,,,,,,,,,,,,37.29187600193592,,,,,,,,,59.000072573957354,,,,,,,30.499337522470807,,,,,,,,64.58337217967137,,,,,,,,,,,,,,,,,,,,,,,,,46.754932083555126,,,,23.057565299648857,12.414958926044468,,,35.75055685961056,,,,,,,,,,,10.539091656972726,,,,,,,,58.5104037457852,,,,,,,,,,,,,,,,,,,11.356352388289164,,,,,,,,,,,43.49287353754578,,,,,45.16386453975277,,,,,71.18588745766787,,,,46.86003791452454,,,,63.23613659107076,,,,,,,40.60963929340415,,,,,,,,,,77.87443882169528,,,
2016,Low income,True,,45.16386453975277,,,,,,,,,,,,,,,,,,,,,,,,,,,,,,,,,,,,,,,,,,,,,,,,,,,,,,,,,,,,,,,,,,,,,,,,,,,,,,,,,,,,,,,,,,,,,,,,,,,,,,,,,,,,,,,,,,,,,,,,,,,,,,,,,,,,,,,,,,,,,,,,,,,,,,,,,,,,,,,,,,,,,,,,,,,,,,,,,,,,,,,,,,,,,,,,,
2017,Low income,,True,,,,,75.48257830679717,,,,,,,,,,,,,,,,,,,,,,,,,,31.677678361293403,28.99659706324037,,,,,56.41589243608245,59.8792630845406,,,,,,,,,,,,40.124719253485424,,,,,,,,,46.97372231797886,,,,,,,26.66901279213663,,,,,,,,68.41368021026258,,,,,,,,,,,,,,,,,,,,,,,,,46.27159451259753,,,,25.634520815090863,12.695190425678922,,,37.50244285218966,,,,,,,,,,,9.68614842073303,,,,,,,,48.31372057872734,,,,,,,,,,,,,,,,,,,11.863492262153107,,,,,,,,,,,54.49611461553914,,,,,39.84605203773555,,19.192814153279432,,,72.54642118810042,,,,44.883069713899054,,,,61.4656606745011,,,,,,,38.08950530963666,,,,,,,,,,82.77057955446183,,,
2017,Low income,True,,42.503894483692235,,,,,,,,,,,,,,,,,,,,,,,,,,,,,,,,,,,,,,,,,,,,,,,,,,,,,,,,,,,,,,,,,,,,,,,,,,,,,,,,,,,,,,,,,,,,,,,,,,,,,,,,,,,,,,,,,,,,,,,,,,,,,,,,,,,,,,,,,,,,,,,,,,,,,,,,,,,,,,,,,,,,,,,,,,,,,,,,,,,,,,,,,,,,,,,,,
2018,Low income,,True,,,,,76.22302164623329,,,,,,,,,,,,,,,,,,,,,,,,,,35.83075096201605,27.115660685420583,,,,,41.67272832954222,64.3760918608829,,,,,,,,,,,,41.610638804634426,,,,,,,,,50.77529716229817,,,,,,,19.860093940934593,,,,,,,,66.97977163074864,,,,,,,,,,,,,,,,,,,,,,,,,43.76958064048141,,,,29.327694492470023,12.801203199394786,,,32.55354401255889,,,,,,,,,,,9.326227700850543,,,,,,,,48.961190078896784,,,,,,,,,,,,,,,,,,,11.775347004699476,,,,,,,,,,,60.98888846993205,,,,,43.4637217728032,,25.758580769540483,,,66.95340326622775,,,,43.79974361736222,,,,64.66404104870391,,,,,,,35.62893330688772,,,,,,,,,,75.94067632615824,,,
2018,Low income,True,,42.5682250511727,,,,,,,,,,,,,,,,,,,,,,,,,,,,,,,,,,,,,,,,,,,,,,,,,,,,,,,,,,,,,,,,,,,,,,,,,,,,,,,,,,,,,,,,,,,,,,,,,,,,,,,,,,,,,,,,,,,,,,,,,,,,,,,,,,,,,,,,,,,,,,,,,,,,,,,,,,,,,,,,,,,,,,,,,,,,,,,,,,,,,,,,,,,,,,,,,
2019,Low income,,True,,,,,76.81836835546218,,,,,,,,,,,,,,,,,,,,,,,,,,34.693561737636855,22.216406288647047,,,,,60.558253882996695,63.696890606949744,,,,,,,,,,,,38.49700449552145,,,,,,,,,46.44067699639667,,,,,,,20.298823836125433,,,,,,,,69.38860290859644,,,,,,,,,,,,,,,,,,,,,,,,,54.67374698173035,,,,34.22468020761321,11.854195905217448,,,31.079233971544937,,,,,,,,,,,9.710028949674545,,,,,,,,46.09528950358962,,,,,,,,,,,,,,,,,,,11.689704727016531,,,,,,,,,,,52.88983771983029,,,,,45.40616170411163,,42.324686979908414,,,67.37359524542367,,,,41.80766531778858,,,,66.20977898924001,,,,,,,38.26028573694584,,,,,,,,,,73.29613256601624,,,
2019,Low income,True,,43.86542434201002,,,,,,,,,,,,,,,,,,,,,,,,,,,,,,,,,,,,,,,,,,,,,,,,,,,,,,,,,,,,,,,,,,,,,,,,,,,,,,,,,,,,,,,,,,,,,,,,,,,,,,,,,,,,,,,,,,,,,,,,,,,,,,,,,,,,,,,,,,,,,,,,,,,,,,,,,,,,,,,,,,,,,,,,,,,,,,,,,,,,,,,,,,,,,,,,,
2020,Low income,,True,,,,,74.81396106638988,,,,,,,,,,,,,,,,,,,,,,,,,,34.64081250542109,20.45733536416791,,,,,49.6755260346663,69.76126264290522,,,,,,,,,,,,39.717938284041374,,,,,,,,,48.565056493675336,,,,,,,17.3896906589893,,,,,,,,56.387027937447456,,,,,,,,,,,,,,,,,,,,,,,,,63.21783992276719,,,,30.938416289084604,13.361824096816244,,,44.737059390005314,,,,,,,,,,,10.320578551111664,,,,,,,,43.54892795285029,,,,,,,,,,,,,,,,,,,10.47343632269638,,,,,,,,,,,52.34044427378004,,,,,48.49442407350201,,39.62005507925985,,,52.96360730609965,,,,47.762235879379425,,,,64.32513243660398,,,,,,,29.938382814581708,,,,,,,,,,69.91931013802439,,,
2020,Low income,True,,46.249647634692366,,,,,,,,,,,,,,,,,,,,,,,,,,,,,,,,,,,,,,,,,,,,,,,,,,,,,,,,,,,,,,,,,,,,,,,,,,,,,,,,,,,,,,,,,,,,,,,,,,,,,,,,,,,,,,,,,,,,,,,,,,,,,,,,,,,,,,,,,,,,,,,,,,,,,,,,,,,,,,,,,,,,,,,,,,,,,,,,,,,,,,,,,,,,,,,,,
2021,Low income,,True,,,,,77.21405379763306,,,,,,,,,,,,,,,,,,,,,,,,,,34.64732202617294,24.584613525277764,,,,,49.579109046796574,69.48041052931765,,,,,,,,,,,,39.128695672738175,,,,,,,,,49.67214442188424,,,,,,,21.036004129974515,,,,,,,,59.62157023293602,,,,,,,,,,,,,,,,,,,,,,,,,62.61005380911864,,,,32.71157955438909,12.327555713180354,,,44.20400869848497,,,,,,,,,,,9.210404215258997,,,,,,,,42.52769767694856,,,,,,,,,,,,,,,,,,,10.109738155256892,,,,,,,,,,,51.4098369531665,,,,,42.59476928237813,,31.085503158923306,,,56.857883253032035,,,,48.297891713634144,,,,69.00460200443504,,,,,,,27.35579647427665,,,,,,,,,,72.10394350529782,,,
2021,Low income,True,,43.39938899043155,,,,,,,,,,,,,,,,,,,,,,,,,,,,,,,,,,,,,,,,,,,,,,,,,,,,,,,,,,,,,,,,,,,,,,,,,,,,,,,,,,,,,,,,,,,,,,,,,,,,,,,,,,,,,,,,,,,,,,,,,,,,,,,,,,,,,,,,,,,,,,,,,,,,,,,,,,,,,,,,,,,,,,,,,,,,,,,,,,,,,,,,,,,,,,,,,
2022,Low income,,True,,,,,77.94615183742482,,,,,,,,,,,,,,,,,,,,,,,,,,34.61856134127818,24.51572496625333,,,,,47.64571409912882,58.17550607762945,,,,,,,,,,,,37.0765529020307,,,,,,,,,54.30679012372674,,,,,,,19.891913401837975,,,,,,,,64.89645191258441,,,,,,,,,,,,,,,,,,,,,,,,,62.22333294467063,,,,32.28622399569592,12.096916670672336,,,43.21066619159537,,,,,,,,,,,9.686964202966722,,,,,,,,40.34075091887031,,,,,,,,,,,,,,,,,,,9.62182110210194,,,,,,,,,,,52.656490321375024,,,,,42.14455123714493,,34.39799726611725,,,51.418955377995154,,,,45.73065777102264,,,,63.19364096526302,,,,,,,34.09155349513549,,,,,,,,,,70.20210164119148,,,
2022,Low income,True,,42.67760871437015,,,,,,,,,,,,,,,,,,,,,,,,,,,,,,,,,,,,,,,,,,,,,,,,,,,,,,,,,,,,,,,,,,,,,,,,,,,,,,,,,,,,,,,,,,,,,,,,,,,,,,,,,,,,,,,,,,,,,,,,,,,,,,,,,,,,,,,,,,,,,,,,,,,,,,,,,,,,,,,,,,,,,,,,,,,,,,,,,,,,,,,,,,,,,,,,,
2000,Lower middle income,,True,,,,,,,,,27.30468809318616,,,,,,,,,61.82206795315046,,,,,54.91024310149396,11.54134427532852,33.50730144789696,,,,,,,,,68.74071534391358,78.47399746973802,,,,,,,79.71902175156009,52.69972395048944,,,,,,77.68719497264435,,,44.385186520347915,,,,62.489348406521614,,,,,18.52517985611511,,,,,,,,38.044373215726544,,,,65.37365950534105,,,44.373437280913286,45.948818694203375,,,71.70202584808165,,,,,,,,,39.10034602076124,,47.33139737002507,0.1505753774356314,,51.64644714038128,44.779740108372266,,57.790882986635296,39.72735939816723,,,,,,,,,,,,77.82102383721326,,,4.819454907529054,,,,53.86581530617632,,85.6558050487586,7.103507231720572,,55.78205070885644,,,43.88296774274197,,60.16206766896244,,,,57.34227134653512,,,9.442844114413644,,,41.19496825420653,,,,,,,,,,,,,,43.841047736336854,,55.66883060652109,,,,,,,5.395872511864097,,,,,40.04385384685797,,,,,,79.15172232409036,,,,,,38.62986151631459,,,,,,,,38.470190108445266,,,60.58262714779695,10.398283311670086,34.58064971002693,,44.93043575621403,,38.49999999999999
2000,Lower middle income,True,,,44.855087932293145,,,,,,,,,,,,,,,,,,,,,,,,,,,,,,,,,,,,,,,,,,,,,,,,,,,,,,,,,,,,,,,,,,,,,,,,,,,,,,,,,,,,,,,,,,,,,,,,,,,,,,,,,,,,,,,,,,,,,,,,,,,,,,,,,,,,,,,,,,,,,,,,,,,,,,,,,,,,,,,,,,,,,,,,,,,,,,,,,,,,,,,,,,,,,,,,
2001,Lower middle income,,True,,,,,,,,,45.09108640570071,,,,,,,,,65.8053079827039,,,,,49.055398413264456,8.032745242611984,33.053376253057586,,,,,,,,,62.38497540048498,75.10469975125699,,,,,,,81.27288908130161,45.7850317661952,,,,,,79.4765877317858,,,48.03302018975347,,,,63.825608798114686,,,,,17.861988309172705,,,,,,,,33.58546487942544,,,,63.41351933156937,,,45.20530131356075,52.52028381721907,,,74.10620759586604,,,,,,,,,38.47376788553259,,46.39786388595886,0.0999940003599784,,53.16455696202531,43.971467192572426,,54.84230973780082,28.387220929732113,,,,,,,,,,,,77.1258444423006,,,4.811158978778379,,,,53.25442694729381,,85.89757064205484,7.24292911256782,,51.26501946354787,,,40.38275575745356,,60.74782079672779,,,,55.79309928219097,,,8.865389317862805,,,44.61747854618742,,,,,,,,,,,,,,43.62086671721233,,52.763720416403245,,,,,,,4.633655445748985,,,,,41.09132397712735,,,,,,76.52173913043478,,,,,,39.44774014517901,,,,,,,,40.90833683944754,,,60.843823036593115,10.892440049286092,29.70149044144598,,38.39976342231148,,40.0
2001,Lower middle income,True,,,45.49516653987798,,,,,,,,,,,,,,,,,,,,,,,,,,,,,,,,,,,,,,,,,,,,,,,,,,,,,,,,,,,,,,,,,,,,,,,,,,,,,,,,,,,,,,,,,,,,,,,,,,,,,,,,,,,,,,,,,,,,,,,,,,,,,,,,,,,,,,,,,,,,,,,,,,,,,,,,,,,,,,,,,,,,,,,,,,,,,,,,,,,,,,,,,,,,,,,,
2002,Lower middle income,,True,,,,,,,,,49.66205143399484,,,,,,,,,62.93533719537238,,,,,51.766090338750665,11.15311350676702,33.9209355338018,,,,,,,,,60.82084858491142,70.18141111305617,,,,,,,76.19381127908812,61.42270810381944,,,,,,78.18621924753673,,,40.90150971561476,,,,63.76679571851515,,,,,16.884169351245188,,,,,,,,31.97357255727507,,,,59.40450022505109,,,48.17780071139779,51.85142436839179,,,73.37396252242995,,,,,,,,,39.48170731707317,,44.625191765029015,0.1095796701208543,,51.66136954637389,49.66936681615229,,54.115432310696754,30.11707034381126,,,,,,,,,,,,69.98466306167096,,,5.411477029062275,,,,53.84698265034532,,82.23466446247839,6.861977609000138,,51.95619473799033,,,45.29000269390529,,65.04915611187913,,,,50.964853821224345,,,8.749374952324281,,,47.76664191242943,,,,,,,,,,,,,,41.91096603582627,,55.3296280426857,,,,,,,2.5889079371835892,,,,,40.45339624224523,,,,,,78.16711590296495,,,,,,40.20476557956791,,,,,,,,42.51955596990228,,,62.07057488823335,8.863713145658185,34.54223200515579,,28.439866991017187,,36.0
2002,Lower middle income,True,,,48.91992607269631,,,,,,,,,,,,,,,,,,,,,,,,,,,,,,,,,,,,,,,,,,,,,,,,,,,,,,,,,,,,,,,,,,,,,,,,,,,,,,,,,,,,,,,,,,,,,,,,,,,,,,,,,,,,,,,,,,,,,,,,,,,,,,,,,,,,,,,,,,,,,,,,,,,,,,,,,,,,,,,,,,,,,,,,,,,,,,,,,,,,,,,,,,,,,,,,
2003,Lower middle income,,True,,,,,,,,,48.51068844211233,,,,,,,,,63.01078214577388,,,,,51.67531430060753,19.008455237029732,32.028614275916475,,,,,,,,,61.89111710497629,71.51586941784079,,,,,,,73.11751583854642,61.43461656420064,,,,,,76.07664807117956,,,34.37653240327877,,,,65.40507543385367,,,,,15.057869710467266,,,,,,,,36.102429661305415,,,,62.54089470831773,,,48.05616260473076,48.32307086570096,,,73.42475257791062,,,,,,,,,42.03338391502276,,45.29117970251899,0.1149587560252505,,51.07936883167753,54.75913637354731,,52.48448878930392,32.465887386103056,,,,,,,,,,,,68.38989846099145,,,4.894928982869091,,,,56.20530754497413,,83.1668950720383,7.159931899158283,,53.80938084570795,,,38.689108776262,,72.81435810861414,,,,60.46445285573868,,,8.782978013479031,,,47.700532960000466,,,,,,,,,,,,,,31.92261036603331,,54.93058057757384,,,,,,,2.9256056749833124,,,,,37.60930446687715,,,,,,73.30263154460029,,40.93309062643714,,,,40.8963990249564,,,,,,,,40.01273952479513,,,59.288833180895274,9.628830376087569,34.5428334374313,,28.419410108692396,,40.3
2003,Lower middle income,True,,,48.05616260473076,,,,,,,,,,,,,,,,,,,,,,,,,,,,,,,,,,,,,,,,,,,,,,,,,,,,,,,,,,,,,,,,,,,,,,,,,,,,,,,,,,,,,,,,,,,,,,,,,,,,,,,,,,,,,,,,,,,,,,,,,,,,,,,,,,,,,,,,,,,,,,,,,,,,,,,,,,,,,,,,,,,,,,,,,,,,,,,,,,,,,,,,,,,,,,,,
2004,Lower middle income,,True,,,,,,,,,46.89109955948987,,,,,,,,,63.09557667662395,,,,,48.5820186599034,16.253636040388724,32.59438957357912,,,,,,,,,56.644347552550755,73.89202336521052,,,,,,,73.01578890051924,55.608406166019066,,,,,,77.0147992028839,,,38.80529734202991,,,,64.5525699991931,,,,,14.643968321020123,,,,,,,,32.52027713224838,,,,69.5069141318023,,,46.486258554824566,50.057262461229016,,,72.48267026799061,,,,,,,,,40.68493150684932,,44.469044884355625,0.0966217115350123,,46.59613918525898,47.259190703168784,,48.88165677301577,31.500665551115432,,,,,,,,,,,,70.48689674923635,,,4.351610237446433,,,,57.37558262060937,,78.88470026009063,6.472501349988067,,51.60284494452192,,,41.55657020826054,,64.54787341685352,,,,60.75031130652402,,,8.475083358543323,,,47.77958214958374,,,,,,,,,,,,,,35.2790633941411,,55.091388425595454,,,,,,,2.6556001756383334,,,,,41.03234928359543,,,,,,71.73569285582023,,34.5907202038064,,,,41.51860520126933,,,,,,,,37.371344704318425,,,59.55812900777494,9.409129417798551,34.675171293768706,,30.96240349256253,,36.2
2004,Lower middle income,True,,,46.59613918525898,,,,,,,,,,,,,,,,,,,,,,,,,,,,,,,,,,,,,,,,,,,,,,,,,,,,,,,,,,,,,,,,,,,,,,,,,,,,,,,,,,,,,,,,,,,,,,,,,,,,,,,,,,,,,,,,,,,,,,,,,,,,,,,,,,,,,,,,,,,,,,,,,,,,,,,,,,,,,,,,,,,,,,,,,,,,,,,,,,,,,,,,,,,,,,,,
2005,Lower middle income,,True,,,,,,,,,42.3326550156828,,,,,,,,,65.38332057124025,,,,,46.525252640001014,16.790383271608146,32.00019160543809,,,,,,,,,61.238767850456625,74.33882748424104,,,,,,,76.20360916385496,51.97861199804366,,,,,,76.73565890093901,,,35.31047202006929,,,,64.58325858419146,,,,,13.244640776049408,,,,,,,,23.56558235915366,,,,70.15050429856022,,,46.01601995123385,49.06471797773624,,,73.14936495975637,,,,,,,,,40.07585335018963,,45.226624084774905,0.1181272111937345,,42.56970337824357,43.72243898038444,,47.32339473498957,34.3876481022384,,,,,,,,,,,,67.13423559679775,,,3.202762435033336,,,,59.65603282595009,,82.50259190926727,6.1930037913623375,,49.21795819870422,,,39.168992874714775,,65.97051087080244,,,,65.86717499143437,,,8.195516081752704,,,52.10651341065148,,,,,,,,,,,,,,33.39511331711299,,39.51602322238256,,,,,,,2.172360867317683,,,,,40.50283075584315,,,,,,66.09986146691351,,33.20261613660262,,,,42.11570363493721,,,,,,,,33.71459375118443,,,57.6280192243061,9.79648987090007,34.641765831832025,,26.097875348074584,,37.0
2005,Lower middle income,True,,,42.56970337824357,,,,,,,,,,,,,,,,,,,,,,,,,,,,,,,,,,,,,,,,,,,,,,,,,,,,,,,,,,,,,,,,,,,,,,,,,,,,,,,,,,,,,,,,,,,,,,,,,,,,,,,,,,,,,,,,,,,,,,,,,,,,,,,,,,,,,,,,,,,,,,,,,,,,,,,,,,,,,,,,,,,,,,,,,,,,,,,,,,,,,,,,,,,,,,,,
2006,Lower middle income,,True,,,,,,,,,30.665700706138303,,,,,,,,,65.63786360153873,,,,,45.664999221370195,14.791033767877254,32.26539419178459,,,,,,,,,52.64817745764396,74.35810803724036,,,,,,,79.4947145805547,48.682071218316054,,,,,,75.94538898764651,,,31.15603061804429,,,,60.41719664207581,,,,,12.404337479998633,,,,,,,,35.24680420523126,,,,70.81014857941558,,,43.06276747923635,49.86248875811947,,,72.25708001019305,,,,,,,,,39.18604651162791,,39.19218744384423,0.0593482376540828,,39.18014446824823,41.07786438759931,,44.68946255509915,30.023183900768416,,,,,,,,,,,,68.15977001596262,,,3.0564809298832833,,,,58.74881319084159,,75.0160270836992,5.987183710901196,,42.501872064262855,,,41.984314094755135,,70.45880332175088,,,,72.83743954050786,,,8.107341508347574,,,54.03545821316313,,,,,,,,,,,,,,39.90424151902341,,37.4395064707389,,,,,,,2.6575585940154047,,,,,40.9494170614584,,,,,,68.79291286554731,,22.019385353079187,,,,42.67474416127439,,,,,,,,25.771896220001615,,,56.895208170238035,9.125374761785787,34.69738324729793,,25.69581196379958,,41.3
2006,Lower middle income,True,,,41.3,,,,,,,,,,,,,,,,,,,,,,,,,,,,,,,,,,,,,,,,,,,,,,,,,,,,,,,,,,,,,,,,,,,,,,,,,,,,,,,,,,,,,,,,,,,,,,,,,,,,,,,,,,,,,,,,,,,,,,,,,,,,,,,,,,,,,,,,,,,,,,,,,,,,,,,,,,,,,,,,,,,,,,,,,,,,,,,,,,,,,,,,,,,,,,,,
2007,Lower middle income,,True,,,,,,,,,28.38397137943825,,,,,,,,,66.41323998223301,,,,,48.278289670170224,14.336646937066876,30.761935664154585,,,,,,,,,48.97736793648079,75.5683537991411,,,,,,,81.81255386842678,49.156762598772474,,,,,,68.75501185798453,,,30.18076603726823,,,,60.32749209997127,,,,,12.135823010458866,,,,,,,,39.62923949486363,,,,71.87591042805697,,,40.12002434814867,49.79936902211986,,,70.81672554263639,,,,,,,,,36.04766633565045,,36.450119715252576,0.1661129568106312,,42.911514264201905,35.17124807754337,,44.07956457728904,24.052000106791237,,,,,,,,,,,,65.29890917559537,,,2.8201953701979825,,,,57.1830523747972,,82.16391609117784,5.800811630493445,,60.9615321549208,,,41.944689505098886,,70.93754578248472,,,,71.69874618194049,,,7.78150472254904,,,55.96742706295855,,,,,,,,,,,,,,35.33236844005242,,44.27264077711145,,,,,,,2.9175589839507245,,,,,44.85179342398447,,,,,,70.61388375770038,,18.25991250762922,,,,42.8681333171281,,,,,,,,28.474226087770468,,,58.13136082181956,9.428260938065884,34.669079930760276,,24.72501102460593,,37.3
2007,Lower middle income,True,,,42.8681333171281,,,,,,,,,,,,,,,,,,,,,,,,,,,,,,,,,,,,,,,,,,,,,,,,,,,,,,,,,,,,,,,,,,,,,,,,,,,,,,,,,,,,,,,,,,,,,,,,,,,,,,,,,,,,,,,,,,,,,,,,,,,,,,,,,,,,,,,,,,,,,,,,,,,,,,,,,,,,,,,,,,,,,,,,,,,,,,,,,,,,,,,,,,,,,,,,
2008,Lower middle income,,True,,,,,,,,,21.6532374734864,,,,,,,,,67.83094672722899,,,,,44.00003455454868,15.474246946370776,30.368228555181872,,,,,,,,,51.07616195754014,74.2455926739462,,,,,,,83.37431035411163,37.85081189572474,,,,,,65.54959516924161,,,27.901847959726652,,,,61.82380216383308,,,,,10.542341659611491,,,,,,,,41.1251028583553,,,,70.94914197989844,,,38.579563295711914,51.41562379163277,,,69.14794390326009,,,,,,,,,31.94139194139194,,34.09735751944188,0.1691331923890063,,48.67649143018582,31.377788552891456,,44.85952270991785,22.01409201195068,,,,,,,,,,,,60.940374978252834,,,2.6466389974439606,,,,56.41322744307736,,82.45877182982929,6.899862333764532,,61.62509150289994,,,40.90857782077088,,72.75693636345531,,,,69.98925449602355,,,8.695229418644251,,,57.449916176231895,,,,,,,,,,,,,,30.23218496088386,,41.62781532818733,,,,,,,3.7000193074856567,,,,,50.64072825283336,,,,,,68.58421343945983,,11.520394288153064,,,,42.79279268686949,,,,,,,,32.58509955252539,,,57.31649681483662,8.968692268129288,34.576128061134405,,20.53532680499938,,35.8
2008,Lower middle income,True,,,41.1251028583553,,,,,,,,,,,,,,,,,,,,,,,,,,,,,,,,,,,,,,,,,,,,,,,,,,,,,,,,,,,,,,,,,,,,,,,,,,,,,,,,,,,,,,,,,,,,,,,,,,,,,,,,,,,,,,,,,,,,,,,,,,,,,,,,,,,,,,,,,,,,,,,,,,,,,,,,,,,,,,,,,,,,,,,,,,,,,,,,,,,,,,,,,,,,,,,,
2009,Lower middle income,,True,,,,,,,,,15.508905276859709,,,,,,,,,67.94347601357796,,,,,42.598740198823634,16.581088013871028,30.099377161642423,,,,,,,,,50.50344649114055,76.7654261746024,,,,,,,84.12469026346314,50.37175921649508,,,,,,57.4265505984766,,,26.62792545663053,,,,60.43681227075692,,,,,10.423814375289782,,,,,,,,34.95505786523992,,,,72.49655809767638,,,39.27423993716932,44.909089141244664,,,66.75774911887123,,,,,,,,,22.713130056004974,,31.37526632737033,0.4361098996947231,,38.58998430800263,26.876940001929007,,44.56974179946544,19.720540323437227,,,,,,,,,,,,62.765154320947815,,,2.478506001889601,,,,54.49833110978286,,82.26850209277941,8.49085298304467,,57.623226627864675,,,38.31826798247874,,74.4749350013783,,,,67.87589614315249,,,10.39126954413036,,,55.57599237791293,,,,,,,,,,,,,,27.401454401636553,,45.61538504569661,,,,,,,2.7192818243592263,,,,,53.28553065974998,,,,,,69.63989086658773,,8.844770754174595,,,,42.521300268123056,,,,,,,,34.648313503845344,,,56.41966798403953,8.954448041799917,34.63538188592652,,14.88439416507122,,39.2
2009,Lower middle income,True,,,39.27423993716932,,,,,,,,,,,,,,,,,,,,,,,,,,,,,,,,,,,,,,,,,,,,,,,,,,,,,,,,,,,,,,,,,,,,,,,,,,,,,,,,,,,,,,,,,,,,,,,,,,,,,,,,,,,,,,,,,,,,,,,,,,,,,,,,,,,,,,,,,,,,,,,,,,,,,,,,,,,,,,,,,,,,,,,,,,,,,,,,,,,,,,,,,,,,,,,,
2010,Lower middle income,,True,,,,,,,,,19.343756552505763,,,,,,,,,67.95515241682304,,,,,43.514213599820685,16.482634124188966,33.27740047621396,,,,,,,,,51.909465709611645,76.02136133476489,,,,,,,80.46083731716925,42.15446621039813,,,,,,56.47934308442392,,,26.46213522455535,,,,62.62810293782737,,,,,10.45542167633081,,,,,,,,34.31673871689281,,,,69.29233302801852,,,33.309672906564735,46.262525938062815,,,65.18476657860502,,,,,,,,,21.855146124523507,,30.178573449212564,0.6337135614702154,,43.09150350093962,35.96013088494687,,43.585005285457925,22.735610657906008,,,,,,,,,,,,62.63608890434864,,,2.012923229731101,,,,55.61273143816961,,80.74466120044343,9.276327336296132,,56.20389174284442,,,37.48913042118837,,76.87748510832735,,,,67.75833524489613,,,12.283681572767144,,,54.84585889526821,,,,,,,,,,,,,,25.69589342318863,,48.6773373044413,,,,,,,4.094244179932038,,,,,53.29795158638011,,,,,,70.43351650104397,,11.56462630329396,,,,42.105831293269766,,,,,,,,31.8940285252184,,,58.04501647234942,8.853834590273546,34.674057878114894,,14.804829281658046,34.431033345095116,36.00000000000001
2010,Lower middle income,True,,,39.79748085722907,,,,,,,,,,,,,,,,,,,,,,,,,,,,,,,,,,,,,,,,,,,,,,,,,,,,,,,,,,,,,,,,,,,,,,,,,,,,,,,,,,,,,,,,,,,,,,,,,,,,,,,,,,,,,,,,,,,,,,,,,,,,,,,,,,,,,,,,,,,,,,,,,,,,,,,,,,,,,,,,,,,,,,,,,,,,,,,,,,,,,,,,,,,,,,,,
2011,Lower middle income,,True,,,,,,,,,17.993809547316484,,,,,,,,,68.1760497859758,,,,,44.51009054569328,16.343927557328627,32.50546534399738,,,,,,,,,59.74188114546516,69.64954966590884,,,,,,,64.04379643477198,41.091345841530995,,,,,,59.20729604076439,,,24.228805659318468,,,,60.49510467245085,,,,,10.483345290491156,,,,,,,,32.97914709477223,,,,59.98564513641898,,,26.086278194221872,45.79560888186376,,,62.224900667100286,,,,,,,,,20.901639344262296,,30.966134436776017,0.6587615283267456,,43.5401388752761,52.60241132103267,,40.18660659982387,18.636555684765145,,,,,,,,,,,,58.376059328338854,,,3.0142072085281346,,,,54.240041274242174,,77.27888643385853,10.30300382191404,,58.379670074699526,,,37.83097294418427,,74.7251426523028,,,,65.34801542111009,,,12.239906413556982,,,58.89309328021071,,,,,,,,,,,,,,23.793256562138744,,50.79879967832098,,,,,,,3.234237708127604,,,,,51.22101694472045,,,,,,62.544035295074664,,9.924847794421344,,,,41.58300107367289,,,,,,,,27.954620265480223,,,58.182222401238995,8.49025118417834,34.68690600173156,,12.191556284056173,37.22082654693499,44.599999999999994
2011,Lower middle income,True,,,41.33717345760194,,,,,,,,,,,,,,,,,,,,,,,,,,,,,,,,,,,,,,,,,,,,,,,,,,,,,,,,,,,,,,,,,,,,,,,,,,,,,,,,,,,,,,,,,,,,,,,,,,,,,,,,,,,,,,,,,,,,,,,,,,,,,,,,,,,,,,,,,,,,,,,,,,,,,,,,,,,,,,,,,,,,,,,,,,,,,,,,,,,,,,,,,,,,,,,,
2012,Lower middle income,,True,,,,,,,,,17.61917736571861,,,,,,,,,68.27939578435944,,,,,41.52768130884621,20.506404108217637,34.35833720208486,,,,,,,,,60.4709064156737,66.84483085438241,,,,,,,67.96592515250751,29.7379911213036,,,,,,52.79811462743062,,,22.947966292893753,,,,60.884058320191095,,,,,10.508193732767374,,,,,,,,36.85724116514932,,,,62.399291761299274,,,28.439817631401645,49.860035258929926,,,63.000137114270366,,,,,,,,,21.583143507972665,,31.60435414291642,0.6289308176100629,,43.24369435160943,48.63186994098266,,37.33576498544005,16.792899326597965,,,,,,,,,,,,55.42799844537943,,,2.884987080536847,,,,52.745853253320405,,76.70021539044399,10.90823573165241,,56.0754324488468,,,37.63622519452191,,72.84433313232687,,,,61.156576999385656,,,9.220928309300652,,,58.31450288024299,,,,,,,,,,,,,,17.795820550752946,,52.773859404926135,,,,,,,3.0245059576397453,,,,,51.93098920321639,,,,,,63.93601775229994,,9.493401635851187,,,,40.97820706035311,,,,,,,,24.69026855672745,,,56.24571012346564,8.010564158746648,40.778924288099326,,12.63157894736842,34.968517776932636,43.8
2012,Lower middle income,True,,,40.878565674226216,,,,,,,,,,,,,,,,,,,,,,,,,,,,,,,,,,,,,,,,,,,,,,,,,,,,,,,,,,,,,,,,,,,,,,,,,,,,,,,,,,,,,,,,,,,,,,,,,,,,,,,,,,,,,,,,,,,,,,,,,,,,,,,,,,,,,,,,,,,,,,,,,,,,,,,,,,,,,,,,,,,,,,,,,,,,,,,,,,,,,,,,,,,,,,,,
2013,Lower middle income,,True,,,,,,,,,21.34927835946469,,,,,,,,,69.6218552369909,,,,,42.584328926205465,20.313903067824175,34.00916571246426,,,,,,,,,61.222155826213665,69.71941942215018,,,,,,,68.00801903309964,30.65258688967115,,,,,,56.15932213210661,,,24.058083466667785,,,,57.935135612166206,,,,,10.530448484899775,,,,,,,,38.875708506166326,,,,61.901207091861835,,,36.241646515388965,49.25833763292392,,,69.07303433775897,,,,,,,,,22.13348545350827,,32.13203215050227,0.5494505494505495,,46.4152056331662,48.70332322644675,,36.9498123008234,13.912972626546424,,,,,,,,,,,,50.20851820927532,,,2.7265913402542155,,,,51.66726500646595,,72.23144334883713,9.887687825256464,,63.53343856130966,,,36.89557579841463,,70.92673405508287,,,,62.74438791290498,,,6.572432820532216,,,57.57440340982781,,,,,,,,,,,,,,14.24345229274532,,55.23879856347968,,,,,,,3.1773481568235584,,,,,48.93375576723599,,,,,,61.91825324871563,,6.968231580361341,,,,39.06398654579148,,,,,,,,24.090468282558817,,,56.05225811214178,7.252309234107582,41.58710218604028,,11.709144635503714,29.755965009402352,42.7
2013,Lower middle income,True,,,40.32554436591588,,,,,,,,,,,,,,,,,,,,,,,,,,,,,,,,,,,,,,,,,,,,,,,,,,,,,,,,,,,,,,,,,,,,,,,,,,,,,,,,,,,,,,,,,,,,,,,,,,,,,,,,,,,,,,,,,,,,,,,,,,,,,,,,,,,,,,,,,,,,,,,,,,,,,,,,,,,,,,,,,,,,,,,,,,,,,,,,,,,,,,,,,,,,,,,,
2014,Lower middle income,,True,,,,,,,,,26.876167057777323,,,,,,,,,70.75862589706017,,,,,46.494013135618,21.17123071973463,30.90435947840525,,,,,,,,,58.62177752113632,68.98473846211994,,,,,,,65.51406314177805,31.186316392718243,,,,,,51.14342060155703,,,22.659526308363013,,,,55.12137355020145,,,,,10.550495499534785,,,,,,,,45.050639763393455,,,,58.35925046409926,,,31.015313437157054,48.687782192589154,,,67.0139989081274,,,,,,,,,20.890774125132555,,29.22180284559738,0.5030181086519114,,56.32425787911967,50.87946549729929,,35.563759064571535,14.174581831328048,,,,,,,,,,,,47.62082562572208,,,2.625600309560262,,,,49.156290702159644,,66.03540878426817,9.036887493914554,,60.047536354567455,,,35.33010416414744,,71.85419306047967,,,,65.50694724919978,,,5.955254763433931,,,52.37667689212574,,,,,,,,,,,,,,15.04175125039522,,50.37561798921568,,,,,,,2.897921742289133,,,,,48.68254233467553,,,,,,62.18501217185341,,7.906072226967884,,,,38.00471070600986,,,,,,,,25.98152825990904,,,45.40990728663457,8.841500737363381,41.028209793078915,,13.819740466015038,24.83175430273199,44.4
2014,Lower middle income,True,,,42.71410489653945,,,,,,,,,,,,,,,,,,,,,,,,,,,,,,,,,,,,,,,,,,,,,,,,,,,,,,,,,,,,,,,,,,,,,,,,,,,,,,,,,,,,,,,,,,,,,,,,,,,,,,,,,,,,,,,,,,,,,,,,,,,,,,,,,,,,,,,,,,,,,,,,,,,,,,,,,,,,,,,,,,,,,,,,,,,,,,,,,,,,,,,,,,,,,,,,
2015,Lower middle income,,True,,,,,,,,,33.52316573187915,,,,,,,,,72.67827106207817,,,,,51.40564787453597,19.79465734804681,27.326616838290928,,,,,,,,,57.33106460753041,73.83301131030923,,,,,,,74.9879193307386,32.46011770120648,,,,,,42.58926525063264,,,19.037428212258444,,,,58.829969214962375,,,,,10.568647773076949,,,,,,,,35.80306196008489,,,,49.352403694470006,,,33.96487984083415,50.66353954824018,,,64.6644145534984,,,,,,,,,29.33435085478619,,26.898014801501503,1.0869565217391306,,54.539771433138846,45.36532622425604,,32.69744007000357,15.53549749048744,,,,,,,,,,,,47.7419846600329,,,2.6272182480557693,,,,48.9544417173224,,70.45003417705952,7.329125580929118,,59.435243242523015,,,35.392791329147464,,71.89007891659477,,,,64.43974975689339,,,12.36896100319096,,,51.17859761062772,,,,,,,,,,,,,,16.018086563174453,,50.83868130790885,,,,,,,3.091200021155716,,,,,48.93215271759589,,,,,,62.57888912152662,,7.3592950619571695,,,,39.67178175809056,,,,,,,,25.82907322545623,,,48.413690106831915,7.640150130625596,42.13227988961442,,12.25534920754825,25.786417636768203,44.80000000000001
2015,Lower middle income,True,,,40.90203082385249,,,,,,,,,,,,,,,,,,,,,,,,,,,,,,,,,,,,,,,,,,,,,,,,,,,,,,,,,,,,,,,,,,,,,,,,,,,,,,,,,,,,,,,,,,,,,,,,,,,,,,,,,,,,,,,,,,,,,,,,,,,,,,,,,,,,,,,,,,,,,,,,,,,,,,,,,,,,,,,,,,,,,,,,,,,,,,,,,,,,,,,,,,,,,,,,
2016,Lower middle income,,True,,,,,,,,,35.20893019949871,,,,,,,,,71.49493901980851,,,,,48.86448095606369,20.12969552268308,28.021120467329258,,,,,,,,,56.05389971596658,73.38752999879243,,,,,,,71.26645756759073,44.25678290683837,,,,,,40.0124936981064,,,23.178646764924117,,,,58.99694880694812,,,,,10.585161805269497,,,,,,,,37.823727774344114,,,,49.76166349484661,,,35.29019354933834,49.76507803555126,,,63.20620123857011,,,,,,,,,32.947473688673256,,24.999730530200736,0.7955901576844656,,57.21311496878011,46.442121591579706,,31.974815170032542,15.760462716767758,,,,,,,,,,,,55.744660289337965,,,2.395158563470696,,,,48.84678800802557,,76.67272710659735,7.712074953691289,,55.440067565926746,,,35.01575424039769,,75.18703347756028,,,,62.12799600532623,,,10.144590120246928,,,50.49208146849681,,,,,,,,,,,,,,13.91362040748224,,51.14096902863671,,,,,,,2.9827739845876367,,,,,50.1215998901744,,,,,,66.00267344638691,,7.904644065339473,,,,39.75572530616465,,,,,,,,21.89363217329764,,,54.65854713433292,10.506450187906216,41.35648083120969,,12.139536412433683,23.955671901007385,42.7
2016,Lower middle income,True,,,40.684487264658046,,,,,,,,,,,,,,,,,,,,,,,,,,,,,,,,,,,,,,,,,,,,,,,,,,,,,,,,,,,,,,,,,,,,,,,,,,,,,,,,,,,,,,,,,,,,,,,,,,,,,,,,,,,,,,,,,,,,,,,,,,,,,,,,,,,,,,,,,,,,,,,,,,,,,,,,,,,,,,,,,,,,,,,,,,,,,,,,,,,,,,,,,,,,,,,,
2017,Lower middle income,,True,,,,,,,,,34.12101380176604,,,,,,,,,70.089640722446,,,,,50.78124252494524,13.30646629960907,25.0778473361134,,,,,,,,,58.23594935252553,78.46200510098566,,,,,,,63.844436547040594,45.590119522451104,,,,,,39.21524181878885,,,26.157716013966475,,,,56.39825232765876,,,,,10.496746116439038,,,,,,,,22.65083755330272,,,,64.5975570392515,,,45.40202387244828,49.703532659343,,,55.11247720785412,,,,,,,,,33.99718040613214,,23.280600190566528,0.7096943819663024,,56.37662839499099,46.23710725140748,,33.06612298181191,15.707925713496689,,,,,,,,,,,,54.06332996653805,,,2.4997503938326764,,,,47.965676297852696,,75.68733218786048,7.794632478800932,,57.375848062071334,,,33.843583129586236,,77.38787172046614,,,,57.84242712682396,,,8.998544537928128,,,50.14806137349787,,,,,,,,,,,,,,14.757313612204417,,48.895735258804905,,,,,,,3.1458163237859176,,,,,49.25233001545947,,,,,,63.152412653125914,,8.344915303096688,,,,40.51967280345422,,,,,,,,21.261323988750014,,,56.68791007228931,10.365095801569831,42.58786843397713,,10.655810920974645,10.548448574164096,41.73205820263013
2017,Lower middle income,True,,,42.159963318303625,,,,,,,,,,,,,,,,,,,,,,,,,,,,,,,,,,,,,,,,,,,,,,,,,,,,,,,,,,,,,,,,,,,,,,,,,,,,,,,,,,,,,,,,,,,,,,,,,,,,,,,,,,,,,,,,,,,,,,,,,,,,,,,,,,,,,,,,,,,,,,,,,,,,,,,,,,,,,,,,,,,,,,,,,,,,,,,,,,,,,,,,,,,,,,,,
2018,Lower middle income,,True,,,,,,,,,36.180266721837235,,,,,,,,,70.67902568843493,,,,,45.57242467709419,13.163804790391092,22.1082710403068,,,,,,,,,60.968803119126136,72.26169216895593,,,,,,,67.24486437474859,50.2574952040189,,,,,,39.285322333538105,,,27.03619854777771,,,,62.61043299829191,,,,,10.147497354383518,,,,,,,,33.481615555078754,,,,67.11582747997551,,,38.85435530999323,52.144171121749515,,,53.22994592266988,,,,,,,,,35.31081560180946,,23.36505640758351,0.5863825138785226,,46.61981211441391,48.54592798082249,,35.30064920342732,14.444189243184985,,,,,,,,,,,,64.94996956739061,,,2.407483107725304,,,,46.985275976043184,,76.44636051777307,8.09860106084226,,57.72974307662317,,,33.159463093208245,,75.94579245831305,,,,56.24115893705163,,,9.599545101881812,,,50.4368512972791,,,,,,,,,,,,,,15.81694189540682,,48.3353666122047,,,,,,,3.6134342609978263,,,,,46.81987118976395,,,,,,68.41996319712494,,10.156639286354189,,,,41.915176175378264,,,,,,,,20.81168623769524,,,60.342360625271255,8.262956324403092,44.58100734091641,,10.275902528734935,8.796354486715051,39.495082131596334
2018,Lower middle income,True,,,40.7051291534873,,,,,,,,,,,,,,,,,,,,,,,,,,,,,,,,,,,,,,,,,,,,,,,,,,,,,,,,,,,,,,,,,,,,,,,,,,,,,,,,,,,,,,,,,,,,,,,,,,,,,,,,,,,,,,,,,,,,,,,,,,,,,,,,,,,,,,,,,,,,,,,,,,,,,,,,,,,,,,,,,,,,,,,,,,,,,,,,,,,,,,,,,,,,,,,,
2019,Lower middle income,,True,,,,,,,,,33.0572394826442,,,,,,,,,72.05020532654783,,,,,50.892902516159374,17.790430802967805,23.991598512898033,,,,,,,,,64.39125045114997,72.18878148085457,,,,,,,61.82796487522851,42.172037159984626,,,,,,37.2604636491989,,,28.24390906766438,,,,62.50646487001317,,,,,9.216985709492532,,,,,,,,28.97685078655046,,,,59.215427862221134,,,39.03829003784893,52.326352671749554,,,52.00421050753484,,,,,,,,,36.00002781605146,,24.29976356702487,0.6305582597265468,,46.18142704766504,41.83228506694637,,30.7113191834763,7.278182399231537,,,,,,,,,,,,60.29301432179047,,,2.613747020534024,,,,46.18149454944524,,76.56387380929587,7.938202797478035,,57.913130493968126,,,33.2176118187935,,71.49702688632999,,,,56.083011521500865,,,9.527100418250154,,,48.78687783500652,,,,,,,,,,,,,,16.991244979506632,,48.746607661381226,,,,,,,3.588588475557233,,,,,45.50741065295648,,,,,,71.22300456670851,,10.48759166289466,,,,35.576507920563785,,,,,,,,21.829025946951617,,,57.684970554862176,7.657790146347276,45.11730727300115,,7.252382524739965,9.083371177227663,38.696574507366904
2019,Lower middle income,True,,,38.867432272607914,,,,,,,,,,,,,,,,,,,,,,,,,,,,,,,,,,,,,,,,,,,,,,,,,,,,,,,,,,,,,,,,,,,,,,,,,,,,,,,,,,,,,,,,,,,,,,,,,,,,,,,,,,,,,,,,,,,,,,,,,,,,,,,,,,,,,,,,,,,,,,,,,,,,,,,,,,,,,,,,,,,,,,,,,,,,,,,,,,,,,,,,,,,,,,,,
2020,Lower middle income,,True,,,,,,,,,28.661708959436147,,,,,,,,,74.00198305609243,,,,,46.80970315657902,15.424658805362906,20.898394661791173,,,,,,,,,62.05143342443957,71.87678378166636,,,,,,,61.90162962718537,25.190232962956003,,,,,,31.992067274348887,,,31.74741420878443,,,,59.31352933086121,,,,,11.326665701126135,,,,,,,,23.75036203164569,,,,57.17256208402391,,,46.90286714953941,50.04225983837799,,,49.5109410823057,,,,,,,,,37.531260230288794,,23.332472300444987,0.684350172470786,,45.90539979587162,41.057891693309514,,30.312262878727672,15.9841556818894,,,,,,,,,,,,61.51318314985891,,,2.660716154024219,,,,41.28748310597396,,72.57280878171758,7.496560384634418,,54.1709718196769,,,32.27201907850023,,74.67577984472787,,,,55.23900437402938,,,10.424094448175312,,,44.56456722696712,,,,,,,,,,,,,,11.84764131531874,,41.573049117895245,,,,,,,3.427180030400519,,,,,43.76281613154968,,,,,,67.95899373526599,,6.684258877407801,,,,33.43321338970788,,,,,,,,29.070903311279142,,,53.113143464711875,8.40006396588403,42.40335241573325,,8.113663978868342,10.40830674886456,38.3919610709767
2020,Lower middle income,True,,,37.96161065063275,,,,,,,,,,,,,,,,,,,,,,,,,,,,,,,,,,,,,,,,,,,,,,,,,,,,,,,,,,,,,,,,,,,,,,,,,,,,,,,,,,,,,,,,,,,,,,,,,,,,,,,,,,,,,,,,,,,,,,,,,,,,,,,,,,,,,,,,,,,,,,,,,,,,,,,,,,,,,,,,,,,,,,,,,,,,,,,,,,,,,,,,,,,,,,,,
2021,Lower middle income,,True,,,,,,,,,26.077638292905153,,,,,,,,,72.969468614564,,,,,48.63362207097843,21.426395016697505,22.737875172424236,,,,,,,,,54.93882234942223,70.62872035537207,,,,,,,55.80695839902167,23.892321322273567,,,,,,28.367086701024647,,,27.2515461590031,,,,54.901980836592614,,,,,10.8002893940852,,,,,,,,26.49847791445779,,,,53.467129924040904,,,43.999977455725585,51.70559899376207,,,45.10914708265802,,,,,,,,,37.45389604366002,,22.675180594560988,0.6686294957114459,,39.053628920216376,30.705582548530646,,34.71579288709498,14.689678644216018,,,,,,,,,,,,48.191072376249586,,,2.650997486814169,,,,42.26218665458125,,54.10145739621882,7.8230169631520035,,51.2619711288561,,,30.81681630171025,,76.24336769816293,,,,50.67524002128665,,,10.3544776119403,,,41.21797925825217,,,,,,,,,,,,,,11.655727874206244,,46.877547658029414,,,,,,,3.636420008867887,,,,,42.98878421261751,,,,,,65.13355920029863,,5.890944876939928,,,,33.77783710991003,,,,,,,,25.50231956717087,,,60.31318953665741,7.213749225463752,40.46692889537292,,7.078294081900745,10.239922520361308,33.39273132432225
2021,Lower middle income,True,,,34.2468149985025,,,,,,,,,,,,,,,,,,,,,,,,,,,,,,,,,,,,,,,,,,,,,,,,,,,,,,,,,,,,,,,,,,,,,,,,,,,,,,,,,,,,,,,,,,,,,,,,,,,,,,,,,,,,,,,,,,,,,,,,,,,,,,,,,,,,,,,,,,,,,,,,,,,,,,,,,,,,,,,,,,,,,,,,,,,,,,,,,,,,,,,,,,,,,,,,
2022,Lower middle income,,True,,,,,,,,,28.700150639830063,,,,,,,,,72.52640819765233,,,,,42.49658971964282,34.566854502997515,21.876782059197875,,,,,,,,,61.21101529014403,67.69354999148662,,,,,,,43.93102859723468,25.39348639786083,,,,,,28.808749742494697,,,30.989723342533154,,,,53.82896965690328,,,,,10.3695022296368,,,,,,,,25.032135914512473,,,,55.455544538066505,,,48.15791920119177,51.053882415292485,,,45.98157097675149,,,,,,,,,40.21434097891837,,24.208749675612488,0.7877278740801551,,38.358105470868054,28.48155123302223,,33.42271690425226,12.633216366766018,,,,,,,,,,,,40.808203215838184,,,2.840088786143659,,,,43.011530614049335,,65.13663517075152,8.101207832840196,,55.78992004229615,,,35.656188663231205,,76.1296800543035,,,,47.36522852907577,,,9.2538604526742,,,44.63492737068114,,,,,,,,,,,,,,11.9719236300491,,48.82735104367288,,,,,,,3.7173256368818697,,,,,40.22339553172166,,,,,,65.18047141936572,,5.47778579711421,,,,33.865464228634586,,,,,,,,28.69367682786391,,,65.29790717927399,7.576216838232319,39.54518732743802,,9.690764359711697,8.157212102470636,33.55230267225021
2022,Lower middle income,True,,,35.11152158311436,,,,,,,,,,,,,,,,,,,,,,,,,,,,,,,,,,,,,,,,,,,,,,,,,,,,,,,,,,,,,,,,,,,,,,,,,,,,,,,,,,,,,,,,,,,,,,,,,,,,,,,,,,,,,,,,,,,,,,,,,,,,,,,,,,,,,,,,,,,,,,,,,,,,,,,,,,,,,,,,,,,,,,,,,,,,,,,,,,,,,,,,,,,,,,,,
2000,Upper middle income,,True,,,,,,51.814197488073965,25.794513886597567,,,,29.10433138400904,62.0109537124766,,,70.00448838461435,,,,,16.01373017224969,,38.140703266812125,,,,41.98865227851714,10.67191114702964,36.59222204778036,,,,,25.259189146517,,,,,,,60.12533863290784,13.691032733345624,,,,,16.229380772961093,,,,,,,33.024653809223665,55.32014575741801,63.55143599840471,,45.35605617671861,57.60738704766582,,,,10.837266704365424,,,53.20554801520013,,80.98434004474272,,,,59.30252806060548,58.98999254321926,,,,,,,,,45.19502332963686,59.60016091743219,,,,,29.629665370493573,,,48.510584775650706,,,,,,,,,,51.291111380801766,,,,,40.702011919044025,62.994311806736654,,,1.4231020690617564,,44.00006893552066,52.22364318225875,,,18.512214658997557,,,,,,,,,,,,,42.08673982722043,,,,,,,49.0969324634192,40.281414937807945,,,,,,47.17256726788808,,,,,58.86487934516314,27.27936727562375,11.967098298356468,,,,,29.621872508724593,,,,,,,,14.46151739477715,,,,,15.39642062169236,,,,,34.1855877829358,,,14.486394575011769,,,50.00687907963787,0.1043973049338601,28.600405679513184,,48.392655586287766,,,,,,,,,,,,
2000,Upper middle income,True,,,,41.98865227851714,,,,,,,,,,,,,,,,,,,,,,,,,,,,,,,,,,,,,,,,,,,,,,,,,,,,,,,,,,,,,,,,,,,,,,,,,,,,,,,,,,,,,,,,,,,,,,,,,,,,,,,,,,,,,,,,,,,,,,,,,,,,,,,,,,,,,,,,,,,,,,,,,,,,,,,,,,,,,,,,,,,,,,,,,,,,,,,,,,,,,,,,,,,,,,,
2001,Upper middle income,,True,,,,,,49.12819477475349,21.668524707719516,,,,29.474399271962536,50.879601662181706,,,69.6222065033716,,,,,20.720871215937233,,34.01008723555717,,,,41.35205563275752,9.45568603540903,37.807029370696974,,,,,23.33108280443563,,,,,,,64.19143638813796,13.398137321228155,,,,,18.70623874538349,,,,,,,41.144572185591294,54.503619193710755,60.953686541535355,,45.136608713911095,59.861142595794554,,,,13.178211886352177,,,50.8656219697237,,76.43830046757472,,,,56.1162707049977,62.31534361432703,,,,,,,,,40.492108832772885,59.236656536788686,,,,,38.41692307407961,,,42.7128647049898,,,,,,,,,,45.5279437617647,,,,,35.69312187394403,57.46391657662301,,,1.6824542557066529,,43.81983084645501,53.42838710707283,,,20.770065118284943,,,,,,,,,,,,,42.38284435263336,,,,,,,52.38962886151885,40.65113609988516,,,,,,51.94122255808057,,,,,56.878995162922216,28.611108252759767,14.055481764773754,,,,,28.489536438402254,,,,,,,,14.12628199056501,,,,,27.327308655886785,,,,,33.98860751490114,,,12.057826907144303,,,61.26546994472424,0.713570006140623,23.432070163825916,,47.16529886105672,,,,,,,,,,,,
2001,Upper middle income,True,,,,41.144572185591294,,,,,,,,,,,,,,,,,,,,,,,,,,,,,,,,,,,,,,,,,,,,,,,,,,,,,,,,,,,,,,,,,,,,,,,,,,,,,,,,,,,,,,,,,,,,,,,,,,,,,,,,,,,,,,,,,,,,,,,,,,,,,,,,,,,,,,,,,,,,,,,,,,,,,,,,,,,,,,,,,,,,,,,,,,,,,,,,,,,,,,,,,,,,,,,
2002,Upper middle income,,True,,,,,,50.85527114116403,22.524883379587028,,,,29.993897452507255,75.23449625480802,,,72.33946978773757,,,,,23.023610515238143,,33.93389367800913,,,,38.45634896875913,8.744948726336393,36.40619739237232,,,,,23.52381463559125,,,,,,,62.85082241914736,11.489590010987472,,,,,19.377361004184205,,,,,,,41.70457088586013,53.45066577057168,62.61038025044044,,44.8528562779288,86.49803466038497,,,,12.318936463903643,,,54.17115489601316,,77.12854757929883,,,,50.98685192913469,62.11329845587168,,,,,,,,,46.377962589021266,54.74597639027142,,,,,26.941487911874898,,,45.8946624693652,,,,,,,,,,33.0892416564088,,,,,34.64449837264636,51.8808579980035,,,1.5842172074521557,,44.87164792639976,54.359332230994795,,,20.993796606952696,,,,,,,,,,,,,42.57002683482583,,,,,,,56.07246537483096,39.940847112769966,,,,,,46.51903978642763,,,,,56.90605093773451,28.458880640552987,13.301483384065554,,,,,23.83035817958491,,,,,,,,13.557768272535036,,,,,23.008617905220422,,,,,27.89708253654944,,,12.373889518842184,,,61.135183733705944,1.24833604588278,20.320768097757895,,45.117456856464656,,,,,,,,,,,,
2002,Upper middle income,True,,,,39.940847112769966,,,,,,,,,,,,,,,,,,,,,,,,,,,,,,,,,,,,,,,,,,,,,,,,,,,,,,,,,,,,,,,,,,,,,,,,,,,,,,,,,,,,,,,,,,,,,,,,,,,,,,,,,,,,,,,,,,,,,,,,,,,,,,,,,,,,,,,,,,,,,,,,,,,,,,,,,,,,,,,,,,,,,,,,,,,,,,,,,,,,,,,,,,,,,,,
2003,Upper middle income,,True,,,,,,49.916486571115264,21.14863710502427,,,,28.249893308866753,76.42555234527045,,,69.06076041816553,,,,,20.16473488506467,,34.33569271313911,,,,32.549388208239236,8.766111349401633,35.47386036587309,,,,,24.17235366555599,,,,,,,60.717767584552114,8.603987512393338,,,,,20.325124104725436,,,,,,,40.0802549842442,61.65138279749176,62.02628611366311,,45.69374900172393,81.11119658025305,,,,12.854729636092308,,,50.16297333572593,,79.20792079207921,,,,53.7071430540809,61.62329598293106,,,,,,,,,46.01685389012364,54.06885302571577,54.54956726747028,,,,34.57055805502784,,,44.54787109674728,,,,,,,,,,33.7551326776983,,,,,34.498829256588024,53.8095921369727,,,1.4504407238557282,,45.3221865355804,55.663651366364235,,,23.92341073342073,,,,,,,,,,,,,43.79019712860601,,,,,,,54.628339135402754,37.488325037908275,,,,,,48.30680539599443,,,,,59.63883652458995,30.435607749000457,14.40465552092891,,,,,24.977643463957524,,,,,,,,12.326144035689296,,,,,23.549322648022606,,,,,27.16780075965267,,,12.782072601175573,,,63.69928524310105,1.2523682676789192,18.930562595032946,,41.02519292248515,,,,,,,,,,,,
2003,Upper middle income,True,,,,38.78429001107624,,,,,,,,,,,,,,,,,,,,,,,,,,,,,,,,,,,,,,,,,,,,,,,,,,,,,,,,,,,,,,,,,,,,,,,,,,,,,,,,,,,,,,,,,,,,,,,,,,,,,,,,,,,,,,,,,,,,,,,,,,,,,,,,,,,,,,,,,,,,,,,,,,,,,,,,,,,,,,,,,,,,,,,,,,,,,,,,,,,,,,,,,,,,,,,
2004,Upper middle income,,True,,,,,,48.34204028185532,26.094326713149883,,,,27.629631228104515,71.5887057682986,,,65.92002454875504,,,,,19.22298599679664,,34.26222177759063,,,,42.700678505794215,8.583290052008515,35.365836172623936,,,,,23.83398658507102,,,,,,,58.76867711946386,13.758600635865578,,,,,19.59809391497561,,,,,,,40.67153914213433,62.253121236370376,60.84589883488648,,44.66817772905917,79.72442571114605,,,,12.95536828133622,,,49.96992100178585,,79.43696450428396,,,,47.22589457529567,60.035316963170274,,,,,,,,,45.91063647451277,56.55964387652613,28.616320995928035,,,,27.55828005551039,,,41.03963152963681,,,,,,,,,,34.213508379694446,,,,,36.10705001704114,59.50084926143832,,,1.460724558979145,,43.42286521359517,53.692698329486845,,,24.662497430713984,,,,,,,,,,,,,42.53265668083074,,,,,,,56.959367315277376,36.692936052214414,,,,,,38.17024942523241,,,,,57.44703805409512,32.750417405750966,12.99295982009919,,,,,27.29331132621205,,,,,,,,11.845901175532942,,,,,20.69822008601084,,,,,26.408851432802035,,,9.972742876963244,,,72.1902015422004,1.4858453457342988,20.18101761252446,,41.40994337612722,,,,,,,,,,,,
2004,Upper middle income,True,,,,37.43159273872341,,,,,,,,,,,,,,,,,,,,,,,,,,,,,,,,,,,,,,,,,,,,,,,,,,,,,,,,,,,,,,,,,,,,,,,,,,,,,,,,,,,,,,,,,,,,,,,,,,,,,,,,,,,,,,,,,,,,,,,,,,,,,,,,,,,,,,,,,,,,,,,,,,,,,,,,,,,,,,,,,,,,,,,,,,,,,,,,,,,,,,,,,,,,,,,
2005,Upper middle income,,True,,,,,,49.3110106875959,28.09361340870351,,,,33.06813256366333,62.93591937630728,,,59.336259809543265,,,,,21.783041542842163,,33.10662192251641,,,,45.200058934980945,8.498576755945189,35.87643982202794,,,,,24.59075438178755,,,,,,,57.68999415432759,16.407938920077402,,,,,14.843676134054524,,,,,,,40.024544597046955,53.876555096154775,62.79947951916028,,44.0260229841279,74.1348046748762,,,,12.087748513282753,,,52.17641100117899,,79.58549222797927,,,,48.58168016538731,62.47688222095981,,,,,,,,,55.32828155357118,56.09494385184503,29.043928609834605,,,,29.14250804470095,,,34.41243156887059,,,,,,,,,,35.346716533506154,,,,,38.043800012780046,55.65865922885193,,,1.1557691253419118,,49.58810694314923,54.589552785303,,,31.4964553956432,,,,,,,,,,,,,41.238456085562255,,,,,,,57.92465994840624,34.02098127151775,,,,,,42.763850621550326,,,,,55.96851523437709,33.55260706657145,13.06104300199895,,,,,29.81834508035956,,,,,,,,11.312836060907024,,,,,20.86314471496335,,,,,27.583062440263383,,,10.644379814276853,,,73.8278640264314,1.329377557709958,24.17697945452361,,37.95809498267738,,,,,,,,,,,,
2005,Upper middle income,True,,,,36.917267402352664,,,,,,,,,,,,,,,,,,,,,,,,,,,,,,,,,,,,,,,,,,,,,,,,,,,,,,,,,,,,,,,,,,,,,,,,,,,,,,,,,,,,,,,,,,,,,,,,,,,,,,,,,,,,,,,,,,,,,,,,,,,,,,,,,,,,,,,,,,,,,,,,,,,,,,,,,,,,,,,,,,,,,,,,,,,,,,,,,,,,,,,,,,,,,,,
2006,Upper middle income,,True,,,,,,49.04850392613702,29.12135964299271,,,,32.41083902813439,61.17357084478309,,,56.28426853647473,,,,,24.388736655691968,,30.15259122342223,,,,44.99708620605602,8.292569287484605,34.371265298352846,,,,,23.799573679202833,,,,,,,55.991185724129544,17.93350603342115,,,,,14.263662050232549,,,,,,,39.9284252546719,54.748326498662166,60.92105766888163,,38.751213905281304,66.9377811319345,,,,14.346371989034056,,,51.18814199083329,,77.26432532347505,,,,52.81490414663891,61.51553356676622,,,,,,,,,53.37503988684431,51.6879896776236,32.58729020797706,,,,28.93594838622784,,,31.081233523607487,,,,,,,,,,34.62698627317336,,,,,34.73173876648727,49.92178310234531,,,0.9149702776978272,,52.91299601258595,53.763946961788285,,,25.55569756520344,,,,,,,,,,,,,37.000055357054976,,,,,,,56.72242161104665,40.32910507447576,,,,,,46.45158223751791,,,,,58.68156699394153,34.94708484356859,12.831099113662615,,,,,32.84013374240313,,,,,,,,10.582863847460125,,,,,18.083660535507324,,,,,17.65686161270273,,,7.913207776879339,,,76.42288582252716,0.7729083426239545,23.64892915577914,,36.13279659637221,,,,,,,,,,,,
2006,Upper middle income,True,,,,35.5399407199704,,,,,,,,,,,,,,,,,,,,,,,,,,,,,,,,,,,,,,,,,,,,,,,,,,,,,,,,,,,,,,,,,,,,,,,,,,,,,,,,,,,,,,,,,,,,,,,,,,,,,,,,,,,,,,,,,,,,,,,,,,,,,,,,,,,,,,,,,,,,,,,,,,,,,,,,,,,,,,,,,,,,,,,,,,,,,,,,,,,,,,,,,,,,,,,
2007,Upper middle income,,True,,,,,,49.40165069435963,28.088581976109552,,,,31.286299457839544,58.22918591757531,,,52.60792012864213,,,,,25.795337890072513,,26.12111933285526,,,,44.27066633374535,6.772622255638472,33.09411880191454,,,,,22.916232473949975,,,,,,,51.29121072667388,19.24854310363449,,,,,9.783149610540928,,,,,,,42.96026954275483,46.18055586116752,54.745162931044135,,41.639368332647805,64.73771121738795,,,,15.587112090659613,,,50.54165237189422,,75.67359507313319,,,,55.36963179590381,61.62370803638187,,,,,,,,,49.54561935253454,53.21485781179454,29.548230464929873,,,,31.155291347585425,,,32.774259579895926,,,,,,,,,,33.44186550952807,,,,,35.123051616302526,47.22498976679304,,,1.2396241690197942,,55.80852003430405,52.49715432371618,,,23.281063955884935,,,,,,,,,,,,,37.28580453539677,,,,,,,57.95808149045372,42.54182686599966,,,,,,45.09947952941533,,,,,63.93406881565379,35.81621723301432,13.09505931522154,,,,,34.71288395736081,,,,,,,,9.702891604695372,,,,,19.499664325469467,,,,,14.813794072638665,,,9.831294926947145,,,68.99676058724172,1.0866972998807394,23.884288633186365,,36.45686302269554,,,,,,,,,,,,
2007,Upper middle income,True,,,,36.13654012785493,,,,,,,,,,,,,,,,,,,,,,,,,,,,,,,,,,,,,,,,,,,,,,,,,,,,,,,,,,,,,,,,,,,,,,,,,,,,,,,,,,,,,,,,,,,,,,,,,,,,,,,,,,,,,,,,,,,,,,,,,,,,,,,,,,,,,,,,,,,,,,,,,,,,,,,,,,,,,,,,,,,,,,,,,,,,,,,,,,,,,,,,,,,,,,,
2008,Upper middle income,,True,,,,,,56.23107028694511,26.14695866487478,,,,30.261913259527564,71.43701302538388,,,56.54062455795707,,,,,29.839452041303417,,24.229476862308097,,,,43.91299412669378,5.815736658711087,30.884091873880745,,,,,24.45173624077701,,,,,,,47.368250771851315,20.852751694658732,,,,,8.837513084182095,,,,,,,44.350279095347325,41.578608766088095,54.179485311062805,,42.00724075457469,61.84256489474747,,,,16.505611753110742,,,52.06109653664866,,66.54589371980677,,,,55.20097604203073,59.04833763420502,,,,,,,,,49.36756641603164,55.47851103965329,21.315526696199655,,,,30.176603655050027,,,23.878046177360066,,,,,,,,,,32.26567972414524,,,,,35.53602742526117,33.10024213994842,,,1.0981549472016043,,61.84155018849518,48.59585550765888,,,21.42464436667159,,,,,,,,,,,,,32.02929139983495,,,,,,,60.46802179400437,43.35043277846141,,,,,,48.42182129076649,,,,,59.58971380783738,34.437229726678915,14.272145274363202,,,,,35.14710471582138,,,,,,,,8.842875896418724,,,,,24.2828119589865,,,,,14.70176200488934,,,7.468817780014489,,,78.47992507878764,1.2545270108456437,19.18195718654434,,37.788085369706955,,,,,,,,,,,,
2008,Upper middle income,True,,,,34.792167221250146,,,,,,,,,,,,,,,,,,,,,,,,,,,,,,,,,,,,,,,,,,,,,,,,,,,,,,,,,,,,,,,,,,,,,,,,,,,,,,,,,,,,,,,,,,,,,,,,,,,,,,,,,,,,,,,,,,,,,,,,,,,,,,,,,,,,,,,,,,,,,,,,,,,,,,,,,,,,,,,,,,,,,,,,,,,,,,,,,,,,,,,,,,,,,,,
2009,Upper middle income,,True,,,,,,56.53381757944841,27.449507561421814,,,,26.18709619845252,73.63292294005443,,,57.8949099922562,,,,,30.9181685561103,,24.339587621139295,,,,30.618316906791712,5.423530673269462,31.21032041397957,,,,,24.229615827893554,,,,,,,43.456219847160654,18.01454958468597,,,,,8.099641660732042,,,,,,,42.24050262654979,38.93568588994217,51.547311781400374,,38.43320869149174,55.94323937840615,,,,24.58940163309339,,,50.69590508297392,,68.90898812888638,,,,54.57839739742733,56.92319970771896,,,,,,,,,49.22135542022577,56.02760699403689,22.368463752609255,,,,22.96500077606974,,,22.345453936346697,,,,,,,,,,31.100631329444667,,,,,32.19156252517633,34.31659990921718,,,1.064874141507627,,58.373340525425,47.35384024310344,,,22.759475437192886,,,,,,,,,,,,,34.79013672798566,,,,,,,55.4454456633332,40.2773416284876,,,,,,45.57892862051809,,,,,57.422347737543376,33.370758399260076,12.56464652003463,,,,,35.16513451740247,,,,,,,,8.109771262799734,,,,,21.96848101093897,,,,,15.90249007064788,,,11.394788966930046,,,70.73177195293141,0.8210506973475687,14.5079032083047,,37.3950041313417,,,,,,,,,,,,
2009,Upper middle income,True,,,,33.84367915423863,,,,,,,,,,,,,,,,,,,,,,,,,,,,,,,,,,,,,,,,,,,,,,,,,,,,,,,,,,,,,,,,,,,,,,,,,,,,,,,,,,,,,,,,,,,,,,,,,,,,,,,,,,,,,,,,,,,,,,,,,,,,,,,,,,,,,,,,,,,,,,,,,,,,,,,,,,,,,,,,,,,,,,,,,,,,,,,,,,,,,,,,,,,,,,,
2010,Upper middle income,,True,,,,,,59.966807484853085,28.882442618322184,,,,26.780102107887885,77.62413045315009,,,60.27913913184808,,,,,29.165052002972818,,24.62802151316958,,,,30.07586288714692,4.993563299306819,29.385204883120583,,,,,28.08193191098943,,,,,,,40.800014547578606,17.00355493721426,,,,,9.18197106649564,,,,,,,38.800867612685686,36.44626948087784,46.95374388560235,,37.80865555248779,62.08293433082541,,,,22.370722518724495,,,25.505647646202164,,72.72727272727273,,,,56.57120657137776,58.94914179960833,,,,,,,,,60.58386553975053,59.397221970007166,26.0318515126131,,,,23.487279857751833,,,27.29583310782298,,,,,,,,,,29.97363739998453,,,,,34.11670014543168,40.079783079440105,,,1.0729141350759253,,52.31685790893592,43.50876431047611,,,28.05504750973708,,,,,,,,,,,,,37.78863605585195,,,,,,,53.929417216555784,39.515190359399746,,,,,,40.43186355767679,,,,,54.762627892681344,32.234642952463496,12.63165318039006,,,,,36.40253484824004,,,,,,,,7.995062835838897,,,,,23.580672928400865,,,,,14.497379638903093,,,8.501914396840712,,,70.99907301984751,0.6567767608876303,16.87221738907937,,41.842240044914405,,,,,,,,,,,,
2010,Upper middle income,True,,,,33.17567154894759,,,,,,,,,,,,,,,,,,,,,,,,,,,,,,,,,,,,,,,,,,,,,,,,,,,,,,,,,,,,,,,,,,,,,,,,,,,,,,,,,,,,,,,,,,,,,,,,,,,,,,,,,,,,,,,,,,,,,,,,,,,,,,,,,,,,,,,,,,,,,,,,,,,,,,,,,,,,,,,,,,,,,,,,,,,,,,,,,,,,,,,,,,,,,,,
2011,Upper middle income,,True,,,,,,59.840969144512584,27.873466013844137,,,,26.892960293766382,78.41966483727442,,,62.14058220150624,,,,,33.586865885574014,,24.018062752753167,,,,29.46848573559256,4.573960455844653,29.29958543719799,,,,,25.892929204743194,,,,,,,40.26554109683656,15.315756149529555,,,,,10.81638001551382,,,,,,,36.784128649152464,35.27977963834946,46.08555829522837,,38.14563920709295,61.24413369934336,,,,25.31678528033327,,,27.73152805719307,,75.61214495592556,,,,54.27904785588237,58.87920005548013,,,,,,,,,56.22341853190061,57.521534544105286,25.028878951015148,,,,22.04507032209947,,,24.598047641478917,,,,,,,,,,36.66828416656864,,,,,34.01270753920736,39.68729786306045,,,1.6568452969316605,,53.07153177843498,40.734212231415064,,,32.00390176190989,38.8013224665539,,,,,,,,,,,,35.797791081759044,,,,,,,50.005368401941155,40.343962098162464,,,,,,44.79644993977243,,,,,54.833556532084984,32.65782587147355,12.30281918803615,,,,,36.40479009728959,,,,,,,,7.7509092169457405,,,,,27.20149186253907,,,,,13.00871305293212,,,7.7025147679014125,,,68.97085975813931,0.8123016522098464,15.895184482653123,,46.30967607455768,,,,,,,,,,,,
2011,Upper middle income,True,,,,35.27977963834946,,,,,,,,,,,,,,,,,,,,,,,,,,,,,,,,,,,,,,,,,,,,,,,,,,,,,,,,,,,,,,,,,,,,,,,,,,,,,,,,,,,,,,,,,,,,,,,,,,,,,,,,,,,,,,,,,,,,,,,,,,,,,,,,,,,,,,,,,,,,,,,,,,,,,,,,,,,,,,,,,,,,,,,,,,,,,,,,,,,,,,,,,,,,,,,
2012,Upper middle income,,True,,,,,,58.212578806908105,27.215861664668225,,,,26.08745920089841,78.58730069126197,,,62.97990449254877,,,,,30.77361508009698,,25.152012484989495,,,,29.212570950646025,4.240046408975189,29.682030025128327,,,,,24.56819110318872,,,,,,,39.23458805999779,17.858501841659503,,,,,13.1309727512896,,,,,,,35.47105777575201,33.398140046313706,42.85883301535161,,39.04266296619402,57.16555041150603,,,,24.789247653888975,,,28.004762674456785,,73.43678685531721,,,,54.76435029860047,58.31992203357403,,,,,,,,,53.61792401212755,54.96147429292586,61.66325388813161,,,,21.75101478615308,,,27.820342789629606,,,,,,,,,,26.10513479474787,,,,,33.037974049909906,32.188294341867,,,1.5775326760584634,,51.61318166880714,40.64141063811141,,,31.509331143359702,35.91405184174626,,,,,,,,,,,,35.243742522125494,,,,,,,46.330872297871416,38.87478364429544,,,,,,42.217849914402535,,,,,51.089250572068856,31.857246126894545,13.921148155125216,,,,,35.430239830169334,,,,,,,,7.722019894216939,,,,,28.27469602331096,,,,,13.421868457337508,,,4.534888286982302,,,68.28610674965455,0.8395226372580004,15.931595720464376,,43.933543781653285,,,,,,,,,,,,
2012,Upper middle income,True,,,,33.037974049909906,,,,,,,,,,,,,,,,,,,,,,,,,,,,,,,,,,,,,,,,,,,,,,,,,,,,,,,,,,,,,,,,,,,,,,,,,,,,,,,,,,,,,,,,,,,,,,,,,,,,,,,,,,,,,,,,,,,,,,,,,,,,,,,,,,,,,,,,,,,,,,,,,,,,,,,,,,,,,,,,,,,,,,,,,,,,,,,,,,,,,,,,,,,,,,,
2013,Upper middle income,,True,,,,,,57.72882294980981,29.278447011738784,,,,26.81741782493897,82.87557490022304,,,66.25044184923044,,,,,33.79212316529429,,25.317710153875424,,,,29.06751724438148,3.784344467447478,28.17706839226678,,,,,24.250146001242616,,,,,,,38.159515809976384,17.152899445062516,,,,,12.271190257905454,,,,,,,35.36190580114404,32.20879362984332,37.87577014663262,,37.39609880214846,67.62825037395858,,,,22.54663725746757,,,28.593019963071335,,69.07719609582963,,,,55.12481983846627,54.619481386738215,,,,,,,,,50.89988175529465,51.066951950698474,58.57234128913672,,,,19.47788691261368,,,25.95527895124237,,,,,,,,,,26.54750957496665,,,,,33.66908672435802,32.2896893189027,,,1.5455575314307648,,53.18034725076045,39.87906704101744,,,37.0995746616004,42.07717425652189,,,,,,,,,,,,33.70716346420414,,,,,,,47.5041508275819,35.27772959477503,,,,,,42.576130485867935,,,,,51.55638734878966,32.121541247533926,11.07636473607032,,,,,37.86663775821603,,,,,,,,7.610047428269357,,,,,27.872447377641272,,,,,12.540232243349436,,,8.19892056401858,,,66.84680140294601,0.7676253451986965,16.926802338711703,,48.15446224768629,,,,,,,,,,,,
2013,Upper middle income,True,,,,33.70716346420414,,,,,,,,,,,,,,,,,,,,,,,,,,,,,,,,,,,,,,,,,,,,,,,,,,,,,,,,,,,,,,,,,,,,,,,,,,,,,,,,,,,,,,,,,,,,,,,,,,,,,,,,,,,,,,,,,,,,,,,,,,,,,,,,,,,,,,,,,,,,,,,,,,,,,,,,,,,,,,,,,,,,,,,,,,,,,,,,,,,,,,,,,,,,,,,
2014,Upper middle income,,True,,,,,,59.18069256116381,28.563702955639663,,,,27.042108051376697,82.48136716103289,,,67.54847692573836,,,,,34.8943994047176,,22.725065824314207,,,,28.92234426014403,3.717095416496484,28.180246485890233,,,,,25.699053137251095,,,,,,,36.56483176489931,16.277009351001503,,,,,9.638877405077777,,,,,,,35.74480250350079,31.053650011513355,32.925232653790644,,36.57447458926522,68.0956992119535,,,,19.89637305699482,,,28.129808699664775,,65.97560975609755,,,,51.8914480102756,55.555481030016146,,,,,,,,,45.247289860058224,42.19447121509595,62.02973418011931,,,,21.41138046456609,,,23.80191349301329,,,,,,,,,,33.62598078038691,,,,,33.044671895897025,28.116890685752832,,,1.5035109924434515,,50.18024312564472,40.872025810668646,,,34.6757924257727,39.11519138323635,,,,,,,,,,,,34.976618218109756,,,,,,,44.38643337313606,31.771921973768578,,,,,,38.34880244821392,,,,,51.96446552715649,34.01257974110016,11.032035341188443,,,,,39.94474861910478,,,,,,,,5.663981243377668,,,,,28.982749831733937,,,,,12.856080880910412,,,6.203498587602393,,,68.20839161105533,0.7009164656374871,17.725421364117103,,48.132101597275465,,,,,,,,,,,,
2014,Upper middle income,True,,,,33.62598078038691,,,,,,,,,,,,,,,,,,,,,,,,,,,,,,,,,,,,,,,,,,,,,,,,,,,,,,,,,,,,,,,,,,,,,,,,,,,,,,,,,,,,,,,,,,,,,,,,,,,,,,,,,,,,,,,,,,,,,,,,,,,,,,,,,,,,,,,,,,,,,,,,,,,,,,,,,,,,,,,,,,,,,,,,,,,,,,,,,,,,,,,,,,,,,,,
2015,Upper middle income,,True,,,,,,57.34070368319117,30.192856520485,,,,25.932373372013284,81.62987756125857,,,69.12871396967493,,,,,36.202929477388295,,23.429601111552856,,,,28.802711265893336,3.5778174461448233,24.707359557820563,,,,,27.734893225166573,,,,,,,35.089286091772934,15.4010501506676,,,,,9.621831024522582,,,,,,,34.05468816684846,29.993028615882277,35.87823926383537,,35.22028324027556,71.53515081407426,,,,21.02604493631929,,,25.904658613714297,,57.3243350535927,,,,53.97851889298333,55.722787912842485,,,,,,,,,42.715767902707,44.20926493537244,76.19068857478545,,,,18.972292840795117,,,32.0950354359774,,,,,,,,,,30.71802286998186,,,,,33.70749378841772,19.452291480825757,,,1.2195056014587171,,49.576727332506835,41.0437743332199,,,36.375256471424166,37.72554965883245,,,,,,,,,,,,34.2619334651056,,,,,,,43.807171549492686,30.14810239398712,,,,,,46.18741008647732,,,,,48.76869393466229,33.55331768293678,10.24456556602904,,,,,40.5877346088061,,,,,,,,5.736391446340592,,,,,21.99853224182118,,,,,11.910616623876686,,,6.374215577695287,,,71.07138009977946,0.2589500420436851,16.948732254664932,,48.23913756510193,,,,,,,,,,,,
2015,Upper middle income,True,,,,33.70749378841772,,,,,,,,,,,,,,,,,,,,,,,,,,,,,,,,,,,,,,,,,,,,,,,,,,,,,,,,,,,,,,,,,,,,,,,,,,,,,,,,,,,,,,,,,,,,,,,,,,,,,,,,,,,,,,,,,,,,,,,,,,,,,,,,,,,,,,,,,,,,,,,,,,,,,,,,,,,,,,,,,,,,,,,,,,,,,,,,,,,,,,,,,,,,,,,
2016,Upper middle income,,True,,,,,,56.51747807014554,32.89481065395653,,,,27.007380963128732,80.64695422287362,,,70.02903631335721,,,,,26.714183891660728,,22.720998634333274,,,,28.613727156052853,3.3074942020328164,24.420572650064845,,,,,28.666056765400143,,,,,,,35.90618521804722,15.612210586475175,,,,,10.285434581292078,,,,,,,32.225540942188616,29.477975834284138,32.70997319551408,,34.53825692098655,71.80521508419392,,,,20.638285142005778,,,22.55089322379996,,55.51872142931919,,,,55.74351751316988,56.06058923414885,,,,,,,,,38.12414831349806,41.39831629920632,44.25168870020951,,,,17.932250452351,,,35.67286316006767,,,,,,,,,,32.49470054521346,,,,,35.94845608537733,18.93492455192908,,,1.1531630034588825,,48.160776900366535,41.37222368768739,,,34.81768345861539,38.233484693130215,,,,,,,,,,,,35.320016262980474,,,,,,,42.921606793896615,29.59668343201109,,,,,,46.29189566040475,,,,,46.14039496234289,32.95585083873809,11.293526402917584,,,,,40.45367199537986,,,,,,,,5.7855140904163935,,,,,21.82023742227247,,,,,10.813033168775672,,,5.096202475838688,,,76.1563895868526,0.527029060112565,16.46614537053492,,48.35792672784346,,,,,,,,,,,,
2016,Upper middle income,True,,,,32.89481065395653,,,,,,,,,,,,,,,,,,,,,,,,,,,,,,,,,,,,,,,,,,,,,,,,,,,,,,,,,,,,,,,,,,,,,,,,,,,,,,,,,,,,,,,,,,,,,,,,,,,,,,,,,,,,,,,,,,,,,,,,,,,,,,,,,,,,,,,,,,,,,,,,,,,,,,,,,,,,,,,,,,,,,,,,,,,,,,,,,,,,,,,,,,,,,,,
2017,Upper middle income,,True,,,,,,57.18074187751909,33.937090562762855,,,,21.286579011242097,84.34802763098322,,,71.84921280753404,,,,,27.057556528516702,,23.279732061162107,,,,29.119092277080853,2.993242283004042,24.46793460281472,,,,,28.326132184232915,,,,,,,36.050410317110206,15.363010077636606,,,,,10.7013754275897,,,,,,,28.557793639553267,28.292405290742348,32.47928755920385,,37.28125039418029,73.52881816227784,,,,15.594248929472815,,,25.15639163617808,,54.76190476190476,,,,55.11002913615925,54.13410872703813,,,,,,,,,36.177753257131144,40.19929053590646,58.04656497240144,,,,16.75406650194136,,,33.14392412924204,,,,,,,,,,33.78140532216243,,,,,35.934403380121275,20.58518597391826,,,1.4396071824036998,,47.396938762427574,41.788362569258766,,,38.04784048736075,42.16569047410904,,,,,,,,,,,,41.04214451954414,,,,,,,43.77459902376626,28.947328537252996,,,,,,43.6344808796571,,,,,47.03280381627605,31.84617991081513,12.013648473006826,,,,,40.63934836650449,,,,,,,,5.834643257099971,,,,,26.379590047023516,,,,,11.837904339452102,,,4.706358155327378,,,73.0645892291845,0.33394412226715,17.384200761942573,,49.17759097237607,,,,,,,,,,,,
2017,Upper middle income,True,,,,33.14392412924204,,,,,,,,,,,,,,,,,,,,,,,,,,,,,,,,,,,,,,,,,,,,,,,,,,,,,,,,,,,,,,,,,,,,,,,,,,,,,,,,,,,,,,,,,,,,,,,,,,,,,,,,,,,,,,,,,,,,,,,,,,,,,,,,,,,,,,,,,,,,,,,,,,,,,,,,,,,,,,,,,,,,,,,,,,,,,,,,,,,,,,,,,,,,,,,
2018,Upper middle income,,True,,,,,,56.41461523497492,33.763891859121536,,,,25.132588711377707,84.27638502338213,,,73.3860550947623,,,,,25.445595226473312,,23.10110864469828,,,,29.31168997128118,5.105791727946909,24.825294802083594,,,,,28.09855816522927,,,,,,,35.75046887098675,15.130747351608688,,,,,11.173865295849115,,,,,,,30.91319270584154,28.9206423672893,30.31152878162337,,37.49291428659292,72.94802338058628,,,,18.002982033503187,,,23.114152981689234,,47.66829369984965,,,,54.91055090281495,57.50035753561404,,,,,,,,,35.239547471011484,35.958460088137016,50.393333983222746,,,,16.77745282071196,,,33.47025352731351,,,,,,,,,,28.241064084342952,,,,,36.64058200258241,19.779842912480323,,,1.1786280383578838,,46.91960795597027,42.30939779711261,,,43.93989897384287,39.61085693723333,,,,,,,,,,,,41.233172848778565,,,,,,,43.87631458019472,29.745930331217885,,,,,,40.02739087414549,,,,,46.111913591001255,30.61053648720678,12.978384596329498,,,,,38.310925597066635,,,,,,,,5.846662725892294,,,,,18.440237070340523,,,,,10.11109625672564,,,4.530760070411916,,,76.62548602590941,0.363820547096041,17.491418506675693,,50.65900288698913,,,,,,,,,,,,
2018,Upper middle income,True,,,,30.91319270584154,,,,,,,,,,,,,,,,,,,,,,,,,,,,,,,,,,,,,,,,,,,,,,,,,,,,,,,,,,,,,,,,,,,,,,,,,,,,,,,,,,,,,,,,,,,,,,,,,,,,,,,,,,,,,,,,,,,,,,,,,,,,,,,,,,,,,,,,,,,,,,,,,,,,,,,,,,,,,,,,,,,,,,,,,,,,,,,,,,,,,,,,,,,,,,,
2019,Upper middle income,,True,,,,,,56.41222500772797,37.92301891326617,,,,23.941499282525516,84.79430364872144,,,71.34140805662084,,,,,25.690031958575165,,22.72479939285992,,,,29.352811704555773,4.495910074503887,24.87984711132035,,,,,28.219401386419975,,,,,,,35.23002022441529,14.737660872921412,,,,,10.850162170970515,,,,,,,33.85964321183426,27.941084779200683,30.936163587220857,,37.67107033727668,76.37429527651406,,,,19.149045408058814,,,23.08802189604682,,46.767754704954875,,,,54.42095676894138,55.989178788268376,,,,,,,,,34.55001228455235,38.8875975600785,50.096962558773264,,,,16.439459698709236,,,33.863827732237056,,,,,,,,,,28.01715833917942,,,,,36.062657643668835,17.46362155443815,,,1.1246551562668152,,47.12637889764759,42.28219103047116,,,43.10778273242525,38.55629106956669,,,,,,,,,,,,39.088062141755266,,,,,,,41.96775350120375,28.347988608476072,,,,,,35.69370099788964,,,,,42.85055556227199,28.089900794019904,11.157628881857711,,,,,37.03557740630884,,,,,,,,5.741116133358247,,,,,16.593361917375017,,,,,8.669603209469528,,,4.728858367413947,,,76.63579098195463,0.3065751039643961,17.047633618931048,,51.11891973508018,,,,,,,,,,,,
2019,Upper middle income,True,,,,33.85964321183426,,,,,,,,,,,,,,,,,,,,,,,,,,,,,,,,,,,,,,,,,,,,,,,,,,,,,,,,,,,,,,,,,,,,,,,,,,,,,,,,,,,,,,,,,,,,,,,,,,,,,,,,,,,,,,,,,,,,,,,,,,,,,,,,,,,,,,,,,,,,,,,,,,,,,,,,,,,,,,,,,,,,,,,,,,,,,,,,,,,,,,,,,,,,,,,
2020,Upper middle income,,True,,,,,,59.39613316111405,39.64335057684504,,,,21.75679061986634,77.84781730453969,,,57.828123940791585,,,,,24.766184959496872,,20.864144966608084,,,,28.86446040560376,4.951548320400352,26.09086440333903,,,,,25.588119993599296,,,,,,,34.79100810789668,14.5062838292931,,,,,8.920009701711804,,,,,,,29.657751858119855,24.65030407388546,31.72368365248002,,27.421277528347776,75.12573450404224,,,,22.83022708269717,,,19.971667889087666,,36.06135028411827,,,,52.3327230729065,56.291588711555605,,,,,,,,,31.19621735042119,37.30069648568928,54.66121060999537,,,,14.745506483643824,,,27.74455241195365,,,,,,,,,,21.1413519652105,,,,,34.246397931151314,16.90793155030496,,,1.30373740711521,,43.584664893032574,38.76134070379436,,,43.71080519542019,36.549625640697634,,,,,,,,,,,,38.871905384316314,,,,,,,37.8758290138968,22.472868974470323,,,,,,30.926272367433658,,,,,35.66008166483757,26.899715218812258,10.819525207129784,,,,,36.03842733128612,,,,,,,,6.429427194806613,,,,,20.237238158029996,,,,,10.542767879836846,,,4.451821219398986,,,76.36035749538766,0.3956060157704915,16.43061380180913,,47.86013264978852,,,,,,,,,,,,
2020,Upper middle income,True,,,,28.86446040560376,,,,,,,,,,,,,,,,,,,,,,,,,,,,,,,,,,,,,,,,,,,,,,,,,,,,,,,,,,,,,,,,,,,,,,,,,,,,,,,,,,,,,,,,,,,,,,,,,,,,,,,,,,,,,,,,,,,,,,,,,,,,,,,,,,,,,,,,,,,,,,,,,,,,,,,,,,,,,,,,,,,,,,,,,,,,,,,,,,,,,,,,,,,,,,,
2021,Upper middle income,,True,,,,,,59.704233260958155,40.38871201181179,,,,24.938634736984387,78.65647881066158,,,66.03176855287589,,,,,21.926997385726704,,22.075921625620925,,,,30.7145097106966,4.265482519025035,25.267890156254637,,,,,21.341701233785273,,,,,,,34.394764598726894,13.669644895168222,,,,,8.393724178344826,,,,,,,24.050939454920925,23.59317781360919,30.703710223382863,,30.508662956849893,77.40676804320412,,,,24.709913215602295,,,21.5113516452252,,31.203707371172815,,,,52.004423517908315,60.97982479642097,,,,,,,,,27.167331962083427,34.51460819784353,49.908740474531015,,,,13.079919395006794,,,25.030297769853103,,,,,,,,,,26.329089970628683,,,,,32.081350193929936,14.91987559815628,,,1.193276126024919,,40.41674388865618,41.37071874234102,,,30.870663485830153,38.0844705853148,,,,,,,,,,,,41.73990995125356,,,,,,,35.93767738796847,25.0768712298853,,,,,,29.415900803889375,,,,,37.220530319619634,26.193308572520017,11.173195571229243,,,,,35.76088880503031,,,,,,,,6.6058266210995376,,,,,24.406320294351417,,,,,9.044495572426545,,,3.485269944622243,,,77.47677494877334,0.3624064781192062,16.271203466829153,,45.293673233592635,,,,,,,,,,,,
2021,Upper middle income,True,,,,27.167331962083427,,,,,,,,,,,,,,,,,,,,,,,,,,,,,,,,,,,,,,,,,,,,,,,,,,,,,,,,,,,,,,,,,,,,,,,,,,,,,,,,,,,,,,,,,,,,,,,,,,,,,,,,,,,,,,,,,,,,,,,,,,,,,,,,,,,,,,,,,,,,,,,,,,,,,,,,,,,,,,,,,,,,,,,,,,,,,,,,,,,,,,,,,,,,,,,
2022,Upper middle income,,True,,,,,,51.260521556489785,49.9758507868197,,,,26.401384125082995,79.09084107244904,,,64.46770547593927,,,,,27.618536106387545,,26.606772797887174,,,,30.883108622068924,4.391388665279892,27.368376685919475,,,,,25.710650204792874,,,,,,,33.58711989650359,14.36474843522959,,,,,11.134319612664724,,,,,,,27.46514639479552,27.573881637491063,32.47223953223575,,31.608972351637632,70.37991958002476,,,,26.96073734862693,,,18.622785772547772,,40.44642012673791,,,,53.71971834568778,58.38369608449634,,,,,,,,,32.96290995495087,39.076445447606154,47.834363305942304,,,,11.08962702735711,,,30.874018450401277,,,,,,,,,,30.467770701461305,,,,,37.87105718246652,17.54258027447547,,,1.1999304388876093,,44.01162089398906,39.089665802047456,,,38.94818483481257,36.73978259927124,,,,,,,,,,,,40.21560495597414,,,,,,,38.90989907402516,26.99152101906006,,,,,,31.71020781308403,,,,,38.72670294181143,27.623301970906933,12.4864230250122,,,,,36.53275915239574,,,,,,,,6.711387036172583,,,,,23.092183322353304,,,,,8.839364805680821,,,2.9408522547394313,,,79.22116399611842,0.3685761925115282,19.478438590902325,,,,,,,,,,,,,,
2022,Upper middle income,True,,,,30.8785635362351,,,,,,,,,,,,,,,,,,,,,,,,,,,,,,,,,,,,,,,,,,,,,,,,,,,,,,,,,,,,,,,,,,,,,,,,,,,,,,,,,,,,,,,,,,,,,,,,,,,,,,,,,,,,,,,,,,,,,,,,,,,,,,,,,,,,,,,,,,,,,,,,,,,,,,,,,,,,,,,,,,,,,,,,,,,,,,,,,,,,,,,,,,,,,,,
2000,High income,,True,,,,,,,,15.401141130136445,,22.224281673718146,,,20.997139666427916,17.822219217772535,,27.227013259399342,27.539052996103266,,39.37475681207472,,20.204310512970547,,,,,,,,15.831313421798612,40.375701390583075,,,,,,16.60520993887298,,,42.81496592731152,,,,,31.574872034972675,13.861251902924378,,55.90191246250558,10.197506583577288,,,15.356432144916216,,,,,,,,,20.338961804119194,,,21.627063945180975,7.273496423975927,,,,12.16411898962389,,36.272114162838434,,,,,40.249782241296906,,,27.326682242473233,18.01660258459854,,,,,12.117088176435368,29.489830670099582,26.464483026580513,,15.91636377260622,,,,,25.49419516786947,,,47.65911380736994,,,,,27.1521666642504,14.250881057268725,,,,,,26.373626373626372,,,,,,7.012195121951219,,,,,,,2.5520743900822045,,11.03169135377196,15.361595174262735,,,,,17.941571177867246,11.74951695413096,,16.165861788383133,30.71383121628597,,,,,31.12003840420425,25.71484964209985,30.03434956523544,43.32319351441855,,19.419723387927924,30.208866187702167,,52.63879452869746,,,,25.60515968368289,,18.462463666432797,,,17.88831932808942,,48.17884175756523,10.838967150132532,13.27326966735064,,,,,24.32431757505312,,,,14.462477358101324,31.04061690679126,,,,,,,57.34558975392165,,,,,,,22.083434661065997,18.219537236133693,,15.117374761542566,25.166705328391934,,,,,,,
2000,High income,True,,,,,21.627063945180975,,,,,,,,,,,,,,,,,,,,,,,,,,,,,,,,,,,,,,,,,,,,,,,,,,,,,,,,,,,,,,,,,,,,,,,,,,,,,,,,,,,,,,,,,,,,,,,,,,,,,,,,,,,,,,,,,,,,,,,,,,,,,,,,,,,,,,,,,,,,,,,,,,,,,,,,,,,,,,,,,,,,,,,,,,,,,,,,,,,,,,,,,,,,,,
2001,High income,,True,,,,,,,,15.558507716322024,,22.74691393321505,,,20.43909770084053,18.46295775204614,,28.231691279356625,26.77445122607319,,38.05859524792896,,19.565984310448872,,,,,,,,16.80674642973175,43.706129208302755,,,,,,15.925995247673256,,,42.61517495135746,,,,,31.632865958211404,14.389893487041643,,55.21613020002459,10.643266206379902,,,15.115947907586886,,,,,,,,,19.245323689315736,,,21.219114406823596,7.335739490878177,,,,12.161591603992,,34.7783170190014,,,,,42.25862642311062,,,28.81419946762461,18.082396380775094,,,,,10.647067996165822,30.33019959939204,24.47626597958577,,15.785701227328852,,,,,19.646365422396855,,,48.850793356221565,,,,,27.585393891052405,13.657677165354327,,,,,,29.666666666666668,,,,,,6.936250765497658,,,,,,,3.028289943610924,,10.46682287509334,16.9861609431061,,,,,16.9568647451171,11.267132831298088,,16.895285137840098,31.895000685186957,,,,,28.97814503747855,25.108566579676815,27.415474062727608,41.318220082447105,,18.940920291234654,30.79232003312115,,51.06950602371371,,,,24.399054727682824,,18.033691453795967,,,28.935806100573323,,55.58973590120725,10.904377251391772,12.903478060132157,,,,,24.852286368449093,,,,16.879925986966832,30.11981764463127,,,,,,,51.3126237332401,,,,,,,15.085932527052831,18.13444149330825,,14.415950313973392,24.063068187909614,,,,,,,
2001,High income,True,,,,,20.43909770084053,,,,,,,,,,,,,,,,,,,,,,,,,,,,,,,,,,,,,,,,,,,,,,,,,,,,,,,,,,,,,,,,,,,,,,,,,,,,,,,,,,,,,,,,,,,,,,,,,,,,,,,,,,,,,,,,,,,,,,,,,,,,,,,,,,,,,,,,,,,,,,,,,,,,,,,,,,,,,,,,,,,,,,,,,,,,,,,,,,,,,,,,,,,,,,
2002,High income,,True,,,,,,,,15.049818533124526,,22.74011753905514,,,19.92001246394669,18.613286427771975,,28.80686110258432,26.95469629235476,,36.52173451767983,,20.847338319401675,,,,,,,,16.410550859129195,39.79439562261648,,,,,,15.908339326215687,,,42.48400515808767,,,,,30.690622881578065,18.63236335991237,,52.77162329407969,10.001703044708265,,,14.72838530420683,,,,,,,,,20.558873012809887,,,20.744570782649173,7.137969115314414,,,,12.448570241546758,,37.38019169329073,,,,,40.30483890634118,,,27.512589933852503,17.303542175712654,,,,,10.467074330356136,27.842858083217735,24.125433047145656,,15.978507050752828,,,,,21.539821053794324,,,47.581665617355945,,,,,25.602759637936877,13.861738616203429,,,,,,28.735632183908045,,,,,,6.817984951962535,,,,,,,3.8029824015917977,,9.81220007382798,16.056674581832073,,,,,16.825383268565574,10.149189572662744,,18.53170405019154,32.603398487163005,,,,,26.44940035309158,23.17964333360212,27.512893400828567,40.79149991881216,,17.835146142737127,31.212934640114863,,51.34533294853915,,,,25.193796363926708,,18.451711127291983,,,21.973092831958994,,53.087527961385675,11.016891464802155,12.555216491783492,,,,,24.599551649298487,,,,16.509551154341967,29.049670969968183,,,,,,,52.2860307220259,,,,,,,28.041507941801154,17.459463501593508,,14.327175638247567,21.696472299800895,,,,,,,
2002,High income,True,,,,,21.539821053794324,,,,,,,,,,,,,,,,,,,,,,,,,,,,,,,,,,,,,,,,,,,,,,,,,,,,,,,,,,,,,,,,,,,,,,,,,,,,,,,,,,,,,,,,,,,,,,,,,,,,,,,,,,,,,,,,,,,,,,,,,,,,,,,,,,,,,,,,,,,,,,,,,,,,,,,,,,,,,,,,,,,,,,,,,,,,,,,,,,,,,,,,,,,,,,
2003,High income,,True,,,,,,,,16.056702343450542,,23.217890472729422,,,19.147588501397056,18.888368982507775,,28.641514460787093,32.319513018394105,,35.88969021925144,,20.7439954329234,,,,,,,,17.051339105903754,38.060829610564824,,,,,,15.251480549582409,,,42.76384683586107,,,,,30.765012736235523,16.642763309279818,,47.65464739937091,10.367224327283344,,,14.557194562353915,,,,,,,,,21.095038425641366,,,20.337226444633753,7.376619022483534,,,,12.708652107386284,,37.899563037295344,,,,,38.461013695315394,,,26.3551974581579,17.387647687607895,,,,,13.14827950184405,28.62854731254406,23.718946231440967,,16.886775272474356,,,,,20.821166493156944,,,48.56236367241721,,,,,24.181492502536372,13.255093099671416,,,,,,28.835978835978835,,,,,,5.888352052123893,,,,,,,4.878826191486426,,9.605322653575351,15.37910019716795,,,,,16.598799828546934,10.57715204844702,,18.00998784545251,33.06432109404374,,,,,27.58094256200805,23.690635725036874,18.530933444857155,45.26963547363635,,15.127175368139223,33.279873886793695,,50.645277136094954,,,,23.762109748266937,,17.949195702130304,,,23.854852508143836,,48.457975947188025,12.21277781956717,12.486650721975106,,,,,22.457176238261408,,,,15.881811430172418,28.622527966612285,,,,,,,48.583723854223,,,,,,,27.456929384050465,16.29587142052078,,14.150059484013438,21.358519384102344,,,,,,,
2003,High income,True,,,,,20.821166493156944,,,,,,,,,,,,,,,,,,,,,,,,,,,,,,,,,,,,,,,,,,,,,,,,,,,,,,,,,,,,,,,,,,,,,,,,,,,,,,,,,,,,,,,,,,,,,,,,,,,,,,,,,,,,,,,,,,,,,,,,,,,,,,,,,,,,,,,,,,,,,,,,,,,,,,,,,,,,,,,,,,,,,,,,,,,,,,,,,,,,,,,,,,,,,,
2004,High income,,True,,,,,,,,16.93690281873587,,24.311445457674917,,,19.218695938853116,19.301904387396828,,29.60046512133158,30.68171973797155,,33.59903413959275,,19.938501499278804,,,,,,,,16.909481205445825,39.20325985578751,,,,,,15.287869393351563,,,41.844120269782586,,,,,32.059813877805226,18.12159728165215,,49.882179223758,10.705014153277794,,,14.871140860437,,,,,,,,,22.941971784350677,,,19.859584588519873,7.246231994085639,,,,13.885500705710154,,38.96111482449032,,,,,37.14529719183978,,,25.83203580565783,17.70444553117722,,,,,12.21867109348311,28.725488817322255,22.83264046412399,,16.58894617894987,,,,,21.55590001937609,,,40.6312614331317,,,,,32.919694436339405,12.775828460038984,,,,,,28.17258883248731,,,,,,5.747474750399066,,,,,,,7.210087811755779,,9.960184148314047,14.106705932189994,,,,,16.76214212597674,11.150682484859898,,15.580707839355602,32.35309040982133,,,,,29.444099492311626,23.505056469711135,18.55573296925055,44.872164661727304,,24.32698621142482,33.80615119962325,,46.12797943967266,,,,22.975565447481795,,18.1509705248023,,,26.79905552687846,,51.00744363495555,21.23348197291859,12.169075336860931,,,,,22.181636856605163,,,,16.281879661341076,28.75733601442192,,,,,,,52.9417628374688,,,,,,,30.40837997713301,14.7369918666107,,13.97352619947752,24.295665362953017,,,,,,,
2004,High income,True,,,,,22.181636856605163,,,,,,,,,,,,,,,,,,,,,,,,,,,,,,,,,,,,,,,,,,,,,,,,,,,,,,,,,,,,,,,,,,,,,,,,,,,,,,,,,,,,,,,,,,,,,,,,,,,,,,,,,,,,,,,,,,,,,,,,,,,,,,,,,,,,,,,,,,,,,,,,,,,,,,,,,,,,,,,,,,,,,,,,,,,,,,,,,,,,,,,,,,,,,,
2005,High income,,True,,,,,,,,15.96540702074793,,27.074980263528147,,,19.64301459588689,19.18326003097808,,30.36487378820097,27.473661707053477,,35.04058545992046,,20.007852903872653,,,,,,,,16.333962549859525,38.867412925110635,,,,,,15.36829369750786,,,42.4708678324825,,,,,32.77381797731839,13.39059591884362,,49.832198105526544,11.092852268715603,,,14.709207560256631,,,,,,,,,23.02487068542137,,,19.576106843394815,7.368946672681892,,,,13.97864044753348,,36.875244797203216,,,,,35.11705979696212,,,25.764454037419252,17.58861590308729,,,,,13.553004047766786,30.243250479522104,21.605825351841297,,15.67343474810104,,,,,21.473684210526315,,,41.69103344418648,,,,,32.77876563255571,12.928187297171997,,,,,,28.859060402684563,,,,,,5.8113998104260185,,,,,,,4.428200242620284,,9.885855683269476,14.070143303443398,,,,,16.714132284262735,10.54691717195596,,16.554938202179414,35.8037620458587,,,,,27.74561449260245,23.680448475028093,18.611860317328407,44.46312324654343,,18.49896891613221,31.931878658861095,,47.982931476622234,,,,21.869900449728615,,16.491586652723644,,,30.038140594117166,,49.99448309443491,23.60951902521353,13.019374870001473,,,,,21.74240979154004,,,,16.63569240042192,27.144047803782257,,,,,,,46.248194289079514,,,,,,,30.139191228625556,13.433972263424849,,13.9126751886615,25.941870328197883,,,,,,,
2005,High income,True,,,,,21.605825351841297,,,,,,,,,,,,,,,,,,,,,,,,,,,,,,,,,,,,,,,,,,,,,,,,,,,,,,,,,,,,,,,,,,,,,,,,,,,,,,,,,,,,,,,,,,,,,,,,,,,,,,,,,,,,,,,,,,,,,,,,,,,,,,,,,,,,,,,,,,,,,,,,,,,,,,,,,,,,,,,,,,,,,,,,,,,,,,,,,,,,,,,,,,,,,,
2006,High income,,True,,,,,,,,17.891497020007005,,30.3164850126369,,,19.749419094077037,18.80627758263356,,29.360365657983618,26.69632803555041,,35.37914303855895,,20.207298524595657,,,,,,,,14.688527348158065,42.647405641836755,,,,,,15.898451620281708,,,40.74997938198889,,,,,31.07695627750247,13.31465854434876,,48.328246615082605,11.64602423497852,,,14.526429076197948,,,,,,,,,23.614247145934613,,,18.816588069303627,9.35880523137183,,,,14.364497528830311,,36.045105788292645,,,,,35.291481256097704,,,25.011340826288116,16.94632363400748,,,,,13.929561569629966,25.724103039757157,21.31744480747504,,16.422067961042025,,,,,21.239333755635876,,,35.598183363671765,,,,,31.85560688559157,13.376278659611994,,,,,,29.6218487394958,,,,,,6.0750146277333545,,,,,,,3.9536473207003286,,8.327053504144688,13.83843452555056,,,,,16.45254916719412,11.477662984780231,,17.626145819879273,33.34238846009489,,,,,27.1057253815041,25.52451779084616,18.66810046866424,42.58257133661077,,19.99056478940495,31.126836585199076,,50.048975660690665,,,,21.09648379849947,,15.393951257707744,,,32.79404959143613,,48.83466774550103,26.588227981529005,12.278043331561058,,,,,21.02472407979202,,,,16.541682414019455,27.349459764583415,,,,,,,49.325065540314974,,,,,,,29.709606159552845,12.27602560309564,,13.677932640649168,23.768964246284952,,,,,,,
2006,High income,True,,,,,21.09648379849947,,,,,,,,,,,,,,,,,,,,,,,,,,,,,,,,,,,,,,,,,,,,,,,,,,,,,,,,,,,,,,,,,,,,,,,,,,,,,,,,,,,,,,,,,,,,,,,,,,,,,,,,,,,,,,,,,,,,,,,,,,,,,,,,,,,,,,,,,,,,,,,,,,,,,,,,,,,,,,,,,,,,,,,,,,,,,,,,,,,,,,,,,,,,,,
2007,High income,,True,,,,,,,,18.00020959979657,,32.52657219958199,,,19.002560108216056,18.806138596267953,,28.730911497861168,30.23593233798336,,36.837227066492304,,20.565155295058716,,,,,,,,12.784999267286576,42.59270155152786,,,,,,15.620433121955603,,,39.18727193194301,,,,,30.91247104581057,12.394236107868014,,48.79761238574893,13.63102535158542,,,14.5618254702436,,,,,,,,,22.971579247930585,,,18.99827776835462,9.52840750691875,,,,14.268144150168366,,34.22337630474014,,,,,32.98963201013622,,,26.261237286517844,16.470362506804538,,,,,11.571236930481538,26.663242730720608,21.515991049274657,,15.515058203996798,,,,,21.34607726005575,,,36.82770465938367,,,,,28.403994498594752,10.307420189818808,,,,,,31.078224101479915,,,,,,6.830765384544579,,,,,,,2.3014131474801496,,7.888962232173122,11.453699386747314,,,,,16.072174156620456,11.269730962180429,,18.049992948327976,29.960402262607246,,,,,26.29073651913344,25.906455548923994,18.72445330573438,40.562945389670766,,17.59607468941775,31.448046868764266,,51.09035452823324,,,,20.026469703365443,,16.73869980190888,,,31.984986966609384,,48.468142359903034,27.370326882994583,13.63123588920588,,,,,20.733080160992255,,,,16.336838774803006,27.33333211366302,,,,,,,49.283123712076545,,,,,,,28.876251550343262,14.267762080854247,,13.59674578922487,23.363106638611356,,,,,,,
2007,High income,True,,,,,20.733080160992255,,,,,,,,,,,,,,,,,,,,,,,,,,,,,,,,,,,,,,,,,,,,,,,,,,,,,,,,,,,,,,,,,,,,,,,,,,,,,,,,,,,,,,,,,,,,,,,,,,,,,,,,,,,,,,,,,,,,,,,,,,,,,,,,,,,,,,,,,,,,,,,,,,,,,,,,,,,,,,,,,,,,,,,,,,,,,,,,,,,,,,,,,,,,,,
2008,High income,,True,,,,,,,,15.581657129915618,,31.909146574253896,,,19.041625687167564,18.243933032001166,,27.807495919406534,27.910845214431657,,35.45105752038118,,19.906121639925924,,,,,,,,10.108237728512275,42.62918784847983,,,,,,15.513780286798523,,,37.43042761354622,,,,,29.510948187950056,14.513908468731485,,51.4000822188596,16.132970688993037,,,14.117798113736107,,,,,,,,,21.392869386979164,,,18.57298884927543,10.02973136426874,,,,13.97137691152585,,32.20823533214819,,,,,35.32624984840639,,,26.3492553261986,16.27143271603412,,,,,11.863088793171292,25.347029428095503,21.33932532810465,,15.238265240297755,,,,,19.808734208765692,,,37.30623508026543,,,,,28.173946881992418,10.061492178098677,,,,,,32.99180327868852,,,,,,6.416943282945145,,,,,,,2.1909971864749016,,9.923714980512342,13.235099498127406,,,,,15.656920942065296,12.449211477693568,,19.40317080133202,29.2165727273273,,,,,24.43056351946515,26.393708531330333,18.78091870849766,40.88979313669847,,18.182153460325654,31.54885415225711,,56.86151118563791,,,,19.699172743139595,,19.369042685453792,,,47.19174835421168,,46.45778601655632,21.020146313634964,12.639945054225716,,,,,20.640758792818335,,,,16.325699963582615,26.497860589985404,,,,,,,46.72016081759234,,,,,,,25.1365182670622,13.429342349166848,,13.359359979263864,21.292854063014335,,,,,,,
2008,High income,True,,,,,19.906121639925924,,,,,,,,,,,,,,,,,,,,,,,,,,,,,,,,,,,,,,,,,,,,,,,,,,,,,,,,,,,,,,,,,,,,,,,,,,,,,,,,,,,,,,,,,,,,,,,,,,,,,,,,,,,,,,,,,,,,,,,,,,,,,,,,,,,,,,,,,,,,,,,,,,,,,,,,,,,,,,,,,,,,,,,,,,,,,,,,,,,,,,,,,,,,,,
2009,High income,,True,,,,,,,,14.396502325400844,,25.277036976430285,,,19.052843154183577,18.05128570049707,,27.01417129703522,26.580005796371186,,36.33097693840642,,19.67324996357202,,,,,,,,9.49940208127221,44.3673439284276,,,,,,15.177615329645738,,,34.588937677127205,,,,,26.402250183336232,13.746628136364729,,49.92380510671426,15.050539037339934,,,13.684605634645616,,,,,,,,,21.22938745246916,,,18.31737015998473,10.166796873784742,,,,13.74536563713166,,29.502993190588292,,,,,32.84931787998156,,,26.234580147729854,16.874792730515725,,,,,12.700527392163838,25.418907198612317,20.66364473404632,,15.159133352909972,,,,,16.720381903215646,,,38.782677898015,,,,,26.817080557238032,9.895283714075166,,,,,,32.45967741935484,,,,,,5.502449093801406,,,,,,,3.1048422198001595,,9.0695067264574,12.356315459812194,,,,,15.254483409569447,11.497238242779762,,19.58941960010568,29.72088840627242,,,,,24.360236764949935,25.103314853704813,19.38055410350235,38.94352389794753,,20.784504046704825,34.58216523000077,,54.68263073849494,,,,19.147438142873472,,18.350763347721543,,,45.58841190616339,,43.349091656225056,22.4177394595401,12.77988825300125,,,,,19.01673376087488,,,,16.403271986431562,26.201295745319484,,,,,,,47.511198664881114,,,,,,,16.10036892485088,12.348226145220984,,12.647647491407753,20.75167677612244,,,,,,,
2009,High income,True,,,,,19.58941960010568,,,,,,,,,,,,,,,,,,,,,,,,,,,,,,,,,,,,,,,,,,,,,,,,,,,,,,,,,,,,,,,,,,,,,,,,,,,,,,,,,,,,,,,,,,,,,,,,,,,,,,,,,,,,,,,,,,,,,,,,,,,,,,,,,,,,,,,,,,,,,,,,,,,,,,,,,,,,,,,,,,,,,,,,,,,,,,,,,,,,,,,,,,,,,,
2010,High income,,True,,,,,,,,11.638365425557204,,24.68379693161796,,,19.749287404830667,18.601626503360983,,27.59894618099355,26.745358707482136,,38.09718473129933,,19.724960984344627,,,,,,,,8.261348839326214,43.141342829341006,,,,,,15.610180522453168,,,34.46762956704947,,,,,25.38431420291314,13.95677766252078,,43.10596958295128,13.854821207443171,,,13.707771642033457,,,,,,,,,22.813987598940084,,,18.803954740986807,10.235031020183657,,,,13.807003486279802,,28.25885214758554,,,,,34.746870414872085,,,27.41594822322628,18.66119542312554,,,,,13.795636949662374,23.811695715914645,20.54892734334758,,14.570359216972902,,,,,14.33214463052408,,,37.18564807091097,,,,,27.59108040201005,10.23186140419435,,,,,,33.025830258302584,,,,,,5.371645246854705,,,,,,,2.418212421596451,,9.095670928978585,11.958111037954662,,,,,15.04647182442533,10.407287485054193,,17.699788006180594,31.44028420102849,,,,,23.714362705470226,24.708176604626335,18.726224076573818,38.60714585184014,,19.63123751021332,35.32572405760108,,55.21491606238353,,,,13.733527466162098,,18.94513950398583,,,35.975373638281276,,41.51569337050677,22.800613378231443,12.64016336070995,,,,,20.290293121246332,,,,16.37858255215954,23.98251661989508,,,,,,,46.56803409803204,,,,,,,17.94574428839636,13.067958884600849,,12.367885889049798,20.47283466512342,,,,,,,
2010,High income,True,,,,,19.724960984344627,,,,,,,,,,,,,,,,,,,,,,,,,,,,,,,,,,,,,,,,,,,,,,,,,,,,,,,,,,,,,,,,,,,,,,,,,,,,,,,,,,,,,,,,,,,,,,,,,,,,,,,,,,,,,,,,,,,,,,,,,,,,,,,,,,,,,,,,,,,,,,,,,,,,,,,,,,,,,,,,,,,,,,,,,,,,,,,,,,,,,,,,,,,,,,
2011,High income,,True,,,,,,,,11.800859985878896,,25.77301373138132,,,19.172483880372383,18.739562868112667,,27.964359425855957,26.3151184278258,,42.20311598957745,,19.597391041889527,,,,,,,,8.471868796049861,44.463727872266574,,,,,,15.15951057968172,,,34.49926064765149,,,,,25.78322983938812,12.052277069562594,,41.37471499085465,14.211620922052498,,,13.897824483123538,,,,,,,,,22.52681340709816,,,18.152046095191817,10.239941192229898,,,,13.84797674322481,,31.15847740645903,,,,,34.81385701386801,,,28.216358451001415,18.38645626997492,,,,,13.68123599201407,23.759343217742924,22.027055985289948,,13.121783089435368,,,,,14.01463975318102,,,34.296753594594456,,,,,28.22128162220691,10.880653616324487,,,,,,33.162393162393165,,,,,,5.707127572302608,,,,,,,1.9165731524943663,,9.48238299151078,12.098776950026554,,,,,15.209827249022164,10.83927465637933,,18.507088078511757,34.16367933217443,,,,,23.954419337995148,26.654321866636472,16.886705557261283,38.62663953258968,,24.27584002435405,34.194451527625276,,55.53620352050641,,,,11.245398213414491,,15.621153578576704,,,37.32475963819537,,39.560524783527555,23.57159025972266,12.196642356855715,,,,,20.391980733159095,,,,14.554641065523954,23.472140929245896,,,,,,,44.81612461210384,,,,,,,16.884037338744605,13.215164829666112,,12.32011222314978,19.430454620594144,,,,,,,
2011,High income,True,,,,,19.430454620594144,,,,,,,,,,,,,,,,,,,,,,,,,,,,,,,,,,,,,,,,,,,,,,,,,,,,,,,,,,,,,,,,,,,,,,,,,,,,,,,,,,,,,,,,,,,,,,,,,,,,,,,,,,,,,,,,,,,,,,,,,,,,,,,,,,,,,,,,,,,,,,,,,,,,,,,,,,,,,,,,,,,,,,,,,,,,,,,,,,,,,,,,,,,,,,
2012,High income,,True,,,,,,,,13.639509993158857,,26.895582563773285,,,19.934338991052076,18.674092120842143,,28.746230013890013,26.80383220630263,,38.606985986195355,,19.44441066485057,,,,,,,,8.851928955954579,47.74680758485193,,,,,,14.986918490829693,,,33.40764309061883,,,,,24.50274989469803,11.472703078293902,,42.371664332042414,14.216015252634849,,,13.51348301533264,,,,,,,,,22.54067181058465,,,17.461959349017462,10.11996115781576,,,,14.02465423327214,,30.448957789307013,,,,,38.8962794073002,,,29.37169646422199,18.455566401999235,,,,,13.686410735757272,23.40835648279381,22.08430289607222,,12.972343929332892,,,,,14.95504688847054,,,37.82342229940483,,,,,31.80083937428462,11.469619960016086,,,,,,32.090761750405186,,,,,,5.5354512378025325,,,,,,,0.7819118227177316,,10.090676586840267,12.265250368403551,,,,,14.800081481737712,10.244284953279816,,16.618251380561627,34.78495241979193,,,,,24.264167375942677,29.583298968310736,10.883827339097667,38.20380618185923,,22.4279405990076,33.39754420198463,,55.40708269515929,,,,11.335501735716742,,15.156213380446736,,,31.46470724398934,,37.69818817524383,23.233090171278892,12.459966115009571,,,,,21.80307745277079,,,,14.809892839189102,23.28746424627329,,,,,,,44.68573140587759,,,,,,,16.738803959382683,14.114291270255084,,12.33532760341045,18.46465153442313,,,,,,,
2012,High income,True,,,,,19.44441066485057,,,,,,,,,,,,,,,,,,,,,,,,,,,,,,,,,,,,,,,,,,,,,,,,,,,,,,,,,,,,,,,,,,,,,,,,,,,,,,,,,,,,,,,,,,,,,,,,,,,,,,,,,,,,,,,,,,,,,,,,,,,,,,,,,,,,,,,,,,,,,,,,,,,,,,,,,,,,,,,,,,,,,,,,,,,,,,,,,,,,,,,,,,,,,,
2013,High income,,True,,,,,,,,13.333333333333334,,26.763392421853545,,,19.526924010485345,19.17125071923627,,27.931170061457628,26.917974008675404,,40.41992536518014,,19.74011241071306,,,,,,,,9.407419455495202,41.862444184554,,,,,,14.557318945181011,,,33.638309018016436,,,,,23.225666092887035,8.831276861222792,,42.599132971564735,14.331720938750054,,,13.347526633132553,,,,,,,,,23.605410388855915,,,17.79447417410895,10.178253388513452,,,,13.189553136581486,,33.73947365300312,,,,,37.95722098425129,,,28.360420114565105,18.143053869017304,,,,,14.032438270933117,22.65417162413272,22.22630470726227,,12.70128087052974,,,,,14.485441317686885,,,38.4714849045379,,,,,32.82087118565106,11.19934015364302,,,,,,30.22222222222222,,,,,,5.747511774987722,,,,,,,1.0462260577453864,,11.534885051715998,12.37116378002002,,,,,14.594196451361189,6.970318951153223,,16.001573624727193,32.27741787617026,,,,,23.645572016850476,28.79378742304907,6.9094323039431105,37.86204570387756,,20.176116010546416,34.83225691456702,,56.48267091564303,,,,10.941384558183778,,14.35986435906459,,,31.75071052668236,,36.19911581286863,23.32164982797128,12.45486407200532,,,,,22.76995260789463,,,,14.931187763728262,22.750398223296177,,,,,,,43.17301834895721,,,,,,,17.15579433011528,15.617465201675122,,12.283100632325262,17.6936956007971,,,,,,,
2013,High income,True,,,,,19.526924010485345,,,,,,,,,,,,,,,,,,,,,,,,,,,,,,,,,,,,,,,,,,,,,,,,,,,,,,,,,,,,,,,,,,,,,,,,,,,,,,,,,,,,,,,,,,,,,,,,,,,,,,,,,,,,,,,,,,,,,,,,,,,,,,,,,,,,,,,,,,,,,,,,,,,,,,,,,,,,,,,,,,,,,,,,,,,,,,,,,,,,,,,,,,,,,,
2014,High income,,True,,,,,,,,12.76978417266187,,25.3436776964588,,,17.847363940492567,19.09817555082757,,28.322607507463573,26.142872874517316,,43.63391170084321,,19.530395811756403,,,,,,,,7.3345997033723505,40.240939069963126,,,,,,14.707509293344224,,,34.268729992344554,,,,,24.413306050563687,11.275282670390558,,45.11090132183747,14.458653073541262,,,13.339256048832292,,,,,,,,,23.522165981427992,,,17.637447380795525,10.125406307830758,,,,12.873363798311518,,37.19952639774866,,,,,35.95364046429681,,,28.338631168574985,17.846776453540777,,,,,14.067304423731702,23.010033444816052,22.539964106792684,,12.869680132543287,,,,,13.929330873472772,,,39.10600718485309,,,,,31.49276129943503,11.07252577290984,,,,,,36.4677589360059,,,,,,5.883767864679736,,,,,,,1.313148238184721,,11.58756552618229,12.850425240935092,,,,,14.378532709611695,5.684079806270362,,15.69245620101912,31.799240815091775,,,,,22.737462371101007,29.33474350886307,5.647692209571607,37.12419310628714,,20.313699342065863,35.825708335500394,,53.738182727530535,,,,11.976797968334155,,13.135870408211437,,,32.44335881967561,,33.300028892967624,18.00793100286245,12.98344604846954,,,,,23.130026175056464,,,,14.918947113162917,22.596944655211797,,,,,,,42.83146549511996,,,,,,,17.807826609354883,15.081532021541456,,11.976499615256332,17.09544229007648,,,,,,,
2014,High income,True,,,,,18.00793100286245,,,,,,,,,,,,,,,,,,,,,,,,,,,,,,,,,,,,,,,,,,,,,,,,,,,,,,,,,,,,,,,,,,,,,,,,,,,,,,,,,,,,,,,,,,,,,,,,,,,,,,,,,,,,,,,,,,,,,,,,,,,,,,,,,,,,,,,,,,,,,,,,,,,,,,,,,,,,,,,,,,,,,,,,,,,,,,,,,,,,,,,,,,,,,,
2015,High income,,True,,,,,,,,13.11098332374928,,23.53068907961713,,,17.201881683205567,19.09111285442116,,30.39052101390128,25.89375456085035,,44.414875743328416,,19.01653742986729,,,,,,,,4.97357671644228,42.50993909778102,,,,,,14.696448673466506,,,34.50925622437433,,,,,22.599232293486423,10.945432321219275,,43.62483050979536,14.513741160705436,,,13.458594181342754,,,,,,,,,23.718921530490785,,,18.628895820341448,10.03931608448416,,,,12.953360225373409,,36.034391899348854,,,,,33.7147242890202,,,27.48835291990055,17.507602166794918,,,,,13.467374349840592,22.501026396503008,23.466541166199452,,12.947671043761575,,,,,13.695519018877794,,,40.465307838749354,,,,,31.837121993481578,10.715092003837563,,,,,,37.210078856302545,,,,,,6.02537507329006,,,,,,,1.0690178682307832,,11.286428210455387,13.364660080869564,,,,,14.142769671993324,5.301489060335547,,17.25234590603267,33.03644704616807,,,,,23.03758562907525,29.534967060664517,5.316105597545914,37.149699395310584,,21.281868573400953,38.646335289974374,,57.08949728056499,,,,13.602185879369408,,14.38336617517157,,,27.18510396612316,,33.08611819759811,18.44357351873162,12.49877717732852,,,,,22.29291955036812,,,,14.90281528277744,22.024487590305196,,,,,,,41.30602090911062,,,,,,,17.789649853574875,14.94256189283348,,11.75443635608799,16.92112809607425,,,,,,,
2015,High income,True,,,,,18.628895820341448,,,,,,,,,,,,,,,,,,,,,,,,,,,,,,,,,,,,,,,,,,,,,,,,,,,,,,,,,,,,,,,,,,,,,,,,,,,,,,,,,,,,,,,,,,,,,,,,,,,,,,,,,,,,,,,,,,,,,,,,,,,,,,,,,,,,,,,,,,,,,,,,,,,,,,,,,,,,,,,,,,,,,,,,,,,,,,,,,,,,,,,,,,,,,,
2016,High income,,True,,,,,,,,12.562257885998894,,27.519596658961113,,,16.946568515586932,19.243352904969985,,28.007113781757123,27.98857228218247,,45.056506615336446,,18.459690515016167,,,,,,,,4.979815148971849,43.25471433510192,,,,,,15.600971844476527,,,34.75082924759101,,,,,22.202952823241095,10.974082104772654,,44.60701303342077,14.285108787995716,,,13.521423125454614,,,,,,,,,23.73811944562215,,,19.272912382957397,9.8848159338689,,,,12.825591591301857,,34.30816336636014,,,,,29.93546645277535,,,27.68942783513304,16.74673708447583,,,,,13.091354133452032,22.822607288925344,23.32339841717186,,12.854398554140232,,,,,13.282157178443276,,,43.322967471502125,,,,,32.31704954867702,10.74443747242357,,,,,,35.12796312833557,,,,,,6.329379801815793,,,,,,,1.130631546322479,,11.286428210455387,13.575582672874104,,,,,14.270999043073866,5.560497689660118,,17.15131030589245,32.698197742169455,,,,,22.745580497388374,29.431738984759345,6.279732135393933,35.61482706021601,,20.75498576020519,40.48464987421505,,54.89627048980756,,,,12.36561617180424,,14.451419590280148,,,25.30701756998355,,32.944650091777085,17.888629691445363,11.981036420526737,,,,,21.95563507898643,,,,14.491888541273164,21.29368099724718,,,,,,,43.11694626199619,,,,,,,15.991594718619092,14.744686332952927,,11.614961317912304,16.439235406991532,,,,,,,
2016,High income,True,,,,,18.459690515016167,,,,,,,,,,,,,,,,,,,,,,,,,,,,,,,,,,,,,,,,,,,,,,,,,,,,,,,,,,,,,,,,,,,,,,,,,,,,,,,,,,,,,,,,,,,,,,,,,,,,,,,,,,,,,,,,,,,,,,,,,,,,,,,,,,,,,,,,,,,,,,,,,,,,,,,,,,,,,,,,,,,,,,,,,,,,,,,,,,,,,,,,,,,,,,
2017,High income,,True,,,,,,,,12.087326943556974,,26.568623824374715,,,16.604319540288945,19.152759393064148,,24.332137567952103,31.994980838550443,,45.55510783219499,,18.385338836399495,,,,,,,,5.411423338004672,42.193845715334675,,,,,,15.815317854464952,,,33.30509585276548,,,,,21.25538982922749,10.966595405743975,,44.75834750853485,14.136327913327838,,,13.693603136047887,,,,,,,,,24.806680115596347,,,19.045970449433245,9.895000588520949,,,,12.687319436899868,,34.99521588285201,,,,,28.84054828096731,,,27.249473171879867,16.3249999491045,,,,,12.608476768014008,22.431027588964415,23.806047897436574,,12.654927674002575,,,,,12.92664246876207,,,41.788330306007815,,,,,32.27551679586563,10.661264193966124,,,,,,35.22464030298058,,,,,,6.245585648439513,,,,,,,0.8847000773766132,,11.048864824295707,13.577074213602234,,,,,14.511925353289326,5.936874682566593,,16.95531339818132,31.915959695710704,,,,,22.73643461556075,29.688344037384027,6.881376902466529,34.73718353726325,,20.488155292682308,40.493082050583794,,53.38910657509032,,,,12.386299792376064,,14.323529955802288,,,24.59942634535929,,32.45282386981881,18.71242005084305,12.322433913665243,,,,,22.241625176692462,,,,14.086616241096506,21.641552606149045,,,,,,,40.80586239551248,,,,,,,11.41661802696186,14.88585916317263,,11.340531763148457,16.498068361229514,,,,,,,
2017,High income,True,,,,,18.71242005084305,,,,,,,,,,,,,,,,,,,,,,,,,,,,,,,,,,,,,,,,,,,,,,,,,,,,,,,,,,,,,,,,,,,,,,,,,,,,,,,,,,,,,,,,,,,,,,,,,,,,,,,,,,,,,,,,,,,,,,,,,,,,,,,,,,,,,,,,,,,,,,,,,,,,,,,,,,,,,,,,,,,,,,,,,,,,,,,,,,,,,,,,,,,,,,
2018,High income,,True,,,,,,,,12.338308457711443,,23.660211896904393,,,16.229624228617084,18.425347353721182,,27.678285437331695,30.003576695537255,,45.89333350123321,,18.48899143662579,,,,,,,,4.858351744347951,39.32843888340428,,,,,,15.543315174156897,,,32.69705945528565,,,,,22.416425241598763,11.387254314763323,,44.36095764770448,14.155493745053263,,,13.824072063773064,,,,,,,,,24.513106596088623,,,18.430683505721735,9.743876570206492,,,,12.922048155639525,,36.08007121831045,,,,,33.730397562963226,,,26.788945785750222,15.824146226177204,,,,,12.583932075558064,21.836928836652653,23.550946095324793,,12.994567075196478,,,,,10.6470352509178,,,39.17964176313091,,,,,31.51578564892071,10.43567424081785,,,,,,34.29564155056288,,,,,,6.407429188420065,,,,,,,0.7456477850214619,,10.791329800265624,12.911688801966717,,,,,13.968633593550434,6.496743285235702,,16.681353100085676,35.70438578606032,,,,,20.420331872316464,29.917321052996748,6.738062904201353,33.89823830431337,,19.457571206647383,38.311663592965765,,49.381571832167275,,,,11.11235197484955,,15.898353594522089,,,25.14192470076921,,29.4783853884834,18.907818783741035,11.981577742942209,,,,,22.240181178782827,,,,13.958823930277813,21.94914908209484,,,,,,,44.88968880072809,,,,,,,12.696112388910914,15.657198090738238,,11.3061667283342,16.246628464619096,,,,,,,
2018,High income,True,,,,,18.430683505721735,,,,,,,,,,,,,,,,,,,,,,,,,,,,,,,,,,,,,,,,,,,,,,,,,,,,,,,,,,,,,,,,,,,,,,,,,,,,,,,,,,,,,,,,,,,,,,,,,,,,,,,,,,,,,,,,,,,,,,,,,,,,,,,,,,,,,,,,,,,,,,,,,,,,,,,,,,,,,,,,,,,,,,,,,,,,,,,,,,,,,,,,,,,,,,
2019,High income,,True,,,,,,,,12.742248062015504,,24.265099962466515,,,14.706591707331269,17.915198048900784,,26.728999876475363,29.9793541608217,,46.69363851055895,,19.74298329436773,,,,,,,,5.50818488742548,37.795538146676066,,,,,,15.468675207685296,,,32.3417060868721,,,,,22.324563959712584,11.464766479896172,,33.72646693891906,14.30902132018663,,,13.794443749594778,,,,,,,,,23.924581514741487,,,17.42399447232526,9.703004507584415,,,,13.227934402063756,,33.64272247184882,,,,,35.02374497310836,,,27.78665929739955,15.425638485174122,,,,,12.132625565988304,21.35632742288074,23.46068773951287,,12.901772063929576,,,,,10.720565943749476,,,35.105003905643585,,,,,32.270224270586894,9.58771718744367,,,,,,34.13107865813663,,,,,,6.652085128879771,,,,,,,0.8031395183770743,,10.42366611277548,12.12657106204346,,,,,13.918727077568043,5.96134702668172,,14.863740881881512,37.61917676138023,,,,,20.090784181904407,30.607241812644855,6.390301737036775,32.57798974242965,,18.87716407531745,36.57374744594576,,46.36796910694647,,,,11.220835020421251,,11.404073756177793,,,25.061393179762465,,28.73529328465454,19.159362156528605,11.661239264854231,,,,,21.85766513415684,,,,13.713305800686303,21.896412627828084,,,,,,,46.91285624557354,,,,,,,12.231621143658938,15.79803179830618,,11.294091868191588,15.461458049718994,,,,,,,
2019,High income,True,,,,,17.915198048900784,,,,,,,,,,,,,,,,,,,,,,,,,,,,,,,,,,,,,,,,,,,,,,,,,,,,,,,,,,,,,,,,,,,,,,,,,,,,,,,,,,,,,,,,,,,,,,,,,,,,,,,,,,,,,,,,,,,,,,,,,,,,,,,,,,,,,,,,,,,,,,,,,,,,,,,,,,,,,,,,,,,,,,,,,,,,,,,,,,,,,,,,,,,,,,
2020,High income,,True,,,,,,,,11.151079136690647,,21.966229301662754,,,14.886136709845672,16.471934163472035,,22.409009285199257,26.288217822705107,,42.9311855137155,,17.189375874447695,,,,,,,,5.814530360071877,35.52528922475964,,,,,,13.710943411228117,,,29.042451338164344,,,,,20.286762136077957,10.448821374158053,,21.36680619434678,11.076177841574507,,,13.377061288732524,,,,,,,,,21.428277055187223,,,16.466221815168563,8.980094012672645,,,,11.991452536341768,,33.44511072545806,,,,,23.08770724808128,,,26.14737500687805,14.87056234269552,,,,,10.930665457214834,20.427163198247538,21.458234308158005,,11.70563528410346,,,,,9.385457743560153,,,31.873916989850656,,,,,28.6609042303854,8.387290856071662,,,,,,30.303609854425854,,,,,,5.980738749424424,,,,,,,0.7779961035575429,,9.279745858454792,11.414932958384563,,,,,13.787627447807088,5.207502811678754,,16.12763919953604,39.598654870904426,,,,,19.534980193569385,28.018589011036816,5.8985959163626625,30.47086102470713,,19.026185282018385,24.884545188984564,,42.20227228519362,,,,10.255510002476552,,10.081579840253871,,,21.044421833361593,,24.76644141649127,18.751677322768796,12.474130266514754,,,,,19.73453276436211,,,,12.831514353363128,20.65158049600642,,,,,,,46.07218275505416,,,,,,,11.21054455563054,11.450068396654684,,10.052074172840438,16.740652324314333,,,,,,,
2020,High income,True,,,,,16.740652324314333,,,,,,,,,,,,,,,,,,,,,,,,,,,,,,,,,,,,,,,,,,,,,,,,,,,,,,,,,,,,,,,,,,,,,,,,,,,,,,,,,,,,,,,,,,,,,,,,,,,,,,,,,,,,,,,,,,,,,,,,,,,,,,,,,,,,,,,,,,,,,,,,,,,,,,,,,,,,,,,,,,,,,,,,,,,,,,,,,,,,,,,,,,,,,,
2021,High income,,True,,,,,,,,11.738085877589652,,21.552767941706932,,,13.837267673633876,15.734798767955567,,25.512110736846857,25.662976382344016,,38.77418222684677,,18.779023652421465,,,,,,,,6.930693069306931,33.72874896638028,,,,,,13.944830605480297,,,32.634521234146305,,,,,20.517045281126126,9.398874100858116,,13.753820882126316,12.481795516002022,,,12.699150408327924,,,,,,,,,22.154882504090363,,,16.662948203292583,8.738275370910266,,,,11.95167051271338,,33.31882665420834,,,,,28.238259199086112,,,24.640353063471725,14.543243025291687,,,,,10.688282936971914,20.99524187153053,22.72460329578689,,11.731425374748754,,,,,8.18231442377025,,,26.982388226412105,,,,,29.9312395579543,8.798368728778692,,,,,,29.668597252617083,,,,,,6.88747114200989,,,,,,,0.6134336724534494,,9.369966546896295,11.571162502987146,,,,,13.852559842775744,6.132633228967076,,16.20428700515134,37.331687443486146,,,,,19.84747832664754,29.41145655193305,6.557579595663382,29.960604801301628,,20.942455824974783,28.7372039828492,,38.84815559540492,,,,11.85579029913044,,10.15629528628778,,,22.8623087136308,,24.140211151213283,19.40410600146783,12.876154683885572,,,,,19.344104345335012,,,,12.802184181104469,21.289024720656833,,,,,,,46.85574348493789,,,,,,,10.46759379153093,12.389957481794395,,10.83278586696301,15.814179209592142,,,,,,,
2021,High income,True,,,,,16.20428700515134,,,,,,,,,,,,,,,,,,,,,,,,,,,,,,,,,,,,,,,,,,,,,,,,,,,,,,,,,,,,,,,,,,,,,,,,,,,,,,,,,,,,,,,,,,,,,,,,,,,,,,,,,,,,,,,,,,,,,,,,,,,,,,,,,,,,,,,,,,,,,,,,,,,,,,,,,,,,,,,,,,,,,,,,,,,,,,,,,,,,,,,,,,,,,,
2022,High income,,True,,,,,,,,8.844646165307177,,24.80779155134945,,,15.28298918387414,15.990578713278415,,24.246332715028423,23.470589191658224,,46.74364173830436,,20.045735219245053,,,,,,,,7.658401831123071,35.075923185768396,,,,,,14.853102134500352,,,35.46334856050968,,,,,22.435043742196896,9.189173573200854,,14.556442645012885,14.287589422013912,,,13.0279503898878,,,,,,,,,23.14767809370882,,,16.09821331108506,8.923135009182946,,,,10.735516506813294,,33.53891200839877,,,,,23.06054184495183,,,24.270017785521738,13.673565349525733,,,,,10.673408467001314,20.248647225942296,22.73743875164325,,10.97316867775715,,,,,11.544759832981743,,,30.740360462285196,,,,,31.83037032734956,8.667783765723367,,,,,,30.023075706181626,,,,,,7.560058387248986,,,,,,,0.4678888270182612,,10.022722577979756,11.675174280194623,,,,,14.075430083811204,7.477706609703269,,16.59174181569317,37.13283754102183,,,,,18.83915128771728,29.64781030126312,7.733138306613922,28.79315217559611,,21.421674565628283,27.703352297717917,,43.28757733385053,,,,11.435653870426831,,11.016180337706292,,,24.406469244461945,,24.739813344155415,19.26242364717993,12.431871824093662,,,,,19.176673426047333,,,,12.873915555364569,21.582734882469637,,,,,,,49.23382438698737,,,,,,,12.288394209119788,13.288772943752743,,11.099166658542927,16.326977305269942,,,,,,,
2022,High income,True,,,,,16.326977305269942,,,,,,,,,,,,,,,,,,,,,,,,,,,,,,,,,,,,,,,,,,,,,,,,,,,,,,,,,,,,,,,,,,,,,,,,,,,,,,,,,,,,,,,,,,,,,,,,,,,,,,,,,,,,,,,,,,,,,,,,,,,,,,,,,,,,,,,,,,,,,,,,,,,,,,,,,,,,,,,,,,,,,,,,,,,,,,,,,,,,,,,,,,,,,,
