entity_name,iso3_code,year,value,income_level,indicator_name
High income (median),,2000,20.338961804119194,High income,Out-of-pocket health expenditure (% of current health expenditure)
Low income (median),,2000,56.216259964436205,Low income,Out-of-pocket health expenditure (% of current health expenditure)
Lower middle income (median),,2000,44.779740108372266,Lower middle income,Out-of-pocket health expenditure (% of current health expenditure)
Upper middle income (median),,2000,40.281414937807945,Upper middle income,Out-of-pocket health expenditure (% of current health expenditure)
High income (median),,2001,19.565984310448872,High income,Out-of-pocket health expenditure (% of current health expenditure)
Low income (median),,2001,55.927980014379145,Low income,Out-of-pocket health expenditure (% of current health expenditure)
Lower middle income (median),,2001,45.09108640570071,Lower middle income,Out-of-pocket health expenditure (% of current health expenditure)
Upper middle income (median),,2001,41.144572185591294,Upper middle income,Out-of-pocket health expenditure (% of current health expenditure)
High income (median),,2002,20.744570782649173,High income,Out-of-pocket health expenditure (% of current health expenditure)
Low income (median),,2002,52.01006613017259,Low income,Out-of-pocket health expenditure (% of current health expenditure)
Lower middle income (median),,2002,45.29000269390529,Lower middle income,Out-of-pocket health expenditure (% of current health expenditure)
Upper middle income (median),,2002,39.48170731707317,Upper middle income,Out-of-pocket health expenditure (% of current health expenditure)
High income (median),,2003,20.337226444633753,High income,Out-of-pocket health expenditure (% of current health expenditure)
Low income (median),,2003,50.99283495447544,Low income,Out-of-pocket health expenditure (% of current health expenditure)
Lower middle income (median),,2003,45.49246435212146,Lower middle income,Out-of-pocket health expenditure (% of current health expenditure)
Upper middle income (median),,2003,37.774577324236546,Upper middle income,Out-of-pocket health expenditure (% of current health expenditure)
High income (median),,2004,19.938501499278804,High income,Out-of-pocket health expenditure (% of current health expenditure)
Low income (median),,2004,52.57575845286542,Low income,Out-of-pocket health expenditure (% of current health expenditure)
Lower middle income (median),,2004,44.568611306707396,Lower middle income,Out-of-pocket health expenditure (% of current health expenditure)
Upper middle income (median),,2004,36.9191166220271,Upper middle income,Out-of-pocket health expenditure (% of current health expenditure)
High income (median),,2005,20.007852903872653,High income,Out-of-pocket health expenditure (% of current health expenditure)
Low income (median),,2005,50.92716465788034,Low income,Out-of-pocket health expenditure (% of current health expenditure)
Lower middle income (median),,2005,42.224179325310004,Lower middle income,Out-of-pocket health expenditure (% of current health expenditure)
Upper middle income (median),,2005,35.84010093394332,Upper middle income,Out-of-pocket health expenditure (% of current health expenditure)
High income (median),,2006,20.207298524595657,High income,Out-of-pocket health expenditure (% of current health expenditure)
Low income (median),,2006,51.503795081501664,Low income,Out-of-pocket health expenditure (% of current health expenditure)
Lower middle income (median),,2006,40.4268292902409,Lower middle income,Out-of-pocket health expenditure (% of current health expenditure)
Upper middle income (median),,2006,35.11928304983314,Upper middle income,Out-of-pocket health expenditure (% of current health expenditure)
High income (median),,2007,20.026469703365443,High income,Out-of-pocket health expenditure (% of current health expenditure)
Low income (median),,2007,50.81387015227059,Low income,Out-of-pocket health expenditure (% of current health expenditure)
Lower middle income (median),,2007,40.87969634039824,Lower middle income,Out-of-pocket health expenditure (% of current health expenditure)
Upper middle income (median),,2007,35.46963442465842,Upper middle income,Out-of-pocket health expenditure (% of current health expenditure)
High income (median),,2008,19.699172743139595,High income,Out-of-pocket health expenditure (% of current health expenditure)
Low income (median),,2008,51.07615399548065,Low income,Out-of-pocket health expenditure (% of current health expenditure)
Lower middle income (median),,2008,39.7440705582414,Lower middle income,Out-of-pocket health expenditure (% of current health expenditure)
Upper middle income (median),,2008,33.768735933313664,Upper middle income,Out-of-pocket health expenditure (% of current health expenditure)
High income (median),,2009,19.052843154183577,High income,Out-of-pocket health expenditure (% of current health expenditure)
Low income (median),,2009,48.76386993287419,Low income,Out-of-pocket health expenditure (% of current health expenditure)
Lower middle income (median),,2009,38.511596499747185,Lower middle income,Out-of-pocket health expenditure (% of current health expenditure)
Upper middle income (median),,2009,33.11003813962082,Upper middle income,Out-of-pocket health expenditure (% of current health expenditure)
High income (median),,2010,18.803954740986807,High income,Out-of-pocket health expenditure (% of current health expenditure)
Low income (median),,2010,51.033263308159285,Low income,Out-of-pocket health expenditure (% of current health expenditure)
Lower middle income (median),,2010,37.48913042118837,Lower middle income,Out-of-pocket health expenditure (% of current health expenditure)
Upper middle income (median),,2010,33.17567154894759,Upper middle income,Out-of-pocket health expenditure (% of current health expenditure)
High income (median),,2011,18.507088078511757,High income,Out-of-pocket health expenditure (% of current health expenditure)
Low income (median),,2011,46.97991135491745,Low income,Out-of-pocket health expenditure (% of current health expenditure)
Lower middle income (median),,2011,41.091345841530995,Lower middle income,Out-of-pocket health expenditure (% of current health expenditure)
Upper middle income (median),,2011,34.194451527625276,Upper middle income,Out-of-pocket health expenditure (% of current health expenditure)
High income (median),,2012,18.455566401999235,High income,Out-of-pocket health expenditure (% of current health expenditure)
Low income (median),,2012,49.04944368157802,Low income,Out-of-pocket health expenditure (% of current health expenditure)
Lower middle income (median),,2012,40.778924288099326,Lower middle income,Out-of-pocket health expenditure (% of current health expenditure)
Upper middle income (median),,2012,33.39754420198463,Upper middle income,Out-of-pocket health expenditure (% of current health expenditure)
High income (median),,2013,17.79447417410895,High income,Out-of-pocket health expenditure (% of current health expenditure)
Low income (median),,2013,42.51777805925916,Low income,Out-of-pocket health expenditure (% of current health expenditure)
Lower middle income (median),,2013,39.06398654579148,Lower middle income,Out-of-pocket health expenditure (% of current health expenditure)
Upper middle income (median),,2013,33.66908672435802,Upper middle income,Out-of-pocket health expenditure (% of current health expenditure)
High income (median),,2014,17.807826609354883,High income,Out-of-pocket health expenditure (% of current health expenditure)
Low income (median),,2014,40.14643395828597,Low income,Out-of-pocket health expenditure (% of current health expenditure)
Lower middle income (median),,2014,41.028209793078915,Lower middle income,Out-of-pocket health expenditure (% of current health expenditure)
Upper middle income (median),,2014,33.044671895897025,Upper middle income,Out-of-pocket health expenditure (% of current health expenditure)
High income (median),,2015,17.507602166794918,High income,Out-of-pocket health expenditure (% of current health expenditure)
Low income (median),,2015,39.470851170109015,Low income,Out-of-pocket health expenditure (% of current health expenditure)
Lower middle income (median),,2015,39.67178175809056,Lower middle income,Out-of-pocket health expenditure (% of current health expenditure)
Upper middle income (median),,2015,33.03644704616807,Upper middle income,Out-of-pocket health expenditure (% of current health expenditure)
High income (median),,2016,16.946568515586932,High income,Out-of-pocket health expenditure (% of current health expenditure)
Low income (median),,2016,45.16386453975277,Low income,Out-of-pocket health expenditure (% of current health expenditure)
Lower middle income (median),,2016,39.75572530616465,Lower middle income,Out-of-pocket health expenditure (% of current health expenditure)
Upper middle income (median),,2016,32.49470054521346,Upper middle income,Out-of-pocket health expenditure (% of current health expenditure)
High income (median),,2017,16.604319540288945,High income,Out-of-pocket health expenditure (% of current health expenditure)
Low income (median),,2017,42.503894483692235,Low income,Out-of-pocket health expenditure (% of current health expenditure)
Lower middle income (median),,2017,40.19929053590646,Lower middle income,Out-of-pocket health expenditure (% of current health expenditure)
Upper middle income (median),,2017,31.915959695710704,Upper middle income,Out-of-pocket health expenditure (% of current health expenditure)
High income (median),,2018,16.246628464619096,High income,Out-of-pocket health expenditure (% of current health expenditure)
Low income (median),,2018,42.5682250511727,Low income,Out-of-pocket health expenditure (% of current health expenditure)
Lower middle income (median),,2018,39.285322333538105,Lower middle income,Out-of-pocket health expenditure (% of current health expenditure)
Upper middle income (median),,2018,30.91319270584154,Upper middle income,Out-of-pocket health expenditure (% of current health expenditure)
High income (median),,2019,15.468675207685296,High income,Out-of-pocket health expenditure (% of current health expenditure)
Low income (median),,2019,43.86542434201002,Low income,Out-of-pocket health expenditure (% of current health expenditure)
Lower middle income (median),,2019,38.696574507366904,Lower middle income,Out-of-pocket health expenditure (% of current health expenditure)
Upper middle income (median),,2019,30.936163587220857,Upper middle income,Out-of-pocket health expenditure (% of current health expenditure)
High income (median),,2020,16.12763919953604,High income,Out-of-pocket health expenditure (% of current health expenditure)
Low income (median),,2020,46.249647634692366,Low income,Out-of-pocket health expenditure (% of current health expenditure)
Lower middle income (median),,2020,37.30069648568928,Lower middle income,Out-of-pocket health expenditure (% of current health expenditure)
Upper middle income (median),,2020,27.74455241195365,Upper middle income,Out-of-pocket health expenditure (% of current health expenditure)
High income (median),,2021,14.543243025291687,High income,Out-of-pocket health expenditure (% of current health expenditure)
Low income (median),,2021,43.39938899043155,Low income,Out-of-pocket health expenditure (% of current health expenditure)
Lower middle income (median),,2021,30.870663485830153,Lower middle income,Out-of-pocket health expenditure (% of current health expenditure)
Upper middle income (median),,2021,28.238259199086112,Upper middle income,Out-of-pocket health expenditure (% of current health expenditure)
High income (median),,2022,15.28298918387414,High income,Out-of-pocket health expenditure (% of current health expenditure)
Low income (median),,2022,43.90340056085751,Low income,Out-of-pocket health expenditure (% of current health expenditure)
Lower middle income (median),,2022,34.216159365816054,Lower middle income,Out-of-pocket health expenditure (% of current health expenditure)
Upper middle income (median),,2022,30.467770701461305,Upper middle income,Out-of-pocket health expenditure (% of current health expenditure)
Algeria,DZA,2000,25.794513886597567,Lower middle income,Out-of-pocket health expenditure (% of current health expenditure)
Algeria,DZA,2001,21.668524707719516,Lower middle income,Out-of-pocket health expenditure (% of current health expenditure)
Algeria,DZA,2002,22.524883379587028,Lower middle income,Out-of-pocket health expenditure (% of current health expenditure)
Algeria,DZA,2003,21.14863710502427,Lower middle income,Out-of-pocket health expenditure (% of current health expenditure)
Algeria,DZA,2004,26.094326713149883,Lower middle income,Out-of-pocket health expenditure (% of current health expenditure)
Algeria,DZA,2005,28.09361340870351,Lower middle income,Out-of-pocket health expenditure (% of current health expenditure)
Algeria,DZA,2006,29.12135964299271,Lower middle income,Out-of-pocket health expenditure (% of current health expenditure)
Algeria,DZA,2007,28.088581976109552,Lower middle income,Out-of-pocket health expenditure (% of current health expenditure)
Algeria,DZA,2008,26.14695866487478,Lower middle income,Out-of-pocket health expenditure (% of current health expenditure)
Algeria,DZA,2009,27.449507561421814,Lower middle income,Out-of-pocket health expenditure (% of current health expenditure)
Algeria,DZA,2010,28.882442618322184,Lower middle income,Out-of-pocket health expenditure (% of current health expenditure)
Algeria,DZA,2011,27.873466013844137,Lower middle income,Out-of-pocket health expenditure (% of current health expenditure)
Algeria,DZA,2012,27.215861664668225,Lower middle income,Out-of-pocket health expenditure (% of current health expenditure)
Algeria,DZA,2013,29.278447011738784,Lower middle income,Out-of-pocket health expenditure (% of current health expenditure)
Algeria,DZA,2014,28.563702955639663,Lower middle income,Out-of-pocket health expenditure (% of current health expenditure)
Algeria,DZA,2015,30.192856520485,Lower middle income,Out-of-pocket health expenditure (% of current health expenditure)
Algeria,DZA,2016,32.89481065395653,Lower middle income,Out-of-pocket health expenditure (% of current health expenditure)
Algeria,DZA,2017,33.937090562762855,Lower middle income,Out-of-pocket health expenditure (% of current health expenditure)
Algeria,DZA,2018,33.763891859121536,Lower middle income,Out-of-pocket health expenditure (% of current health expenditure)
Algeria,DZA,2019,37.92301891326617,Lower middle income,Out-of-pocket health expenditure (% of current health expenditure)
Algeria,DZA,2020,39.64335057684504,Lower middle income,Out-of-pocket health expenditure (% of current health expenditure)
Algeria,DZA,2021,40.38871201181179,Lower middle income,Out-of-pocket health expenditure (% of current health expenditure)
Algeria,DZA,2022,49.9758507868197,Lower middle income,Out-of-pocket health expenditure (% of current health expenditure)
Angola,AGO,2000,27.30468809318616,Lower middle income,Out-of-pocket health expenditure (% of current health expenditure)
Angola,AGO,2001,45.09108640570071,Lower middle income,Out-of-pocket health expenditure (% of current health expenditure)
Angola,AGO,2002,49.66205143399484,Lower middle income,Out-of-pocket health expenditure (% of current health expenditure)
Angola,AGO,2003,48.51068844211233,Lower middle income,Out-of-pocket health expenditure (% of current health expenditure)
Angola,AGO,2004,46.89109955948987,Lower middle income,Out-of-pocket health expenditure (% of current health expenditure)
Angola,AGO,2005,42.3326550156828,Lower middle income,Out-of-pocket health expenditure (% of current health expenditure)
Angola,AGO,2006,30.665700706138303,Lower middle income,Out-of-pocket health expenditure (% of current health expenditure)
Angola,AGO,2007,28.38397137943825,Lower middle income,Out-of-pocket health expenditure (% of current health expenditure)
Angola,AGO,2008,21.6532374734864,Lower middle income,Out-of-pocket health expenditure (% of current health expenditure)
Angola,AGO,2009,15.508905276859709,Lower middle income,Out-of-pocket health expenditure (% of current health expenditure)
Angola,AGO,2010,19.343756552505763,Lower middle income,Out-of-pocket health expenditure (% of current health expenditure)
Angola,AGO,2011,17.993809547316484,Lower middle income,Out-of-pocket health expenditure (% of current health expenditure)
Angola,AGO,2012,17.61917736571861,Lower middle income,Out-of-pocket health expenditure (% of current health expenditure)
Angola,AGO,2013,21.34927835946469,Lower middle income,Out-of-pocket health expenditure (% of current health expenditure)
Angola,AGO,2014,26.876167057777323,Lower middle income,Out-of-pocket health expenditure (% of current health expenditure)
Angola,AGO,2015,33.52316573187915,Lower middle income,Out-of-pocket health expenditure (% of current health expenditure)
Angola,AGO,2016,35.20893019949871,Lower middle income,Out-of-pocket health expenditure (% of current health expenditure)
Angola,AGO,2017,34.12101380176604,Lower middle income,Out-of-pocket health expenditure (% of current health expenditure)
Angola,AGO,2018,36.180266721837235,Lower middle income,Out-of-pocket health expenditure (% of current health expenditure)
Angola,AGO,2019,33.0572394826442,Lower middle income,Out-of-pocket health expenditure (% of current health expenditure)
Angola,AGO,2020,28.661708959436147,Lower middle income,Out-of-pocket health expenditure (% of current health expenditure)
Angola,AGO,2021,26.077638292905153,Lower middle income,Out-of-pocket health expenditure (% of current health expenditure)
Angola,AGO,2022,28.700150639830063,Lower middle income,Out-of-pocket health expenditure (% of current health expenditure)
Benin,BEN,2000,54.91024310149396,Lower middle income,Out-of-pocket health expenditure (% of current health expenditure)
Benin,BEN,2001,49.055398413264456,Lower middle income,Out-of-pocket health expenditure (% of current health expenditure)
Benin,BEN,2002,51.766090338750665,Lower middle income,Out-of-pocket health expenditure (% of current health expenditure)
Benin,BEN,2003,51.67531430060753,Lower middle income,Out-of-pocket health expenditure (% of current health expenditure)
Benin,BEN,2004,48.5820186599034,Lower middle income,Out-of-pocket health expenditure (% of current health expenditure)
Benin,BEN,2005,46.525252640001014,Lower middle income,Out-of-pocket health expenditure (% of current health expenditure)
Benin,BEN,2006,45.664999221370195,Lower middle income,Out-of-pocket health expenditure (% of current health expenditure)
Benin,BEN,2007,48.278289670170224,Lower middle income,Out-of-pocket health expenditure (% of current health expenditure)
Benin,BEN,2008,44.00003455454868,Lower middle income,Out-of-pocket health expenditure (% of current health expenditure)
Benin,BEN,2009,42.598740198823634,Lower middle income,Out-of-pocket health expenditure (% of current health expenditure)
Benin,BEN,2010,43.514213599820685,Lower middle income,Out-of-pocket health expenditure (% of current health expenditure)
Benin,BEN,2011,44.51009054569328,Lower middle income,Out-of-pocket health expenditure (% of current health expenditure)
Benin,BEN,2012,41.52768130884621,Lower middle income,Out-of-pocket health expenditure (% of current health expenditure)
Benin,BEN,2013,42.584328926205465,Lower middle income,Out-of-pocket health expenditure (% of current health expenditure)
Benin,BEN,2014,46.494013135618,Lower middle income,Out-of-pocket health expenditure (% of current health expenditure)
Benin,BEN,2015,51.40564787453597,Lower middle income,Out-of-pocket health expenditure (% of current health expenditure)
Benin,BEN,2016,48.86448095606369,Lower middle income,Out-of-pocket health expenditure (% of current health expenditure)
Benin,BEN,2017,50.78124252494524,Lower middle income,Out-of-pocket health expenditure (% of current health expenditure)
Benin,BEN,2018,45.57242467709419,Lower middle income,Out-of-pocket health expenditure (% of current health expenditure)
Benin,BEN,2019,50.892902516159374,Lower middle income,Out-of-pocket health expenditure (% of current health expenditure)
Benin,BEN,2020,46.80970315657902,Lower middle income,Out-of-pocket health expenditure (% of current health expenditure)
Benin,BEN,2021,48.63362207097843,Lower middle income,Out-of-pocket health expenditure (% of current health expenditure)
Benin,BEN,2022,42.49658971964282,Lower middle income,Out-of-pocket health expenditure (% of current health expenditure)
Botswana,BWA,2000,10.67191114702964,Upper middle income,Out-of-pocket health expenditure (% of current health expenditure)
Botswana,BWA,2001,9.45568603540903,Upper middle income,Out-of-pocket health expenditure (% of current health expenditure)
Botswana,BWA,2002,8.744948726336393,Upper middle income,Out-of-pocket health expenditure (% of current health expenditure)
Botswana,BWA,2003,8.766111349401633,Upper middle income,Out-of-pocket health expenditure (% of current health expenditure)
Botswana,BWA,2004,8.583290052008515,Upper middle income,Out-of-pocket health expenditure (% of current health expenditure)
Botswana,BWA,2005,8.498576755945189,Upper middle income,Out-of-pocket health expenditure (% of current health expenditure)
Botswana,BWA,2006,8.292569287484605,Upper middle income,Out-of-pocket health expenditure (% of current health expenditure)
Botswana,BWA,2007,6.772622255638472,Upper middle income,Out-of-pocket health expenditure (% of current health expenditure)
Botswana,BWA,2008,5.815736658711087,Upper middle income,Out-of-pocket health expenditure (% of current health expenditure)
Botswana,BWA,2009,5.423530673269462,Upper middle income,Out-of-pocket health expenditure (% of current health expenditure)
Botswana,BWA,2010,4.993563299306819,Upper middle income,Out-of-pocket health expenditure (% of current health expenditure)
Botswana,BWA,2011,4.573960455844653,Upper middle income,Out-of-pocket health expenditure (% of current health expenditure)
Botswana,BWA,2012,4.240046408975189,Upper middle income,Out-of-pocket health expenditure (% of current health expenditure)
Botswana,BWA,2013,3.784344467447478,Upper middle income,Out-of-pocket health expenditure (% of current health expenditure)
Botswana,BWA,2014,3.717095416496484,Upper middle income,Out-of-pocket health expenditure (% of current health expenditure)
Botswana,BWA,2015,3.5778174461448233,Upper middle income,Out-of-pocket health expenditure (% of current health expenditure)
Botswana,BWA,2016,3.3074942020328164,Upper middle income,Out-of-pocket health expenditure (% of current health expenditure)
Botswana,BWA,2017,2.993242283004042,Upper middle income,Out-of-pocket health expenditure (% of current health expenditure)
Botswana,BWA,2018,5.105791727946909,Upper middle income,Out-of-pocket health expenditure (% of current health expenditure)
Botswana,BWA,2019,4.495910074503887,Upper middle income,Out-of-pocket health expenditure (% of current health expenditure)
Botswana,BWA,2020,4.951548320400352,Upper middle income,Out-of-pocket health expenditure (% of current health expenditure)
Botswana,BWA,2021,4.265482519025035,Upper middle income,Out-of-pocket health expenditure (% of current health expenditure)
Botswana,BWA,2022,4.391388665279892,Upper middle income,Out-of-pocket health expenditure (% of current health expenditure)
Burkina Faso,BFA,2000,42.16008133865371,Low income,Out-of-pocket health expenditure (% of current health expenditure)
Burkina Faso,BFA,2001,42.729384655846864,Low income,Out-of-pocket health expenditure (% of current health expenditure)
Burkina Faso,BFA,2002,38.275827969966755,Low income,Out-of-pocket health expenditure (% of current health expenditure)
Burkina Faso,BFA,2003,33.386927073435125,Low income,Out-of-pocket health expenditure (% of current health expenditure)
Burkina Faso,BFA,2004,30.438840638773303,Low income,Out-of-pocket health expenditure (% of current health expenditure)
Burkina Faso,BFA,2005,30.71225589610708,Low income,Out-of-pocket health expenditure (% of current health expenditure)
Burkina Faso,BFA,2006,30.852599020252736,Low income,Out-of-pocket health expenditure (% of current health expenditure)
Burkina Faso,BFA,2007,27.393471762226824,Low income,Out-of-pocket health expenditure (% of current health expenditure)
Burkina Faso,BFA,2008,30.957009561824073,Low income,Out-of-pocket health expenditure (% of current health expenditure)
Burkina Faso,BFA,2009,31.44069107549974,Low income,Out-of-pocket health expenditure (% of current health expenditure)
Burkina Faso,BFA,2010,30.168732617351203,Low income,Out-of-pocket health expenditure (% of current health expenditure)
Burkina Faso,BFA,2011,32.88170241780375,Low income,Out-of-pocket health expenditure (% of current health expenditure)
Burkina Faso,BFA,2012,32.383568400556044,Low income,Out-of-pocket health expenditure (% of current health expenditure)
Burkina Faso,BFA,2013,33.53733080684637,Low income,Out-of-pocket health expenditure (% of current health expenditure)
Burkina Faso,BFA,2014,34.07847581131911,Low income,Out-of-pocket health expenditure (% of current health expenditure)
Burkina Faso,BFA,2015,36.02980039735161,Low income,Out-of-pocket health expenditure (% of current health expenditure)
Burkina Faso,BFA,2016,31.383095479083178,Low income,Out-of-pocket health expenditure (% of current health expenditure)
Burkina Faso,BFA,2017,31.677678361293403,Low income,Out-of-pocket health expenditure (% of current health expenditure)
Burkina Faso,BFA,2018,35.83075096201605,Low income,Out-of-pocket health expenditure (% of current health expenditure)
Burkina Faso,BFA,2019,34.693561737636855,Low income,Out-of-pocket health expenditure (% of current health expenditure)
Burkina Faso,BFA,2020,34.64081250542109,Low income,Out-of-pocket health expenditure (% of current health expenditure)
Burkina Faso,BFA,2021,34.64732202617294,Low income,Out-of-pocket health expenditure (% of current health expenditure)
Burkina Faso,BFA,2022,34.61856134127818,Low income,Out-of-pocket health expenditure (% of current health expenditure)
Burundi,BDI,2000,61.13878211377544,Low income,Out-of-pocket health expenditure (% of current health expenditure)
Burundi,BDI,2001,45.43356177173415,Low income,Out-of-pocket health expenditure (% of current health expenditure)
Burundi,BDI,2002,49.84329854233756,Low income,Out-of-pocket health expenditure (% of current health expenditure)
Burundi,BDI,2003,50.250065890395035,Low income,Out-of-pocket health expenditure (% of current health expenditure)
Burundi,BDI,2004,38.593564771565255,Low income,Out-of-pocket health expenditure (% of current health expenditure)
Burundi,BDI,2005,39.18720185053274,Low income,Out-of-pocket health expenditure (% of current health expenditure)
Burundi,BDI,2006,39.72788342964148,Low income,Out-of-pocket health expenditure (% of current health expenditure)
Burundi,BDI,2007,41.13088919664976,Low income,Out-of-pocket health expenditure (% of current health expenditure)
Burundi,BDI,2008,42.89714828213202,Low income,Out-of-pocket health expenditure (% of current health expenditure)
Burundi,BDI,2009,35.45698606047909,Low income,Out-of-pocket health expenditure (% of current health expenditure)
Burundi,BDI,2010,28.18636219766209,Low income,Out-of-pocket health expenditure (% of current health expenditure)
Burundi,BDI,2011,25.4752434824224,Low income,Out-of-pocket health expenditure (% of current health expenditure)
Burundi,BDI,2012,22.402347243433635,Low income,Out-of-pocket health expenditure (% of current health expenditure)
Burundi,BDI,2013,20.86187593040643,Low income,Out-of-pocket health expenditure (% of current health expenditure)
Burundi,BDI,2014,31.001065333974207,Low income,Out-of-pocket health expenditure (% of current health expenditure)
Burundi,BDI,2015,31.209631573835523,Low income,Out-of-pocket health expenditure (% of current health expenditure)
Burundi,BDI,2016,28.36751704352097,Low income,Out-of-pocket health expenditure (% of current health expenditure)
Burundi,BDI,2017,28.99659706324037,Low income,Out-of-pocket health expenditure (% of current health expenditure)
Burundi,BDI,2018,27.115660685420583,Low income,Out-of-pocket health expenditure (% of current health expenditure)
Burundi,BDI,2019,22.216406288647047,Low income,Out-of-pocket health expenditure (% of current health expenditure)
Burundi,BDI,2020,20.45733536416791,Low income,Out-of-pocket health expenditure (% of current health expenditure)
Burundi,BDI,2021,24.584613525277764,Low income,Out-of-pocket health expenditure (% of current health expenditure)
Burundi,BDI,2022,24.51572496625333,Low income,Out-of-pocket health expenditure (% of current health expenditure)
Cabo Verde,CPV,2000,25.259189146517,Lower middle income,Out-of-pocket health expenditure (% of current health expenditure)
Cabo Verde,CPV,2001,23.33108280443563,Lower middle income,Out-of-pocket health expenditure (% of current health expenditure)
Cabo Verde,CPV,2002,23.52381463559125,Lower middle income,Out-of-pocket health expenditure (% of current health expenditure)
Cabo Verde,CPV,2003,24.17235366555599,Lower middle income,Out-of-pocket health expenditure (% of current health expenditure)
Cabo Verde,CPV,2004,23.83398658507102,Lower middle income,Out-of-pocket health expenditure (% of current health expenditure)
Cabo Verde,CPV,2005,24.59075438178755,Lower middle income,Out-of-pocket health expenditure (% of current health expenditure)
Cabo Verde,CPV,2006,23.799573679202833,Lower middle income,Out-of-pocket health expenditure (% of current health expenditure)
Cabo Verde,CPV,2007,22.916232473949975,Lower middle income,Out-of-pocket health expenditure (% of current health expenditure)
Cabo Verde,CPV,2008,24.45173624077701,Lower middle income,Out-of-pocket health expenditure (% of current health expenditure)
Cabo Verde,CPV,2009,24.229615827893554,Lower middle income,Out-of-pocket health expenditure (% of current health expenditure)
Cabo Verde,CPV,2010,28.08193191098943,Lower middle income,Out-of-pocket health expenditure (% of current health expenditure)
Cabo Verde,CPV,2011,25.892929204743194,Lower middle income,Out-of-pocket health expenditure (% of current health expenditure)
Cabo Verde,CPV,2012,24.56819110318872,Lower middle income,Out-of-pocket health expenditure (% of current health expenditure)
Cabo Verde,CPV,2013,24.250146001242616,Lower middle income,Out-of-pocket health expenditure (% of current health expenditure)
Cabo Verde,CPV,2014,25.699053137251095,Lower middle income,Out-of-pocket health expenditure (% of current health expenditure)
Cabo Verde,CPV,2015,27.734893225166573,Lower middle income,Out-of-pocket health expenditure (% of current health expenditure)
Cabo Verde,CPV,2016,28.666056765400143,Lower middle income,Out-of-pocket health expenditure (% of current health expenditure)
Cabo Verde,CPV,2017,28.326132184232915,Lower middle income,Out-of-pocket health expenditure (% of current health expenditure)
Cabo Verde,CPV,2018,28.09855816522927,Lower middle income,Out-of-pocket health expenditure (% of current health expenditure)
Cabo Verde,CPV,2019,28.219401386419975,Lower middle income,Out-of-pocket health expenditure (% of current health expenditure)
Cabo Verde,CPV,2020,25.588119993599296,Lower middle income,Out-of-pocket health expenditure (% of current health expenditure)
Cabo Verde,CPV,2021,21.341701233785273,Lower middle income,Out-of-pocket health expenditure (% of current health expenditure)
Cabo Verde,CPV,2022,25.710650204792874,Lower middle income,Out-of-pocket health expenditure (% of current health expenditure)
Cameroon,CMR,2000,78.47399746973802,Lower middle income,Out-of-pocket health expenditure (% of current health expenditure)
Cameroon,CMR,2001,75.10469975125699,Lower middle income,Out-of-pocket health expenditure (% of current health expenditure)
Cameroon,CMR,2002,70.18141111305617,Lower middle income,Out-of-pocket health expenditure (% of current health expenditure)
Cameroon,CMR,2003,71.51586941784079,Lower middle income,Out-of-pocket health expenditure (% of current health expenditure)
Cameroon,CMR,2004,73.89202336521052,Lower middle income,Out-of-pocket health expenditure (% of current health expenditure)
Cameroon,CMR,2005,74.33882748424104,Lower middle income,Out-of-pocket health expenditure (% of current health expenditure)
Cameroon,CMR,2006,74.35810803724036,Lower middle income,Out-of-pocket health expenditure (% of current health expenditure)
Cameroon,CMR,2007,75.5683537991411,Lower middle income,Out-of-pocket health expenditure (% of current health expenditure)
Cameroon,CMR,2008,74.2455926739462,Lower middle income,Out-of-pocket health expenditure (% of current health expenditure)
Cameroon,CMR,2009,76.7654261746024,Lower middle income,Out-of-pocket health expenditure (% of current health expenditure)
Cameroon,CMR,2010,76.02136133476489,Lower middle income,Out-of-pocket health expenditure (% of current health expenditure)
Cameroon,CMR,2011,69.64954966590884,Lower middle income,Out-of-pocket health expenditure (% of current health expenditure)
Cameroon,CMR,2012,66.84483085438241,Lower middle income,Out-of-pocket health expenditure (% of current health expenditure)
Cameroon,CMR,2013,69.71941942215018,Lower middle income,Out-of-pocket health expenditure (% of current health expenditure)
Cameroon,CMR,2014,68.98473846211994,Lower middle income,Out-of-pocket health expenditure (% of current health expenditure)
Cameroon,CMR,2015,73.83301131030923,Lower middle income,Out-of-pocket health expenditure (% of current health expenditure)
Cameroon,CMR,2016,73.38752999879243,Lower middle income,Out-of-pocket health expenditure (% of current health expenditure)
Cameroon,CMR,2017,78.46200510098566,Lower middle income,Out-of-pocket health expenditure (% of current health expenditure)
Cameroon,CMR,2018,72.26169216895593,Lower middle income,Out-of-pocket health expenditure (% of current health expenditure)
Cameroon,CMR,2019,72.18878148085457,Lower middle income,Out-of-pocket health expenditure (% of current health expenditure)
Cameroon,CMR,2020,71.87678378166636,Lower middle income,Out-of-pocket health expenditure (% of current health expenditure)
Cameroon,CMR,2021,70.62872035537207,Lower middle income,Out-of-pocket health expenditure (% of current health expenditure)
Cameroon,CMR,2022,67.69354999148662,Lower middle income,Out-of-pocket health expenditure (% of current health expenditure)
Central African Republic,CAF,2000,48.27813551210049,Low income,Out-of-pocket health expenditure (% of current health expenditure)
Central African Republic,CAF,2001,54.10288255819777,Low income,Out-of-pocket health expenditure (% of current health expenditure)
Central African Republic,CAF,2002,49.59783601377553,Low income,Out-of-pocket health expenditure (% of current health expenditure)
Central African Republic,CAF,2003,49.06582884282549,Low income,Out-of-pocket health expenditure (% of current health expenditure)
Central African Republic,CAF,2004,53.130780705178495,Low income,Out-of-pocket health expenditure (% of current health expenditure)
Central African Republic,CAF,2005,51.71973680151642,Low income,Out-of-pocket health expenditure (% of current health expenditure)
Central African Republic,CAF,2006,51.54757774063012,Low income,Out-of-pocket health expenditure (% of current health expenditure)
Central African Republic,CAF,2007,49.70782483087041,Low income,Out-of-pocket health expenditure (% of current health expenditure)
Central African Republic,CAF,2008,57.97245423226138,Low income,Out-of-pocket health expenditure (% of current health expenditure)
Central African Republic,CAF,2009,47.8439873192846,Low income,Out-of-pocket health expenditure (% of current health expenditure)
Central African Republic,CAF,2010,59.52026731293446,Low income,Out-of-pocket health expenditure (% of current health expenditure)
Central African Republic,CAF,2011,58.58395537638115,Low income,Out-of-pocket health expenditure (% of current health expenditure)
Central African Republic,CAF,2012,58.08099410959977,Low income,Out-of-pocket health expenditure (% of current health expenditure)
Central African Republic,CAF,2013,45.23834248382148,Low income,Out-of-pocket health expenditure (% of current health expenditure)
Central African Republic,CAF,2014,46.46343140234246,Low income,Out-of-pocket health expenditure (% of current health expenditure)
Central African Republic,CAF,2015,48.77671649263317,Low income,Out-of-pocket health expenditure (% of current health expenditure)
Central African Republic,CAF,2016,55.20955641996392,Low income,Out-of-pocket health expenditure (% of current health expenditure)
Central African Republic,CAF,2017,56.41589243608245,Low income,Out-of-pocket health expenditure (% of current health expenditure)
Central African Republic,CAF,2018,41.67272832954222,Low income,Out-of-pocket health expenditure (% of current health expenditure)
Central African Republic,CAF,2019,60.558253882996695,Low income,Out-of-pocket health expenditure (% of current health expenditure)
Central African Republic,CAF,2020,49.6755260346663,Low income,Out-of-pocket health expenditure (% of current health expenditure)
Central African Republic,CAF,2021,49.579109046796574,Low income,Out-of-pocket health expenditure (% of current health expenditure)
Central African Republic,CAF,2022,47.64571409912882,Low income,Out-of-pocket health expenditure (% of current health expenditure)
Chad,TCD,2000,56.216259964436205,Low income,Out-of-pocket health expenditure (% of current health expenditure)
Chad,TCD,2001,58.260927954160785,Low income,Out-of-pocket health expenditure (% of current health expenditure)
Chad,TCD,2002,64.73538541254909,Low income,Out-of-pocket health expenditure (% of current health expenditure)
Chad,TCD,2003,47.41553033863712,Low income,Out-of-pocket health expenditure (% of current health expenditure)
Chad,TCD,2004,51.01406777241809,Low income,Out-of-pocket health expenditure (% of current health expenditure)
Chad,TCD,2005,56.222511571593664,Low income,Out-of-pocket health expenditure (% of current health expenditure)
Chad,TCD,2006,63.660358370444,Low income,Out-of-pocket health expenditure (% of current health expenditure)
Chad,TCD,2007,64.91826706014947,Low income,Out-of-pocket health expenditure (% of current health expenditure)
Chad,TCD,2008,68.81594788313242,Low income,Out-of-pocket health expenditure (% of current health expenditure)
Chad,TCD,2009,65.01296953339373,Low income,Out-of-pocket health expenditure (% of current health expenditure)
Chad,TCD,2010,67.58454132997305,Low income,Out-of-pocket health expenditure (% of current health expenditure)
Chad,TCD,2011,60.770160294999634,Low income,Out-of-pocket health expenditure (% of current health expenditure)
Chad,TCD,2012,59.42822004105376,Low income,Out-of-pocket health expenditure (% of current health expenditure)
Chad,TCD,2013,58.637951339948955,Low income,Out-of-pocket health expenditure (% of current health expenditure)
Chad,TCD,2014,55.72120393344798,Low income,Out-of-pocket health expenditure (% of current health expenditure)
Chad,TCD,2015,56.72420641831463,Low income,Out-of-pocket health expenditure (% of current health expenditure)
Chad,TCD,2016,55.14606805157099,Low income,Out-of-pocket health expenditure (% of current health expenditure)
Chad,TCD,2017,59.8792630845406,Low income,Out-of-pocket health expenditure (% of current health expenditure)
Chad,TCD,2018,64.3760918608829,Low income,Out-of-pocket health expenditure (% of current health expenditure)
Chad,TCD,2019,63.696890606949744,Low income,Out-of-pocket health expenditure (% of current health expenditure)
Chad,TCD,2020,69.76126264290522,Low income,Out-of-pocket health expenditure (% of current health expenditure)
Chad,TCD,2021,69.48041052931765,Low income,Out-of-pocket health expenditure (% of current health expenditure)
Chad,TCD,2022,58.17550607762945,Low income,Out-of-pocket health expenditure (% of current health expenditure)
Comoros,COM,2000,79.71902175156009,Lower middle income,Out-of-pocket health expenditure (% of current health expenditure)
Comoros,COM,2001,81.27288908130161,Lower middle income,Out-of-pocket health expenditure (% of current health expenditure)
Comoros,COM,2002,76.19381127908812,Lower middle income,Out-of-pocket health expenditure (% of current health expenditure)
Comoros,COM,2003,73.11751583854642,Lower middle income,Out-of-pocket health expenditure (% of current health expenditure)
Comoros,COM,2004,73.01578890051924,Lower middle income,Out-of-pocket health expenditure (% of current health expenditure)
Comoros,COM,2005,76.20360916385496,Lower middle income,Out-of-pocket health expenditure (% of current health expenditure)
Comoros,COM,2006,79.4947145805547,Lower middle income,Out-of-pocket health expenditure (% of current health expenditure)
Comoros,COM,2007,81.81255386842678,Lower middle income,Out-of-pocket health expenditure (% of current health expenditure)
Comoros,COM,2008,83.37431035411163,Lower middle income,Out-of-pocket health expenditure (% of current health expenditure)
Comoros,COM,2009,84.12469026346314,Lower middle income,Out-of-pocket health expenditure (% of current health expenditure)
Comoros,COM,2010,80.46083731716925,Lower middle income,Out-of-pocket health expenditure (% of current health expenditure)
Comoros,COM,2011,64.04379643477198,Lower middle income,Out-of-pocket health expenditure (% of current health expenditure)
Comoros,COM,2012,67.96592515250751,Lower middle income,Out-of-pocket health expenditure (% of current health expenditure)
Comoros,COM,2013,68.00801903309964,Lower middle income,Out-of-pocket health expenditure (% of current health expenditure)
Comoros,COM,2014,65.51406314177805,Lower middle income,Out-of-pocket health expenditure (% of current health expenditure)
Comoros,COM,2015,74.9879193307386,Lower middle income,Out-of-pocket health expenditure (% of current health expenditure)
Comoros,COM,2016,71.26645756759073,Lower middle income,Out-of-pocket health expenditure (% of current health expenditure)
Comoros,COM,2017,63.844436547040594,Lower middle income,Out-of-pocket health expenditure (% of current health expenditure)
Comoros,COM,2018,67.24486437474859,Lower middle income,Out-of-pocket health expenditure (% of current health expenditure)
Comoros,COM,2019,61.82796487522851,Lower middle income,Out-of-pocket health expenditure (% of current health expenditure)
Comoros,COM,2020,61.90162962718537,Lower middle income,Out-of-pocket health expenditure (% of current health expenditure)
Comoros,COM,2021,55.80695839902167,Lower middle income,Out-of-pocket health expenditure (% of current health expenditure)
Comoros,COM,2022,43.93102859723468,Lower middle income,Out-of-pocket health expenditure (% of current health expenditure)
Congo,COG,2000,52.69972395048944,Lower middle income,Out-of-pocket health expenditure (% of current health expenditure)
Congo,COG,2001,45.7850317661952,Lower middle income,Out-of-pocket health expenditure (% of current health expenditure)
Congo,COG,2002,61.42270810381944,Lower middle income,Out-of-pocket health expenditure (% of current health expenditure)
Congo,COG,2003,61.43461656420064,Lower middle income,Out-of-pocket health expenditure (% of current health expenditure)
Congo,COG,2004,55.608406166019066,Lower middle income,Out-of-pocket health expenditure (% of current health expenditure)
Congo,COG,2005,51.97861199804366,Lower middle income,Out-of-pocket health expenditure (% of current health expenditure)
Congo,COG,2006,48.682071218316054,Lower middle income,Out-of-pocket health expenditure (% of current health expenditure)
Congo,COG,2007,49.156762598772474,Lower middle income,Out-of-pocket health expenditure (% of current health expenditure)
Congo,COG,2008,37.85081189572474,Lower middle income,Out-of-pocket health expenditure (% of current health expenditure)
Congo,COG,2009,50.37175921649508,Lower middle income,Out-of-pocket health expenditure (% of current health expenditure)
Congo,COG,2010,42.15446621039813,Lower middle income,Out-of-pocket health expenditure (% of current health expenditure)
Congo,COG,2011,41.091345841530995,Lower middle income,Out-of-pocket health expenditure (% of current health expenditure)
Congo,COG,2012,29.7379911213036,Lower middle income,Out-of-pocket health expenditure (% of current health expenditure)
Congo,COG,2013,30.65258688967115,Lower middle income,Out-of-pocket health expenditure (% of current health expenditure)
Congo,COG,2014,31.186316392718243,Lower middle income,Out-of-pocket health expenditure (% of current health expenditure)
Congo,COG,2015,32.46011770120648,Lower middle income,Out-of-pocket health expenditure (% of current health expenditure)
Congo,COG,2016,44.25678290683837,Lower middle income,Out-of-pocket health expenditure (% of current health expenditure)
Congo,COG,2017,45.590119522451104,Lower middle income,Out-of-pocket health expenditure (% of current health expenditure)
Congo,COG,2018,50.2574952040189,Lower middle income,Out-of-pocket health expenditure (% of current health expenditure)
Congo,COG,2019,42.172037159984626,Lower middle income,Out-of-pocket health expenditure (% of current health expenditure)
Congo,COG,2020,25.190232962956003,Lower middle income,Out-of-pocket health expenditure (% of current health expenditure)
Congo,COG,2021,23.892321322273567,Lower middle income,Out-of-pocket health expenditure (% of current health expenditure)
Congo,COG,2022,25.39348639786083,Lower middle income,Out-of-pocket health expenditure (% of current health expenditure)
Côte d'Ivoire,CIV,2000,77.68719497264435,Lower middle income,Out-of-pocket health expenditure (% of current health expenditure)
Côte d'Ivoire,CIV,2001,79.4765877317858,Lower middle income,Out-of-pocket health expenditure (% of current health expenditure)
Côte d'Ivoire,CIV,2002,78.18621924753673,Lower middle income,Out-of-pocket health expenditure (% of current health expenditure)
Côte d'Ivoire,CIV,2003,76.07664807117956,Lower middle income,Out-of-pocket health expenditure (% of current health expenditure)
Côte d'Ivoire,CIV,2004,77.0147992028839,Lower middle income,Out-of-pocket health expenditure (% of current health expenditure)
Côte d'Ivoire,CIV,2005,76.73565890093901,Lower middle income,Out-of-pocket health expenditure (% of current health expenditure)
Côte d'Ivoire,CIV,2006,75.94538898764651,Lower middle income,Out-of-pocket health expenditure (% of current health expenditure)
Côte d'Ivoire,CIV,2007,68.75501185798453,Lower middle income,Out-of-pocket health expenditure (% of current health expenditure)
Côte d'Ivoire,CIV,2008,65.54959516924161,Lower middle income,Out-of-pocket health expenditure (% of current health expenditure)
Côte d'Ivoire,CIV,2009,57.4265505984766,Lower middle income,Out-of-pocket health expenditure (% of current health expenditure)
Côte d'Ivoire,CIV,2010,56.47934308442392,Lower middle income,Out-of-pocket health expenditure (% of current health expenditure)
Côte d'Ivoire,CIV,2011,59.20729604076439,Lower middle income,Out-of-pocket health expenditure (% of current health expenditure)
Côte d'Ivoire,CIV,2012,52.79811462743062,Lower middle income,Out-of-pocket health expenditure (% of current health expenditure)
Côte d'Ivoire,CIV,2013,56.15932213210661,Lower middle income,Out-of-pocket health expenditure (% of current health expenditure)
Côte d'Ivoire,CIV,2014,51.14342060155703,Lower middle income,Out-of-pocket health expenditure (% of current health expenditure)
Côte d'Ivoire,CIV,2015,42.58926525063264,Lower middle income,Out-of-pocket health expenditure (% of current health expenditure)
Côte d'Ivoire,CIV,2016,40.0124936981064,Lower middle income,Out-of-pocket health expenditure (% of current health expenditure)
Côte d'Ivoire,CIV,2017,39.21524181878885,Lower middle income,Out-of-pocket health expenditure (% of current health expenditure)
Côte d'Ivoire,CIV,2018,39.285322333538105,Lower middle income,Out-of-pocket health expenditure (% of current health expenditure)
Côte d'Ivoire,CIV,2019,37.2604636491989,Lower middle income,Out-of-pocket health expenditure (% of current health expenditure)
Côte d'Ivoire,CIV,2020,31.992067274348887,Lower middle income,Out-of-pocket health expenditure (% of current health expenditure)
Côte d'Ivoire,CIV,2021,28.367086701024647,Lower middle income,Out-of-pocket health expenditure (% of current health expenditure)
Côte d'Ivoire,CIV,2022,28.808749742494697,Lower middle income,Out-of-pocket health expenditure (% of current health expenditure)
Democratic Republic of the Congo,COD,2000,54.02555916842486,Low income,Out-of-pocket health expenditure (% of current health expenditure)
Democratic Republic of the Congo,COD,2001,72.38019174951329,Low income,Out-of-pocket health expenditure (% of current health expenditure)
Democratic Republic of the Congo,COD,2002,71.2881121879972,Low income,Out-of-pocket health expenditure (% of current health expenditure)
Democratic Republic of the Congo,COD,2003,68.03038583046401,Low income,Out-of-pocket health expenditure (% of current health expenditure)
Democratic Republic of the Congo,COD,2004,72.11377426456475,Low income,Out-of-pocket health expenditure (% of current health expenditure)
Democratic Republic of the Congo,COD,2005,69.36360683225631,Low income,Out-of-pocket health expenditure (% of current health expenditure)
Democratic Republic of the Congo,COD,2006,68.51200511477057,Low income,Out-of-pocket health expenditure (% of current health expenditure)
Democratic Republic of the Congo,COD,2007,63.85579283440267,Low income,Out-of-pocket health expenditure (% of current health expenditure)
Democratic Republic of the Congo,COD,2008,49.687359998468345,Low income,Out-of-pocket health expenditure (% of current health expenditure)
Democratic Republic of the Congo,COD,2009,45.41014194004141,Low income,Out-of-pocket health expenditure (% of current health expenditure)
Democratic Republic of the Congo,COD,2010,37.050299524107686,Low income,Out-of-pocket health expenditure (% of current health expenditure)
Democratic Republic of the Congo,COD,2011,38.82409754602187,Low income,Out-of-pocket health expenditure (% of current health expenditure)
Democratic Republic of the Congo,COD,2012,40.275029720590226,Low income,Out-of-pocket health expenditure (% of current health expenditure)
Democratic Republic of the Congo,COD,2013,39.43297048691372,Low income,Out-of-pocket health expenditure (% of current health expenditure)
Democratic Republic of the Congo,COD,2014,38.71640611840853,Low income,Out-of-pocket health expenditure (% of current health expenditure)
Democratic Republic of the Congo,COD,2015,37.42670840206114,Low income,Out-of-pocket health expenditure (% of current health expenditure)
Democratic Republic of the Congo,COD,2016,37.29187600193592,Low income,Out-of-pocket health expenditure (% of current health expenditure)
Democratic Republic of the Congo,COD,2017,40.124719253485424,Low income,Out-of-pocket health expenditure (% of current health expenditure)
Democratic Republic of the Congo,COD,2018,41.610638804634426,Low income,Out-of-pocket health expenditure (% of current health expenditure)
Democratic Republic of the Congo,COD,2019,38.49700449552145,Low income,Out-of-pocket health expenditure (% of current health expenditure)
Democratic Republic of the Congo,COD,2020,39.717938284041374,Low income,Out-of-pocket health expenditure (% of current health expenditure)
Democratic Republic of the Congo,COD,2021,39.128695672738175,Low income,Out-of-pocket health expenditure (% of current health expenditure)
Democratic Republic of the Congo,COD,2022,37.0765529020307,Low income,Out-of-pocket health expenditure (% of current health expenditure)
Equatorial Guinea,GNQ,2000,57.60738704766582,Upper middle income,Out-of-pocket health expenditure (% of current health expenditure)
Equatorial Guinea,GNQ,2001,59.861142595794554,Upper middle income,Out-of-pocket health expenditure (% of current health expenditure)
Equatorial Guinea,GNQ,2002,86.49803466038497,Upper middle income,Out-of-pocket health expenditure (% of current health expenditure)
Equatorial Guinea,GNQ,2003,81.11119658025305,Upper middle income,Out-of-pocket health expenditure (% of current health expenditure)
Equatorial Guinea,GNQ,2004,79.72442571114605,Upper middle income,Out-of-pocket health expenditure (% of current health expenditure)
Equatorial Guinea,GNQ,2005,74.1348046748762,Upper middle income,Out-of-pocket health expenditure (% of current health expenditure)
Equatorial Guinea,GNQ,2006,66.9377811319345,Upper middle income,Out-of-pocket health expenditure (% of current health expenditure)
Equatorial Guinea,GNQ,2007,64.73771121738795,Upper middle income,Out-of-pocket health expenditure (% of current health expenditure)
Equatorial Guinea,GNQ,2008,61.84256489474747,Upper middle income,Out-of-pocket health expenditure (% of current health expenditure)
Equatorial Guinea,GNQ,2009,55.94323937840615,Upper middle income,Out-of-pocket health expenditure (% of current health expenditure)
Equatorial Guinea,GNQ,2010,62.08293433082541,Upper middle income,Out-of-pocket health expenditure (% of current health expenditure)
Equatorial Guinea,GNQ,2011,61.24413369934336,Upper middle income,Out-of-pocket health expenditure (% of current health expenditure)
Equatorial Guinea,GNQ,2012,57.16555041150603,Upper middle income,Out-of-pocket health expenditure (% of current health expenditure)
Equatorial Guinea,GNQ,2013,67.62825037395858,Upper middle income,Out-of-pocket health expenditure (% of current health expenditure)
Equatorial Guinea,GNQ,2014,68.0956992119535,Upper middle income,Out-of-pocket health expenditure (% of current health expenditure)
Equatorial Guinea,GNQ,2015,71.53515081407426,Upper middle income,Out-of-pocket health expenditure (% of current health expenditure)
Equatorial Guinea,GNQ,2016,71.80521508419392,Upper middle income,Out-of-pocket health expenditure (% of current health expenditure)
Equatorial Guinea,GNQ,2017,73.52881816227784,Upper middle income,Out-of-pocket health expenditure (% of current health expenditure)
Equatorial Guinea,GNQ,2018,72.94802338058628,Upper middle income,Out-of-pocket health expenditure (% of current health expenditure)
Equatorial Guinea,GNQ,2019,76.37429527651406,Upper middle income,Out-of-pocket health expenditure (% of current health expenditure)
Equatorial Guinea,GNQ,2020,75.12573450404224,Upper middle income,Out-of-pocket health expenditure (% of current health expenditure)
Equatorial Guinea,GNQ,2021,77.40676804320412,Upper middle income,Out-of-pocket health expenditure (% of current health expenditure)
Equatorial Guinea,GNQ,2022,70.37991958002476,Upper middle income,Out-of-pocket health expenditure (% of current health expenditure)
Eritrea,ERI,2000,63.76798855411072,Low income,Out-of-pocket health expenditure (% of current health expenditure)
Eritrea,ERI,2001,55.927980014379145,Low income,Out-of-pocket health expenditure (% of current health expenditure)
Eritrea,ERI,2002,46.02165203995077,Low income,Out-of-pocket health expenditure (% of current health expenditure)
Eritrea,ERI,2003,38.93305607780667,Low income,Out-of-pocket health expenditure (% of current health expenditure)
Eritrea,ERI,2004,35.139721292180226,Low income,Out-of-pocket health expenditure (% of current health expenditure)
Eritrea,ERI,2005,35.23891418691368,Low income,Out-of-pocket health expenditure (% of current health expenditure)
Eritrea,ERI,2006,34.45652313400256,Low income,Out-of-pocket health expenditure (% of current health expenditure)
Eritrea,ERI,2007,44.09306145952801,Low income,Out-of-pocket health expenditure (% of current health expenditure)
Eritrea,ERI,2008,32.595988324992625,Low income,Out-of-pocket health expenditure (% of current health expenditure)
Eritrea,ERI,2009,45.82185850394418,Low income,Out-of-pocket health expenditure (% of current health expenditure)
Eritrea,ERI,2010,48.655363932110696,Low income,Out-of-pocket health expenditure (% of current health expenditure)
Eritrea,ERI,2011,36.47444688629179,Low income,Out-of-pocket health expenditure (% of current health expenditure)
Eritrea,ERI,2012,52.55269389377409,Low income,Out-of-pocket health expenditure (% of current health expenditure)
Eritrea,ERI,2013,48.777495719102376,Low income,Out-of-pocket health expenditure (% of current health expenditure)
Eritrea,ERI,2014,50.962110593965754,Low income,Out-of-pocket health expenditure (% of current health expenditure)
Eritrea,ERI,2015,42.904296373033254,Low income,Out-of-pocket health expenditure (% of current health expenditure)
Eritrea,ERI,2016,59.000072573957354,Low income,Out-of-pocket health expenditure (% of current health expenditure)
Eritrea,ERI,2017,46.97372231797886,Low income,Out-of-pocket health expenditure (% of current health expenditure)
Eritrea,ERI,2018,50.77529716229817,Low income,Out-of-pocket health expenditure (% of current health expenditure)
Eritrea,ERI,2019,46.44067699639667,Low income,Out-of-pocket health expenditure (% of current health expenditure)
Eritrea,ERI,2020,48.565056493675336,Low income,Out-of-pocket health expenditure (% of current health expenditure)
Eritrea,ERI,2021,49.67214442188424,Low income,Out-of-pocket health expenditure (% of current health expenditure)
Eritrea,ERI,2022,54.30679012372674,Low income,Out-of-pocket health expenditure (% of current health expenditure)
Eswatini,SWZ,2000,18.52517985611511,Lower middle income,Out-of-pocket health expenditure (% of current health expenditure)
Eswatini,SWZ,2001,17.861988309172705,Lower middle income,Out-of-pocket health expenditure (% of current health expenditure)
Eswatini,SWZ,2002,16.884169351245188,Lower middle income,Out-of-pocket health expenditure (% of current health expenditure)
Eswatini,SWZ,2003,15.057869710467266,Lower middle income,Out-of-pocket health expenditure (% of current health expenditure)
Eswatini,SWZ,2004,14.643968321020123,Lower middle income,Out-of-pocket health expenditure (% of current health expenditure)
Eswatini,SWZ,2005,13.244640776049408,Lower middle income,Out-of-pocket health expenditure (% of current health expenditure)
Eswatini,SWZ,2006,12.404337479998633,Lower middle income,Out-of-pocket health expenditure (% of current health expenditure)
Eswatini,SWZ,2007,12.135823010458866,Lower middle income,Out-of-pocket health expenditure (% of current health expenditure)
Eswatini,SWZ,2008,10.542341659611491,Lower middle income,Out-of-pocket health expenditure (% of current health expenditure)
Eswatini,SWZ,2009,10.423814375289782,Lower middle income,Out-of-pocket health expenditure (% of current health expenditure)
Eswatini,SWZ,2010,10.45542167633081,Lower middle income,Out-of-pocket health expenditure (% of current health expenditure)
Eswatini,SWZ,2011,10.483345290491156,Lower middle income,Out-of-pocket health expenditure (% of current health expenditure)
Eswatini,SWZ,2012,10.508193732767374,Lower middle income,Out-of-pocket health expenditure (% of current health expenditure)
Eswatini,SWZ,2013,10.530448484899775,Lower middle income,Out-of-pocket health expenditure (% of current health expenditure)
Eswatini,SWZ,2014,10.550495499534785,Lower middle income,Out-of-pocket health expenditure (% of current health expenditure)
Eswatini,SWZ,2015,10.568647773076949,Lower middle income,Out-of-pocket health expenditure (% of current health expenditure)
Eswatini,SWZ,2016,10.585161805269497,Lower middle income,Out-of-pocket health expenditure (% of current health expenditure)
Eswatini,SWZ,2017,10.496746116439038,Lower middle income,Out-of-pocket health expenditure (% of current health expenditure)
Eswatini,SWZ,2018,10.147497354383518,Lower middle income,Out-of-pocket health expenditure (% of current health expenditure)
Eswatini,SWZ,2019,9.216985709492532,Lower middle income,Out-of-pocket health expenditure (% of current health expenditure)
Eswatini,SWZ,2020,11.326665701126135,Lower middle income,Out-of-pocket health expenditure (% of current health expenditure)
Eswatini,SWZ,2021,10.8002893940852,Lower middle income,Out-of-pocket health expenditure (% of current health expenditure)
Eswatini,SWZ,2022,10.3695022296368,Lower middle income,Out-of-pocket health expenditure (% of current health expenditure)
Ethiopia,ETH,2000,35.95730038300052,Low income,Out-of-pocket health expenditure (% of current health expenditure)
Ethiopia,ETH,2001,34.553982729097974,Low income,Out-of-pocket health expenditure (% of current health expenditure)
Ethiopia,ETH,2002,37.46262900170054,Low income,Out-of-pocket health expenditure (% of current health expenditure)
Ethiopia,ETH,2003,34.45893829215885,Low income,Out-of-pocket health expenditure (% of current health expenditure)
Ethiopia,ETH,2004,34.86631475651944,Low income,Out-of-pocket health expenditure (% of current health expenditure)
Ethiopia,ETH,2005,31.340297335788815,Low income,Out-of-pocket health expenditure (% of current health expenditure)
Ethiopia,ETH,2006,38.775332211944296,Low income,Out-of-pocket health expenditure (% of current health expenditure)
Ethiopia,ETH,2007,36.99623634901531,Low income,Out-of-pocket health expenditure (% of current health expenditure)
Ethiopia,ETH,2008,38.47733445919096,Low income,Out-of-pocket health expenditure (% of current health expenditure)
Ethiopia,ETH,2009,41.540847780361425,Low income,Out-of-pocket health expenditure (% of current health expenditure)
Ethiopia,ETH,2010,42.2902102812871,Low income,Out-of-pocket health expenditure (% of current health expenditure)
Ethiopia,ETH,2011,46.53789187966847,Low income,Out-of-pocket health expenditure (% of current health expenditure)
Ethiopia,ETH,2012,42.1674555650976,Low income,Out-of-pocket health expenditure (% of current health expenditure)
Ethiopia,ETH,2013,42.40406842129754,Low income,Out-of-pocket health expenditure (% of current health expenditure)
Ethiopia,ETH,2014,38.47408500579495,Low income,Out-of-pocket health expenditure (% of current health expenditure)
Ethiopia,ETH,2015,36.7434811559237,Low income,Out-of-pocket health expenditure (% of current health expenditure)
Ethiopia,ETH,2016,35.43159002350367,Low income,Out-of-pocket health expenditure (% of current health expenditure)
Ethiopia,ETH,2017,34.40161730643487,Low income,Out-of-pocket health expenditure (% of current health expenditure)
Ethiopia,ETH,2018,35.4915800773842,Low income,Out-of-pocket health expenditure (% of current health expenditure)
Ethiopia,ETH,2019,37.819413665454846,Low income,Out-of-pocket health expenditure (% of current health expenditure)
Ethiopia,ETH,2020,33.079136401722145,Low income,Out-of-pocket health expenditure (% of current health expenditure)
Ethiopia,ETH,2021,37.00738004465593,Low income,Out-of-pocket health expenditure (% of current health expenditure)
Ethiopia,ETH,2022,44.59613493011965,Low income,Out-of-pocket health expenditure (% of current health expenditure)
Gabon,GAB,2000,53.20554801520013,Upper middle income,Out-of-pocket health expenditure (% of current health expenditure)
Gabon,GAB,2001,50.8656219697237,Upper middle income,Out-of-pocket health expenditure (% of current health expenditure)
Gabon,GAB,2002,54.17115489601316,Upper middle income,Out-of-pocket health expenditure (% of current health expenditure)
Gabon,GAB,2003,50.16297333572593,Upper middle income,Out-of-pocket health expenditure (% of current health expenditure)
Gabon,GAB,2004,49.96992100178585,Upper middle income,Out-of-pocket health expenditure (% of current health expenditure)
Gabon,GAB,2005,52.17641100117899,Upper middle income,Out-of-pocket health expenditure (% of current health expenditure)
Gabon,GAB,2006,51.18814199083329,Upper middle income,Out-of-pocket health expenditure (% of current health expenditure)
Gabon,GAB,2007,50.54165237189422,Upper middle income,Out-of-pocket health expenditure (% of current health expenditure)
Gabon,GAB,2008,52.06109653664866,Upper middle income,Out-of-pocket health expenditure (% of current health expenditure)
Gabon,GAB,2009,50.69590508297392,Upper middle income,Out-of-pocket health expenditure (% of current health expenditure)
Gabon,GAB,2010,25.505647646202164,Upper middle income,Out-of-pocket health expenditure (% of current health expenditure)
Gabon,GAB,2011,27.73152805719307,Upper middle income,Out-of-pocket health expenditure (% of current health expenditure)
Gabon,GAB,2012,28.004762674456785,Upper middle income,Out-of-pocket health expenditure (% of current health expenditure)
Gabon,GAB,2013,28.593019963071335,Upper middle income,Out-of-pocket health expenditure (% of current health expenditure)
Gabon,GAB,2014,28.129808699664775,Upper middle income,Out-of-pocket health expenditure (% of current health expenditure)
Gabon,GAB,2015,25.904658613714297,Upper middle income,Out-of-pocket health expenditure (% of current health expenditure)
Gabon,GAB,2016,22.55089322379996,Upper middle income,Out-of-pocket health expenditure (% of current health expenditure)
Gabon,GAB,2017,25.15639163617808,Upper middle income,Out-of-pocket health expenditure (% of current health expenditure)
Gabon,GAB,2018,23.114152981689234,Upper middle income,Out-of-pocket health expenditure (% of current health expenditure)
Gabon,GAB,2019,23.08802189604682,Upper middle income,Out-of-pocket health expenditure (% of current health expenditure)
Gabon,GAB,2020,19.971667889087666,Upper middle income,Out-of-pocket health expenditure (% of current health expenditure)
Gabon,GAB,2021,21.5113516452252,Upper middle income,Out-of-pocket health expenditure (% of current health expenditure)
Gabon,GAB,2022,18.622785772547772,Upper middle income,Out-of-pocket health expenditure (% of current health expenditure)
Gambia,GMB,2000,13.680053628118603,Low income,Out-of-pocket health expenditure (% of current health expenditure)
Gambia,GMB,2001,13.388831162939235,Low income,Out-of-pocket health expenditure (% of current health expenditure)
Gambia,GMB,2002,13.147893512751669,Low income,Out-of-pocket health expenditure (% of current health expenditure)
Gambia,GMB,2003,11.72712494364462,Low income,Out-of-pocket health expenditure (% of current health expenditure)
Gambia,GMB,2004,9.848130158572207,Low income,Out-of-pocket health expenditure (% of current health expenditure)
Gambia,GMB,2005,11.507098113212532,Low income,Out-of-pocket health expenditure (% of current health expenditure)
Gambia,GMB,2006,13.04498223281096,Low income,Out-of-pocket health expenditure (% of current health expenditure)
Gambia,GMB,2007,15.068112865814436,Low income,Out-of-pocket health expenditure (% of current health expenditure)
Gambia,GMB,2008,16.439686136999576,Low income,Out-of-pocket health expenditure (% of current health expenditure)
Gambia,GMB,2009,17.004216576960744,Low income,Out-of-pocket health expenditure (% of current health expenditure)
Gambia,GMB,2010,18.032357997282432,Low income,Out-of-pocket health expenditure (% of current health expenditure)
Gambia,GMB,2011,19.228358316674225,Low income,Out-of-pocket health expenditure (% of current health expenditure)
Gambia,GMB,2012,19.446590055887462,Low income,Out-of-pocket health expenditure (% of current health expenditure)
Gambia,GMB,2013,20.900314484273657,Low income,Out-of-pocket health expenditure (% of current health expenditure)
Gambia,GMB,2014,26.826696640259662,Low income,Out-of-pocket health expenditure (% of current health expenditure)
Gambia,GMB,2015,23.415587060795367,Low income,Out-of-pocket health expenditure (% of current health expenditure)
Gambia,GMB,2016,30.499337522470807,Low income,Out-of-pocket health expenditure (% of current health expenditure)
Gambia,GMB,2017,26.66901279213663,Low income,Out-of-pocket health expenditure (% of current health expenditure)
Gambia,GMB,2018,19.860093940934593,Low income,Out-of-pocket health expenditure (% of current health expenditure)
Gambia,GMB,2019,20.298823836125433,Low income,Out-of-pocket health expenditure (% of current health expenditure)
Gambia,GMB,2020,17.3896906589893,Low income,Out-of-pocket health expenditure (% of current health expenditure)
Gambia,GMB,2021,21.036004129974515,Low income,Out-of-pocket health expenditure (% of current health expenditure)
Gambia,GMB,2022,19.891913401837975,Low income,Out-of-pocket health expenditure (% of current health expenditure)
Ghana,GHA,2000,38.044373215726544,Lower middle income,Out-of-pocket health expenditure (% of current health expenditure)
Ghana,GHA,2001,33.58546487942544,Lower middle income,Out-of-pocket health expenditure (% of current health expenditure)
Ghana,GHA,2002,31.97357255727507,Lower middle income,Out-of-pocket health expenditure (% of current health expenditure)
Ghana,GHA,2003,36.102429661305415,Lower middle income,Out-of-pocket health expenditure (% of current health expenditure)
Ghana,GHA,2004,32.52027713224838,Lower middle income,Out-of-pocket health expenditure (% of current health expenditure)
Ghana,GHA,2005,23.56558235915366,Lower middle income,Out-of-pocket health expenditure (% of current health expenditure)
Ghana,GHA,2006,35.24680420523126,Lower middle income,Out-of-pocket health expenditure (% of current health expenditure)
Ghana,GHA,2007,39.62923949486363,Lower middle income,Out-of-pocket health expenditure (% of current health expenditure)
Ghana,GHA,2008,41.1251028583553,Lower middle income,Out-of-pocket health expenditure (% of current health expenditure)
Ghana,GHA,2009,34.95505786523992,Lower middle income,Out-of-pocket health expenditure (% of current health expenditure)
Ghana,GHA,2010,34.31673871689281,Lower middle income,Out-of-pocket health expenditure (% of current health expenditure)
Ghana,GHA,2011,32.97914709477223,Lower middle income,Out-of-pocket health expenditure (% of current health expenditure)
Ghana,GHA,2012,36.85724116514932,Lower middle income,Out-of-pocket health expenditure (% of current health expenditure)
Ghana,GHA,2013,38.875708506166326,Lower middle income,Out-of-pocket health expenditure (% of current health expenditure)
Ghana,GHA,2014,45.050639763393455,Lower middle income,Out-of-pocket health expenditure (% of current health expenditure)
Ghana,GHA,2015,35.80306196008489,Lower middle income,Out-of-pocket health expenditure (% of current health expenditure)
Ghana,GHA,2016,37.823727774344114,Lower middle income,Out-of-pocket health expenditure (% of current health expenditure)
Ghana,GHA,2017,22.65083755330272,Lower middle income,Out-of-pocket health expenditure (% of current health expenditure)
Ghana,GHA,2018,33.481615555078754,Lower middle income,Out-of-pocket health expenditure (% of current health expenditure)
Ghana,GHA,2019,28.97685078655046,Lower middle income,Out-of-pocket health expenditure (% of current health expenditure)
Ghana,GHA,2020,23.75036203164569,Lower middle income,Out-of-pocket health expenditure (% of current health expenditure)
Ghana,GHA,2021,26.49847791445779,Lower middle income,Out-of-pocket health expenditure (% of current health expenditure)
Ghana,GHA,2022,25.032135914512473,Lower middle income,Out-of-pocket health expenditure (% of current health expenditure)
Guinea,GIN,2000,65.37365950534105,Low income,Out-of-pocket health expenditure (% of current health expenditure)
Guinea,GIN,2001,63.41351933156937,Low income,Out-of-pocket health expenditure (% of current health expenditure)
Guinea,GIN,2002,59.40450022505109,Low income,Out-of-pocket health expenditure (% of current health expenditure)
Guinea,GIN,2003,62.54089470831773,Low income,Out-of-pocket health expenditure (% of current health expenditure)
Guinea,GIN,2004,69.5069141318023,Low income,Out-of-pocket health expenditure (% of current health expenditure)
Guinea,GIN,2005,70.15050429856022,Low income,Out-of-pocket health expenditure (% of current health expenditure)
Guinea,GIN,2006,70.81014857941558,Low income,Out-of-pocket health expenditure (% of current health expenditure)
Guinea,GIN,2007,71.87591042805697,Low income,Out-of-pocket health expenditure (% of current health expenditure)
Guinea,GIN,2008,70.94914197989844,Low income,Out-of-pocket health expenditure (% of current health expenditure)
Guinea,GIN,2009,72.49655809767638,Low income,Out-of-pocket health expenditure (% of current health expenditure)
Guinea,GIN,2010,69.29233302801852,Low income,Out-of-pocket health expenditure (% of current health expenditure)
Guinea,GIN,2011,59.98564513641898,Low income,Out-of-pocket health expenditure (% of current health expenditure)
Guinea,GIN,2012,62.399291761299274,Low income,Out-of-pocket health expenditure (% of current health expenditure)
Guinea,GIN,2013,61.901207091861835,Low income,Out-of-pocket health expenditure (% of current health expenditure)
Guinea,GIN,2014,58.35925046409926,Low income,Out-of-pocket health expenditure (% of current health expenditure)
Guinea,GIN,2015,49.352403694470006,Low income,Out-of-pocket health expenditure (% of current health expenditure)
Guinea,GIN,2016,49.76166349484661,Low income,Out-of-pocket health expenditure (% of current health expenditure)
Guinea,GIN,2017,64.5975570392515,Low income,Out-of-pocket health expenditure (% of current health expenditure)
Guinea,GIN,2018,67.11582747997551,Low income,Out-of-pocket health expenditure (% of current health expenditure)
Guinea,GIN,2019,59.215427862221134,Low income,Out-of-pocket health expenditure (% of current health expenditure)
Guinea,GIN,2020,57.17256208402391,Low income,Out-of-pocket health expenditure (% of current health expenditure)
Guinea,GIN,2021,53.467129924040904,Low income,Out-of-pocket health expenditure (% of current health expenditure)
Guinea,GIN,2022,55.455544538066505,Low income,Out-of-pocket health expenditure (% of current health expenditure)
Guinea-Bissau,GNB,2000,60.70569907803337,Low income,Out-of-pocket health expenditure (% of current health expenditure)
Guinea-Bissau,GNB,2001,57.825790935155545,Low income,Out-of-pocket health expenditure (% of current health expenditure)
Guinea-Bissau,GNB,2002,55.99610762244353,Low income,Out-of-pocket health expenditure (% of current health expenditure)
Guinea-Bissau,GNB,2003,57.032170901364935,Low income,Out-of-pocket health expenditure (% of current health expenditure)
Guinea-Bissau,GNB,2004,53.80945524958891,Low income,Out-of-pocket health expenditure (% of current health expenditure)
Guinea-Bissau,GNB,2005,52.80937672571271,Low income,Out-of-pocket health expenditure (% of current health expenditure)
Guinea-Bissau,GNB,2006,51.347716753624134,Low income,Out-of-pocket health expenditure (% of current health expenditure)
Guinea-Bissau,GNB,2007,46.993310197266695,Low income,Out-of-pocket health expenditure (% of current health expenditure)
Guinea-Bissau,GNB,2008,46.723664484381146,Low income,Out-of-pocket health expenditure (% of current health expenditure)
Guinea-Bissau,GNB,2009,51.629333258975905,Low income,Out-of-pocket health expenditure (% of current health expenditure)
Guinea-Bissau,GNB,2010,44.439860575831666,Low income,Out-of-pocket health expenditure (% of current health expenditure)
Guinea-Bissau,GNB,2011,35.82422260286273,Low income,Out-of-pocket health expenditure (% of current health expenditure)
Guinea-Bissau,GNB,2012,58.73207736354003,Low income,Out-of-pocket health expenditure (% of current health expenditure)
Guinea-Bissau,GNB,2013,64.3410800163197,Low income,Out-of-pocket health expenditure (% of current health expenditure)
Guinea-Bissau,GNB,2014,55.38848262133114,Low income,Out-of-pocket health expenditure (% of current health expenditure)
Guinea-Bissau,GNB,2015,66.92208517591367,Low income,Out-of-pocket health expenditure (% of current health expenditure)
Guinea-Bissau,GNB,2016,64.58337217967137,Low income,Out-of-pocket health expenditure (% of current health expenditure)
Guinea-Bissau,GNB,2017,68.41368021026258,Low income,Out-of-pocket health expenditure (% of current health expenditure)
Guinea-Bissau,GNB,2018,66.97977163074864,Low income,Out-of-pocket health expenditure (% of current health expenditure)
Guinea-Bissau,GNB,2019,69.38860290859644,Low income,Out-of-pocket health expenditure (% of current health expenditure)
Guinea-Bissau,GNB,2020,56.387027937447456,Low income,Out-of-pocket health expenditure (% of current health expenditure)
Guinea-Bissau,GNB,2021,59.62157023293602,Low income,Out-of-pocket health expenditure (% of current health expenditure)
Guinea-Bissau,GNB,2022,64.89645191258441,Low income,Out-of-pocket health expenditure (% of current health expenditure)
Kenya,KEN,2000,47.33139737002507,Lower middle income,Out-of-pocket health expenditure (% of current health expenditure)
Kenya,KEN,2001,46.39786388595886,Lower middle income,Out-of-pocket health expenditure (% of current health expenditure)
Kenya,KEN,2002,44.625191765029015,Lower middle income,Out-of-pocket health expenditure (% of current health expenditure)
Kenya,KEN,2003,45.29117970251899,Lower middle income,Out-of-pocket health expenditure (% of current health expenditure)
Kenya,KEN,2004,44.469044884355625,Lower middle income,Out-of-pocket health expenditure (% of current health expenditure)
Kenya,KEN,2005,45.226624084774905,Lower middle income,Out-of-pocket health expenditure (% of current health expenditure)
Kenya,KEN,2006,39.19218744384423,Lower middle income,Out-of-pocket health expenditure (% of current health expenditure)
Kenya,KEN,2007,36.450119715252576,Lower middle income,Out-of-pocket health expenditure (% of current health expenditure)
Kenya,KEN,2008,34.09735751944188,Lower middle income,Out-of-pocket health expenditure (% of current health expenditure)
Kenya,KEN,2009,31.37526632737033,Lower middle income,Out-of-pocket health expenditure (% of current health expenditure)
Kenya,KEN,2010,30.178573449212564,Lower middle income,Out-of-pocket health expenditure (% of current health expenditure)
Kenya,KEN,2011,30.966134436776017,Lower middle income,Out-of-pocket health expenditure (% of current health expenditure)
Kenya,KEN,2012,31.60435414291642,Lower middle income,Out-of-pocket health expenditure (% of current health expenditure)
Kenya,KEN,2013,32.13203215050227,Lower middle income,Out-of-pocket health expenditure (% of current health expenditure)
Kenya,KEN,2014,29.22180284559738,Lower middle income,Out-of-pocket health expenditure (% of current health expenditure)
Kenya,KEN,2015,26.898014801501503,Lower middle income,Out-of-pocket health expenditure (% of current health expenditure)
Kenya,KEN,2016,24.999730530200736,Lower middle income,Out-of-pocket health expenditure (% of current health expenditure)
Kenya,KEN,2017,23.280600190566528,Lower middle income,Out-of-pocket health expenditure (% of current health expenditure)
Kenya,KEN,2018,23.36505640758351,Lower middle income,Out-of-pocket health expenditure (% of current health expenditure)
Kenya,KEN,2019,24.29976356702487,Lower middle income,Out-of-pocket health expenditure (% of current health expenditure)
Kenya,KEN,2020,23.332472300444987,Lower middle income,Out-of-pocket health expenditure (% of current health expenditure)
Kenya,KEN,2021,22.675180594560988,Lower middle income,Out-of-pocket health expenditure (% of current health expenditure)
Kenya,KEN,2022,24.208749675612488,Lower middle income,Out-of-pocket health expenditure (% of current health expenditure)
Lesotho,LSO,2000,39.72735939816723,Lower middle income,Out-of-pocket health expenditure (% of current health expenditure)
Lesotho,LSO,2001,28.387220929732113,Lower middle income,Out-of-pocket health expenditure (% of current health expenditure)
Lesotho,LSO,2002,30.11707034381126,Lower middle income,Out-of-pocket health expenditure (% of current health expenditure)
Lesotho,LSO,2003,32.465887386103056,Lower middle income,Out-of-pocket health expenditure (% of current health expenditure)
Lesotho,LSO,2004,31.500665551115432,Lower middle income,Out-of-pocket health expenditure (% of current health expenditure)
Lesotho,LSO,2005,34.3876481022384,Lower middle income,Out-of-pocket health expenditure (% of current health expenditure)
Lesotho,LSO,2006,30.023183900768416,Lower middle income,Out-of-pocket health expenditure (% of current health expenditure)
Lesotho,LSO,2007,24.052000106791237,Lower middle income,Out-of-pocket health expenditure (% of current health expenditure)
Lesotho,LSO,2008,22.01409201195068,Lower middle income,Out-of-pocket health expenditure (% of current health expenditure)
Lesotho,LSO,2009,19.720540323437227,Lower middle income,Out-of-pocket health expenditure (% of current health expenditure)
Lesotho,LSO,2010,22.735610657906008,Lower middle income,Out-of-pocket health expenditure (% of current health expenditure)
Lesotho,LSO,2011,18.636555684765145,Lower middle income,Out-of-pocket health expenditure (% of current health expenditure)
Lesotho,LSO,2012,16.792899326597965,Lower middle income,Out-of-pocket health expenditure (% of current health expenditure)
Lesotho,LSO,2013,13.912972626546424,Lower middle income,Out-of-pocket health expenditure (% of current health expenditure)
Lesotho,LSO,2014,14.174581831328048,Lower middle income,Out-of-pocket health expenditure (% of current health expenditure)
Lesotho,LSO,2015,15.53549749048744,Lower middle income,Out-of-pocket health expenditure (% of current health expenditure)
Lesotho,LSO,2016,15.760462716767758,Lower middle income,Out-of-pocket health expenditure (% of current health expenditure)
Lesotho,LSO,2017,15.707925713496689,Lower middle income,Out-of-pocket health expenditure (% of current health expenditure)
Lesotho,LSO,2018,14.444189243184985,Lower middle income,Out-of-pocket health expenditure (% of current health expenditure)
Lesotho,LSO,2019,7.278182399231537,Lower middle income,Out-of-pocket health expenditure (% of current health expenditure)
Lesotho,LSO,2020,15.9841556818894,Lower middle income,Out-of-pocket health expenditure (% of current health expenditure)
Lesotho,LSO,2021,14.689678644216018,Lower middle income,Out-of-pocket health expenditure (% of current health expenditure)
Lesotho,LSO,2022,12.633216366766018,Lower middle income,Out-of-pocket health expenditure (% of current health expenditure)
Liberia,LBR,2000,71.57627240649022,Low income,Out-of-pocket health expenditure (% of current health expenditure)
Liberia,LBR,2001,59.606998422384166,Low income,Out-of-pocket health expenditure (% of current health expenditure)
Liberia,LBR,2002,55.93533655248111,Low income,Out-of-pocket health expenditure (% of current health expenditure)
Liberia,LBR,2003,59.488021409010514,Low income,Out-of-pocket health expenditure (% of current health expenditure)
Liberia,LBR,2004,75.30528980235441,Low income,Out-of-pocket health expenditure (% of current health expenditure)
Liberia,LBR,2005,69.14516775381584,Low income,Out-of-pocket health expenditure (% of current health expenditure)
Liberia,LBR,2006,66.23502818463118,Low income,Out-of-pocket health expenditure (% of current health expenditure)
Liberia,LBR,2007,42.16618082702146,Low income,Out-of-pocket health expenditure (% of current health expenditure)
Liberia,LBR,2008,34.844627791303694,Low income,Out-of-pocket health expenditure (% of current health expenditure)
Liberia,LBR,2009,49.683752546463765,Low income,Out-of-pocket health expenditure (% of current health expenditure)
Liberia,LBR,2010,53.41116268420787,Low income,Out-of-pocket health expenditure (% of current health expenditure)
Liberia,LBR,2011,47.421930830166424,Low income,Out-of-pocket health expenditure (% of current health expenditure)
Liberia,LBR,2012,45.54619346938195,Low income,Out-of-pocket health expenditure (% of current health expenditure)
Liberia,LBR,2013,39.44088012675801,Low income,Out-of-pocket health expenditure (% of current health expenditure)
Liberia,LBR,2014,48.943952282906395,Low income,Out-of-pocket health expenditure (% of current health expenditure)
Liberia,LBR,2015,45.60116101103123,Low income,Out-of-pocket health expenditure (% of current health expenditure)
Liberia,LBR,2016,46.754932083555126,Low income,Out-of-pocket health expenditure (% of current health expenditure)
Liberia,LBR,2017,46.27159451259753,Low income,Out-of-pocket health expenditure (% of current health expenditure)
Liberia,LBR,2018,43.76958064048141,Low income,Out-of-pocket health expenditure (% of current health expenditure)
Liberia,LBR,2019,54.67374698173035,Low income,Out-of-pocket health expenditure (% of current health expenditure)
Liberia,LBR,2020,63.21783992276719,Low income,Out-of-pocket health expenditure (% of current health expenditure)
Liberia,LBR,2021,62.61005380911864,Low income,Out-of-pocket health expenditure (% of current health expenditure)
Liberia,LBR,2022,62.22333294467063,Low income,Out-of-pocket health expenditure (% of current health expenditure)
Madagascar,MDG,2000,43.315555561420595,Low income,Out-of-pocket health expenditure (% of current health expenditure)
Madagascar,MDG,2001,38.774680424447325,Low income,Out-of-pocket health expenditure (% of current health expenditure)
Madagascar,MDG,2002,37.60178740149977,Low income,Out-of-pocket health expenditure (% of current health expenditure)
Madagascar,MDG,2003,34.5289226391881,Low income,Out-of-pocket health expenditure (% of current health expenditure)
Madagascar,MDG,2004,30.58158250454174,Low income,Out-of-pocket health expenditure (% of current health expenditure)
Madagascar,MDG,2005,33.02706775393208,Low income,Out-of-pocket health expenditure (% of current health expenditure)
Madagascar,MDG,2006,31.653634584079953,Low income,Out-of-pocket health expenditure (% of current health expenditure)
Madagascar,MDG,2007,32.6548989930057,Low income,Out-of-pocket health expenditure (% of current health expenditure)
Madagascar,MDG,2008,37.18900592272845,Low income,Out-of-pocket health expenditure (% of current health expenditure)
Madagascar,MDG,2009,37.65555299208657,Low income,Out-of-pocket health expenditure (% of current health expenditure)
Madagascar,MDG,2010,36.15040539267795,Low income,Out-of-pocket health expenditure (% of current health expenditure)
Madagascar,MDG,2011,27.97330856081164,Low income,Out-of-pocket health expenditure (% of current health expenditure)
Madagascar,MDG,2012,32.4887311216495,Low income,Out-of-pocket health expenditure (% of current health expenditure)
Madagascar,MDG,2013,35.58833769967558,Low income,Out-of-pocket health expenditure (% of current health expenditure)
Madagascar,MDG,2014,28.16691515571088,Low income,Out-of-pocket health expenditure (% of current health expenditure)
Madagascar,MDG,2015,25.17293847110499,Low income,Out-of-pocket health expenditure (% of current health expenditure)
Madagascar,MDG,2016,23.057565299648857,Low income,Out-of-pocket health expenditure (% of current health expenditure)
Madagascar,MDG,2017,25.634520815090863,Low income,Out-of-pocket health expenditure (% of current health expenditure)
Madagascar,MDG,2018,29.327694492470023,Low income,Out-of-pocket health expenditure (% of current health expenditure)
Madagascar,MDG,2019,34.22468020761321,Low income,Out-of-pocket health expenditure (% of current health expenditure)
Madagascar,MDG,2020,30.938416289084604,Low income,Out-of-pocket health expenditure (% of current health expenditure)
Madagascar,MDG,2021,32.71157955438909,Low income,Out-of-pocket health expenditure (% of current health expenditure)
Madagascar,MDG,2022,32.28622399569592,Low income,Out-of-pocket health expenditure (% of current health expenditure)
Malawi,MWI,2000,16.76298184141053,Low income,Out-of-pocket health expenditure (% of current health expenditure)
Malawi,MWI,2001,18.547132450080152,Low income,Out-of-pocket health expenditure (% of current health expenditure)
Malawi,MWI,2002,14.98992757561394,Low income,Out-of-pocket health expenditure (% of current health expenditure)
Malawi,MWI,2003,12.070897219404332,Low income,Out-of-pocket health expenditure (% of current health expenditure)
Malawi,MWI,2004,9.69992711711435,Low income,Out-of-pocket health expenditure (% of current health expenditure)
Malawi,MWI,2005,9.099817601680638,Low income,Out-of-pocket health expenditure (% of current health expenditure)
Malawi,MWI,2006,8.924166132280654,Low income,Out-of-pocket health expenditure (% of current health expenditure)
Malawi,MWI,2007,11.715225349938184,Low income,Out-of-pocket health expenditure (% of current health expenditure)
Malawi,MWI,2008,10.370281273954127,Low income,Out-of-pocket health expenditure (% of current health expenditure)
Malawi,MWI,2009,11.235610740828712,Low income,Out-of-pocket health expenditure (% of current health expenditure)
Malawi,MWI,2010,10.927722992660325,Low income,Out-of-pocket health expenditure (% of current health expenditure)
Malawi,MWI,2011,8.961643174157858,Low income,Out-of-pocket health expenditure (% of current health expenditure)
Malawi,MWI,2012,10.241626006525538,Low income,Out-of-pocket health expenditure (% of current health expenditure)
Malawi,MWI,2013,6.705963309442655,Low income,Out-of-pocket health expenditure (% of current health expenditure)
Malawi,MWI,2014,8.18288838213344,Low income,Out-of-pocket health expenditure (% of current health expenditure)
Malawi,MWI,2015,10.981896045741058,Low income,Out-of-pocket health expenditure (% of current health expenditure)
Malawi,MWI,2016,12.414958926044468,Low income,Out-of-pocket health expenditure (% of current health expenditure)
Malawi,MWI,2017,12.695190425678922,Low income,Out-of-pocket health expenditure (% of current health expenditure)
Malawi,MWI,2018,12.801203199394786,Low income,Out-of-pocket health expenditure (% of current health expenditure)
Malawi,MWI,2019,11.854195905217448,Low income,Out-of-pocket health expenditure (% of current health expenditure)
Malawi,MWI,2020,13.361824096816244,Low income,Out-of-pocket health expenditure (% of current health expenditure)
Malawi,MWI,2021,12.327555713180354,Low income,Out-of-pocket health expenditure (% of current health expenditure)
Malawi,MWI,2022,12.096916670672336,Low income,Out-of-pocket health expenditure (% of current health expenditure)
Mali,MLI,2000,68.8171282505476,Low income,Out-of-pocket health expenditure (% of current health expenditure)
Mali,MLI,2001,67.7933914040084,Low income,Out-of-pocket health expenditure (% of current health expenditure)
Mali,MLI,2002,61.75163937739646,Low income,Out-of-pocket health expenditure (% of current health expenditure)
Mali,MLI,2003,61.20211933360259,Low income,Out-of-pocket health expenditure (% of current health expenditure)
Mali,MLI,2004,55.61309483403231,Low income,Out-of-pocket health expenditure (% of current health expenditure)
Mali,MLI,2005,57.01831391924133,Low income,Out-of-pocket health expenditure (% of current health expenditure)
Mali,MLI,2006,56.74296619457182,Low income,Out-of-pocket health expenditure (% of current health expenditure)
Mali,MLI,2007,61.34742943127389,Low income,Out-of-pocket health expenditure (% of current health expenditure)
Mali,MLI,2008,63.22217625249591,Low income,Out-of-pocket health expenditure (% of current health expenditure)
Mali,MLI,2009,61.83541424845015,Low income,Out-of-pocket health expenditure (% of current health expenditure)
Mali,MLI,2010,56.2662407263634,Low income,Out-of-pocket health expenditure (% of current health expenditure)
Mali,MLI,2011,50.002611282630625,Low income,Out-of-pocket health expenditure (% of current health expenditure)
Mali,MLI,2012,44.74382684003845,Low income,Out-of-pocket health expenditure (% of current health expenditure)
Mali,MLI,2013,34.819342716571725,Low income,Out-of-pocket health expenditure (% of current health expenditure)
Mali,MLI,2014,33.55117298338994,Low income,Out-of-pocket health expenditure (% of current health expenditure)
Mali,MLI,2015,34.17124382436871,Low income,Out-of-pocket health expenditure (% of current health expenditure)
Mali,MLI,2016,35.75055685961056,Low income,Out-of-pocket health expenditure (% of current health expenditure)
Mali,MLI,2017,37.50244285218966,Low income,Out-of-pocket health expenditure (% of current health expenditure)
Mali,MLI,2018,32.55354401255889,Low income,Out-of-pocket health expenditure (% of current health expenditure)
Mali,MLI,2019,31.079233971544937,Low income,Out-of-pocket health expenditure (% of current health expenditure)
Mali,MLI,2020,44.737059390005314,Low income,Out-of-pocket health expenditure (% of current health expenditure)
Mali,MLI,2021,44.20400869848497,Low income,Out-of-pocket health expenditure (% of current health expenditure)
Mali,MLI,2022,43.21066619159537,Low income,Out-of-pocket health expenditure (% of current health expenditure)
Mauritania,MRT,2000,77.82102383721326,Lower middle income,Out-of-pocket health expenditure (% of current health expenditure)
Mauritania,MRT,2001,77.1258444423006,Lower middle income,Out-of-pocket health expenditure (% of current health expenditure)
Mauritania,MRT,2002,69.98466306167096,Lower middle income,Out-of-pocket health expenditure (% of current health expenditure)
Mauritania,MRT,2003,68.38989846099145,Lower middle income,Out-of-pocket health expenditure (% of current health expenditure)
Mauritania,MRT,2004,70.48689674923635,Lower middle income,Out-of-pocket health expenditure (% of current health expenditure)
Mauritania,MRT,2005,67.13423559679775,Lower middle income,Out-of-pocket health expenditure (% of current health expenditure)
Mauritania,MRT,2006,68.15977001596262,Lower middle income,Out-of-pocket health expenditure (% of current health expenditure)
Mauritania,MRT,2007,65.29890917559537,Lower middle income,Out-of-pocket health expenditure (% of current health expenditure)
Mauritania,MRT,2008,60.940374978252834,Lower middle income,Out-of-pocket health expenditure (% of current health expenditure)
Mauritania,MRT,2009,62.765154320947815,Lower middle income,Out-of-pocket health expenditure (% of current health expenditure)
Mauritania,MRT,2010,62.63608890434864,Lower middle income,Out-of-pocket health expenditure (% of current health expenditure)
Mauritania,MRT,2011,58.376059328338854,Lower middle income,Out-of-pocket health expenditure (% of current health expenditure)
Mauritania,MRT,2012,55.42799844537943,Lower middle income,Out-of-pocket health expenditure (% of current health expenditure)
Mauritania,MRT,2013,50.20851820927532,Lower middle income,Out-of-pocket health expenditure (% of current health expenditure)
Mauritania,MRT,2014,47.62082562572208,Lower middle income,Out-of-pocket health expenditure (% of current health expenditure)
Mauritania,MRT,2015,47.7419846600329,Lower middle income,Out-of-pocket health expenditure (% of current health expenditure)
Mauritania,MRT,2016,55.744660289337965,Lower middle income,Out-of-pocket health expenditure (% of current health expenditure)
Mauritania,MRT,2017,54.06332996653805,Lower middle income,Out-of-pocket health expenditure (% of current health expenditure)
Mauritania,MRT,2018,64.94996956739061,Lower middle income,Out-of-pocket health expenditure (% of current health expenditure)
Mauritania,MRT,2019,60.29301432179047,Lower middle income,Out-of-pocket health expenditure (% of current health expenditure)
Mauritania,MRT,2020,61.51318314985891,Lower middle income,Out-of-pocket health expenditure (% of current health expenditure)
Mauritania,MRT,2021,48.191072376249586,Lower middle income,Out-of-pocket health expenditure (% of current health expenditure)
Mauritania,MRT,2022,40.808203215838184,Lower middle income,Out-of-pocket health expenditure (% of current health expenditure)
Mauritius,MUS,2000,44.00006893552066,Upper middle income,Out-of-pocket health expenditure (% of current health expenditure)
Mauritius,MUS,2001,43.81983084645501,Upper middle income,Out-of-pocket health expenditure (% of current health expenditure)
Mauritius,MUS,2002,44.87164792639976,Upper middle income,Out-of-pocket health expenditure (% of current health expenditure)
Mauritius,MUS,2003,45.3221865355804,Upper middle income,Out-of-pocket health expenditure (% of current health expenditure)
Mauritius,MUS,2004,43.42286521359517,Upper middle income,Out-of-pocket health expenditure (% of current health expenditure)
Mauritius,MUS,2005,49.58810694314923,Upper middle income,Out-of-pocket health expenditure (% of current health expenditure)
Mauritius,MUS,2006,52.91299601258595,Upper middle income,Out-of-pocket health expenditure (% of current health expenditure)
Mauritius,MUS,2007,55.80852003430405,Upper middle income,Out-of-pocket health expenditure (% of current health expenditure)
Mauritius,MUS,2008,61.84155018849518,Upper middle income,Out-of-pocket health expenditure (% of current health expenditure)
Mauritius,MUS,2009,58.373340525425,Upper middle income,Out-of-pocket health expenditure (% of current health expenditure)
Mauritius,MUS,2010,52.31685790893592,Upper middle income,Out-of-pocket health expenditure (% of current health expenditure)
Mauritius,MUS,2011,53.07153177843498,Upper middle income,Out-of-pocket health expenditure (% of current health expenditure)
Mauritius,MUS,2012,51.61318166880714,Upper middle income,Out-of-pocket health expenditure (% of current health expenditure)
Mauritius,MUS,2013,53.18034725076045,Upper middle income,Out-of-pocket health expenditure (% of current health expenditure)
Mauritius,MUS,2014,50.18024312564472,Upper middle income,Out-of-pocket health expenditure (% of current health expenditure)
Mauritius,MUS,2015,49.576727332506835,Upper middle income,Out-of-pocket health expenditure (% of current health expenditure)
Mauritius,MUS,2016,48.160776900366535,Upper middle income,Out-of-pocket health expenditure (% of current health expenditure)
Mauritius,MUS,2017,47.396938762427574,Upper middle income,Out-of-pocket health expenditure (% of current health expenditure)
Mauritius,MUS,2018,46.91960795597027,Upper middle income,Out-of-pocket health expenditure (% of current health expenditure)
Mauritius,MUS,2019,47.12637889764759,Upper middle income,Out-of-pocket health expenditure (% of current health expenditure)
Mauritius,MUS,2020,43.584664893032574,Upper middle income,Out-of-pocket health expenditure (% of current health expenditure)
Mauritius,MUS,2021,40.41674388865618,Upper middle income,Out-of-pocket health expenditure (% of current health expenditure)
Mauritius,MUS,2022,44.01162089398906,Upper middle income,Out-of-pocket health expenditure (% of current health expenditure)
Mozambique,MOZ,2000,38.88117503141579,Low income,Out-of-pocket health expenditure (% of current health expenditure)
Mozambique,MOZ,2001,26.687618469518274,Low income,Out-of-pocket health expenditure (% of current health expenditure)
Mozambique,MOZ,2002,27.982415851945536,Low income,Out-of-pocket health expenditure (% of current health expenditure)
Mozambique,MOZ,2003,21.215063934184546,Low income,Out-of-pocket health expenditure (% of current health expenditure)
Mozambique,MOZ,2004,15.606307098339837,Low income,Out-of-pocket health expenditure (% of current health expenditure)
Mozambique,MOZ,2005,12.31847498876708,Low income,Out-of-pocket health expenditure (% of current health expenditure)
Mozambique,MOZ,2006,12.746886708531536,Low income,Out-of-pocket health expenditure (% of current health expenditure)
Mozambique,MOZ,2007,12.019497244408267,Low income,Out-of-pocket health expenditure (% of current health expenditure)
Mozambique,MOZ,2008,11.203374860496115,Low income,Out-of-pocket health expenditure (% of current health expenditure)
Mozambique,MOZ,2009,8.237761499834418,Low income,Out-of-pocket health expenditure (% of current health expenditure)
Mozambique,MOZ,2010,7.112119242626551,Low income,Out-of-pocket health expenditure (% of current health expenditure)
Mozambique,MOZ,2011,6.719538684534306,Low income,Out-of-pocket health expenditure (% of current health expenditure)
Mozambique,MOZ,2012,5.554829702561878,Low income,Out-of-pocket health expenditure (% of current health expenditure)
Mozambique,MOZ,2013,8.017043174920436,Low income,Out-of-pocket health expenditure (% of current health expenditure)
Mozambique,MOZ,2014,10.424459464045276,Low income,Out-of-pocket health expenditure (% of current health expenditure)
Mozambique,MOZ,2015,11.261485666262022,Low income,Out-of-pocket health expenditure (% of current health expenditure)
Mozambique,MOZ,2016,10.539091656972726,Low income,Out-of-pocket health expenditure (% of current health expenditure)
Mozambique,MOZ,2017,9.68614842073303,Low income,Out-of-pocket health expenditure (% of current health expenditure)
Mozambique,MOZ,2018,9.326227700850543,Low income,Out-of-pocket health expenditure (% of current health expenditure)
Mozambique,MOZ,2019,9.710028949674545,Low income,Out-of-pocket health expenditure (% of current health expenditure)
Mozambique,MOZ,2020,10.320578551111664,Low income,Out-of-pocket health expenditure (% of current health expenditure)
Mozambique,MOZ,2021,9.210404215258997,Low income,Out-of-pocket health expenditure (% of current health expenditure)
Mozambique,MOZ,2022,9.686964202966722,Low income,Out-of-pocket health expenditure (% of current health expenditure)
Namibia,NAM,2000,7.103507231720572,Upper middle income,Out-of-pocket health expenditure (% of current health expenditure)
Namibia,NAM,2001,7.24292911256782,Upper middle income,Out-of-pocket health expenditure (% of current health expenditure)
Namibia,NAM,2002,6.861977609000138,Upper middle income,Out-of-pocket health expenditure (% of current health expenditure)
Namibia,NAM,2003,7.159931899158283,Upper middle income,Out-of-pocket health expenditure (% of current health expenditure)
Namibia,NAM,2004,6.472501349988067,Upper middle income,Out-of-pocket health expenditure (% of current health expenditure)
Namibia,NAM,2005,6.1930037913623375,Upper middle income,Out-of-pocket health expenditure (% of current health expenditure)
Namibia,NAM,2006,5.987183710901196,Upper middle income,Out-of-pocket health expenditure (% of current health expenditure)
Namibia,NAM,2007,5.800811630493445,Upper middle income,Out-of-pocket health expenditure (% of current health expenditure)
Namibia,NAM,2008,6.899862333764532,Upper middle income,Out-of-pocket health expenditure (% of current health expenditure)
Namibia,NAM,2009,8.49085298304467,Upper middle income,Out-of-pocket health expenditure (% of current health expenditure)
Namibia,NAM,2010,9.276327336296132,Upper middle income,Out-of-pocket health expenditure (% of current health expenditure)
Namibia,NAM,2011,10.30300382191404,Upper middle income,Out-of-pocket health expenditure (% of current health expenditure)
Namibia,NAM,2012,10.90823573165241,Upper middle income,Out-of-pocket health expenditure (% of current health expenditure)
Namibia,NAM,2013,9.887687825256464,Upper middle income,Out-of-pocket health expenditure (% of current health expenditure)
Namibia,NAM,2014,9.036887493914554,Upper middle income,Out-of-pocket health expenditure (% of current health expenditure)
Namibia,NAM,2015,7.329125580929118,Upper middle income,Out-of-pocket health expenditure (% of current health expenditure)
Namibia,NAM,2016,7.712074953691289,Upper middle income,Out-of-pocket health expenditure (% of current health expenditure)
Namibia,NAM,2017,7.794632478800932,Upper middle income,Out-of-pocket health expenditure (% of current health expenditure)
Namibia,NAM,2018,8.09860106084226,Upper middle income,Out-of-pocket health expenditure (% of current health expenditure)
Namibia,NAM,2019,7.938202797478035,Upper middle income,Out-of-pocket health expenditure (% of current health expenditure)
Namibia,NAM,2020,7.496560384634418,Upper middle income,Out-of-pocket health expenditure (% of current health expenditure)
Namibia,NAM,2021,7.8230169631520035,Upper middle income,Out-of-pocket health expenditure (% of current health expenditure)
Namibia,NAM,2022,8.101207832840196,Upper middle income,Out-of-pocket health expenditure (% of current health expenditure)
Niger,NER,2000,60.49816140935128,Low income,Out-of-pocket health expenditure (% of current health expenditure)
Niger,NER,2001,60.42289277440617,Low income,Out-of-pocket health expenditure (% of current health expenditure)
Niger,NER,2002,59.622200117797654,Low income,Out-of-pocket health expenditure (% of current health expenditure)
Niger,NER,2003,61.2469500185716,Low income,Out-of-pocket health expenditure (% of current health expenditure)
Niger,NER,2004,60.00253368933898,Low income,Out-of-pocket health expenditure (% of current health expenditure)
Niger,NER,2005,50.134592514244254,Low income,Out-of-pocket health expenditure (% of current health expenditure)
Niger,NER,2006,48.75664191552784,Low income,Out-of-pocket health expenditure (% of current health expenditure)
Niger,NER,2007,53.40667659630583,Low income,Out-of-pocket health expenditure (% of current health expenditure)
Niger,NER,2008,52.46494799249295,Low income,Out-of-pocket health expenditure (% of current health expenditure)
Niger,NER,2009,53.61826948417888,Low income,Out-of-pocket health expenditure (% of current health expenditure)
Niger,NER,2010,55.895314246090045,Low income,Out-of-pocket health expenditure (% of current health expenditure)
Niger,NER,2011,57.73744472365636,Low income,Out-of-pocket health expenditure (% of current health expenditure)
Niger,NER,2012,60.80649533256032,Low income,Out-of-pocket health expenditure (% of current health expenditure)
Niger,NER,2013,56.54368163451836,Low income,Out-of-pocket health expenditure (% of current health expenditure)
Niger,NER,2014,54.67353789020028,Low income,Out-of-pocket health expenditure (% of current health expenditure)
Niger,NER,2015,51.685649695773165,Low income,Out-of-pocket health expenditure (% of current health expenditure)
Niger,NER,2016,58.5104037457852,Low income,Out-of-pocket health expenditure (% of current health expenditure)
Niger,NER,2017,48.31372057872734,Low income,Out-of-pocket health expenditure (% of current health expenditure)
Niger,NER,2018,48.961190078896784,Low income,Out-of-pocket health expenditure (% of current health expenditure)
Niger,NER,2019,46.09528950358962,Low income,Out-of-pocket health expenditure (% of current health expenditure)
Niger,NER,2020,43.54892795285029,Low income,Out-of-pocket health expenditure (% of current health expenditure)
Niger,NER,2021,42.52769767694856,Low income,Out-of-pocket health expenditure (% of current health expenditure)
Niger,NER,2022,40.34075091887031,Low income,Out-of-pocket health expenditure (% of current health expenditure)
Nigeria,NGA,2000,60.16206766896244,Lower middle income,Out-of-pocket health expenditure (% of current health expenditure)
Nigeria,NGA,2001,60.74782079672779,Lower middle income,Out-of-pocket health expenditure (% of current health expenditure)
Nigeria,NGA,2002,65.04915611187913,Lower middle income,Out-of-pocket health expenditure (% of current health expenditure)
Nigeria,NGA,2003,72.81435810861414,Lower middle income,Out-of-pocket health expenditure (% of current health expenditure)
Nigeria,NGA,2004,64.54787341685352,Lower middle income,Out-of-pocket health expenditure (% of current health expenditure)
Nigeria,NGA,2005,65.97051087080244,Lower middle income,Out-of-pocket health expenditure (% of current health expenditure)
Nigeria,NGA,2006,70.45880332175088,Lower middle income,Out-of-pocket health expenditure (% of current health expenditure)
Nigeria,NGA,2007,70.93754578248472,Lower middle income,Out-of-pocket health expenditure (% of current health expenditure)
Nigeria,NGA,2008,72.75693636345531,Lower middle income,Out-of-pocket health expenditure (% of current health expenditure)
Nigeria,NGA,2009,74.4749350013783,Lower middle income,Out-of-pocket health expenditure (% of current health expenditure)
Nigeria,NGA,2010,76.87748510832735,Lower middle income,Out-of-pocket health expenditure (% of current health expenditure)
Nigeria,NGA,2011,74.7251426523028,Lower middle income,Out-of-pocket health expenditure (% of current health expenditure)
Nigeria,NGA,2012,72.84433313232687,Lower middle income,Out-of-pocket health expenditure (% of current health expenditure)
Nigeria,NGA,2013,70.92673405508287,Lower middle income,Out-of-pocket health expenditure (% of current health expenditure)
Nigeria,NGA,2014,71.85419306047967,Lower middle income,Out-of-pocket health expenditure (% of current health expenditure)
Nigeria,NGA,2015,71.89007891659477,Lower middle income,Out-of-pocket health expenditure (% of current health expenditure)
Nigeria,NGA,2016,75.18703347756028,Lower middle income,Out-of-pocket health expenditure (% of current health expenditure)
Nigeria,NGA,2017,77.38787172046614,Lower middle income,Out-of-pocket health expenditure (% of current health expenditure)
Nigeria,NGA,2018,75.94579245831305,Lower middle income,Out-of-pocket health expenditure (% of current health expenditure)
Nigeria,NGA,2019,71.49702688632999,Lower middle income,Out-of-pocket health expenditure (% of current health expenditure)
Nigeria,NGA,2020,74.67577984472787,Lower middle income,Out-of-pocket health expenditure (% of current health expenditure)
Nigeria,NGA,2021,76.24336769816293,Lower middle income,Out-of-pocket health expenditure (% of current health expenditure)
Nigeria,NGA,2022,76.1296800543035,Lower middle income,Out-of-pocket health expenditure (% of current health expenditure)
Rwanda,RWA,2000,26.587330960279125,Low income,Out-of-pocket health expenditure (% of current health expenditure)
Rwanda,RWA,2001,27.6766619407738,Low income,Out-of-pocket health expenditure (% of current health expenditure)
Rwanda,RWA,2002,28.464272916696157,Low income,Out-of-pocket health expenditure (% of current health expenditure)
Rwanda,RWA,2003,17.119973612533112,Low income,Out-of-pocket health expenditure (% of current health expenditure)
Rwanda,RWA,2004,21.219293771504415,Low income,Out-of-pocket health expenditure (% of current health expenditure)
Rwanda,RWA,2005,23.80013013237044,Low income,Out-of-pocket health expenditure (% of current health expenditure)
Rwanda,RWA,2006,14.267115435779674,Low income,Out-of-pocket health expenditure (% of current health expenditure)
Rwanda,RWA,2007,12.490031835149752,Low income,Out-of-pocket health expenditure (% of current health expenditure)
Rwanda,RWA,2008,11.78677028875146,Low income,Out-of-pocket health expenditure (% of current health expenditure)
Rwanda,RWA,2009,11.380730602118096,Low income,Out-of-pocket health expenditure (% of current health expenditure)
Rwanda,RWA,2010,11.091199017624804,Low income,Out-of-pocket health expenditure (% of current health expenditure)
Rwanda,RWA,2011,10.795574669000318,Low income,Out-of-pocket health expenditure (% of current health expenditure)
Rwanda,RWA,2012,10.178325911354044,Low income,Out-of-pocket health expenditure (% of current health expenditure)
Rwanda,RWA,2013,12.30708703237805,Low income,Out-of-pocket health expenditure (% of current health expenditure)
Rwanda,RWA,2014,12.056798228282478,Low income,Out-of-pocket health expenditure (% of current health expenditure)
Rwanda,RWA,2015,12.181936010541232,Low income,Out-of-pocket health expenditure (% of current health expenditure)
Rwanda,RWA,2016,11.356352388289164,Low income,Out-of-pocket health expenditure (% of current health expenditure)
Rwanda,RWA,2017,11.863492262153107,Low income,Out-of-pocket health expenditure (% of current health expenditure)
Rwanda,RWA,2018,11.775347004699476,Low income,Out-of-pocket health expenditure (% of current health expenditure)
Rwanda,RWA,2019,11.689704727016531,Low income,Out-of-pocket health expenditure (% of current health expenditure)
Rwanda,RWA,2020,10.47343632269638,Low income,Out-of-pocket health expenditure (% of current health expenditure)
Rwanda,RWA,2021,10.109738155256892,Low income,Out-of-pocket health expenditure (% of current health expenditure)
Rwanda,RWA,2022,9.62182110210194,Low income,Out-of-pocket health expenditure (% of current health expenditure)
Sao Tome and Principe,STP,2000,43.841047736336854,Lower middle income,Out-of-pocket health expenditure (% of current health expenditure)
Sao Tome and Principe,STP,2001,43.62086671721233,Lower middle income,Out-of-pocket health expenditure (% of current health expenditure)
Sao Tome and Principe,STP,2002,41.91096603582627,Lower middle income,Out-of-pocket health expenditure (% of current health expenditure)
Sao Tome and Principe,STP,2003,31.92261036603331,Lower middle income,Out-of-pocket health expenditure (% of current health expenditure)
Sao Tome and Principe,STP,2004,35.2790633941411,Lower middle income,Out-of-pocket health expenditure (% of current health expenditure)
Sao Tome and Principe,STP,2005,33.39511331711299,Lower middle income,Out-of-pocket health expenditure (% of current health expenditure)
Sao Tome and Principe,STP,2006,39.90424151902341,Lower middle income,Out-of-pocket health expenditure (% of current health expenditure)
Sao Tome and Principe,STP,2007,35.33236844005242,Lower middle income,Out-of-pocket health expenditure (% of current health expenditure)
Sao Tome and Principe,STP,2008,30.23218496088386,Lower middle income,Out-of-pocket health expenditure (% of current health expenditure)
Sao Tome and Principe,STP,2009,27.401454401636553,Lower middle income,Out-of-pocket health expenditure (% of current health expenditure)
Sao Tome and Principe,STP,2010,25.69589342318863,Lower middle income,Out-of-pocket health expenditure (% of current health expenditure)
Sao Tome and Principe,STP,2011,23.793256562138744,Lower middle income,Out-of-pocket health expenditure (% of current health expenditure)
Sao Tome and Principe,STP,2012,17.795820550752946,Lower middle income,Out-of-pocket health expenditure (% of current health expenditure)
Sao Tome and Principe,STP,2013,14.24345229274532,Lower middle income,Out-of-pocket health expenditure (% of current health expenditure)
Sao Tome and Principe,STP,2014,15.04175125039522,Lower middle income,Out-of-pocket health expenditure (% of current health expenditure)
Sao Tome and Principe,STP,2015,16.018086563174453,Lower middle income,Out-of-pocket health expenditure (% of current health expenditure)
Sao Tome and Principe,STP,2016,13.91362040748224,Lower middle income,Out-of-pocket health expenditure (% of current health expenditure)
Sao Tome and Principe,STP,2017,14.757313612204417,Lower middle income,Out-of-pocket health expenditure (% of current health expenditure)
Sao Tome and Principe,STP,2018,15.81694189540682,Lower middle income,Out-of-pocket health expenditure (% of current health expenditure)
Sao Tome and Principe,STP,2019,16.991244979506632,Lower middle income,Out-of-pocket health expenditure (% of current health expenditure)
Sao Tome and Principe,STP,2020,11.84764131531874,Lower middle income,Out-of-pocket health expenditure (% of current health expenditure)
Sao Tome and Principe,STP,2021,11.655727874206244,Lower middle income,Out-of-pocket health expenditure (% of current health expenditure)
Sao Tome and Principe,STP,2022,11.9719236300491,Lower middle income,Out-of-pocket health expenditure (% of current health expenditure)
Senegal,SEN,2000,55.66883060652109,Lower middle income,Out-of-pocket health expenditure (% of current health expenditure)
Senegal,SEN,2001,52.763720416403245,Lower middle income,Out-of-pocket health expenditure (% of current health expenditure)
Senegal,SEN,2002,55.3296280426857,Lower middle income,Out-of-pocket health expenditure (% of current health expenditure)
Senegal,SEN,2003,54.93058057757384,Lower middle income,Out-of-pocket health expenditure (% of current health expenditure)
Senegal,SEN,2004,55.091388425595454,Lower middle income,Out-of-pocket health expenditure (% of current health expenditure)
Senegal,SEN,2005,39.51602322238256,Lower middle income,Out-of-pocket health expenditure (% of current health expenditure)
Senegal,SEN,2006,37.4395064707389,Lower middle income,Out-of-pocket health expenditure (% of current health expenditure)
Senegal,SEN,2007,44.27264077711145,Lower middle income,Out-of-pocket health expenditure (% of current health expenditure)
Senegal,SEN,2008,41.62781532818733,Lower middle income,Out-of-pocket health expenditure (% of current health expenditure)
Senegal,SEN,2009,45.61538504569661,Lower middle income,Out-of-pocket health expenditure (% of current health expenditure)
Senegal,SEN,2010,48.6773373044413,Lower middle income,Out-of-pocket health expenditure (% of current health expenditure)
Senegal,SEN,2011,50.79879967832098,Lower middle income,Out-of-pocket health expenditure (% of current health expenditure)
Senegal,SEN,2012,52.773859404926135,Lower middle income,Out-of-pocket health expenditure (% of current health expenditure)
Senegal,SEN,2013,55.23879856347968,Lower middle income,Out-of-pocket health expenditure (% of current health expenditure)
Senegal,SEN,2014,50.37561798921568,Lower middle income,Out-of-pocket health expenditure (% of current health expenditure)
Senegal,SEN,2015,50.83868130790885,Lower middle income,Out-of-pocket health expenditure (% of current health expenditure)
Senegal,SEN,2016,51.14096902863671,Lower middle income,Out-of-pocket health expenditure (% of current health expenditure)
Senegal,SEN,2017,48.895735258804905,Lower middle income,Out-of-pocket health expenditure (% of current health expenditure)
Senegal,SEN,2018,48.3353666122047,Lower middle income,Out-of-pocket health expenditure (% of current health expenditure)
Senegal,SEN,2019,48.746607661381226,Lower middle income,Out-of-pocket health expenditure (% of current health expenditure)
Senegal,SEN,2020,41.573049117895245,Lower middle income,Out-of-pocket health expenditure (% of current health expenditure)
Senegal,SEN,2021,46.877547658029414,Lower middle income,Out-of-pocket health expenditure (% of current health expenditure)
Senegal,SEN,2022,48.82735104367288,Lower middle income,Out-of-pocket health expenditure (% of current health expenditure)
Seychelles,SYC,2000,17.88831932808942,High income,Out-of-pocket health expenditure (% of current health expenditure)
Seychelles,SYC,2001,28.935806100573323,High income,Out-of-pocket health expenditure (% of current health expenditure)
Seychelles,SYC,2002,21.973092831958994,High income,Out-of-pocket health expenditure (% of current health expenditure)
Seychelles,SYC,2003,23.854852508143836,High income,Out-of-pocket health expenditure (% of current health expenditure)
Seychelles,SYC,2004,26.79905552687846,High income,Out-of-pocket health expenditure (% of current health expenditure)
Seychelles,SYC,2005,30.038140594117166,High income,Out-of-pocket health expenditure (% of current health expenditure)
Seychelles,SYC,2006,32.79404959143613,High income,Out-of-pocket health expenditure (% of current health expenditure)
Seychelles,SYC,2007,31.984986966609384,High income,Out-of-pocket health expenditure (% of current health expenditure)
Seychelles,SYC,2008,47.19174835421168,High income,Out-of-pocket health expenditure (% of current health expenditure)
Seychelles,SYC,2009,45.58841190616339,High income,Out-of-pocket health expenditure (% of current health expenditure)
Seychelles,SYC,2010,35.975373638281276,High income,Out-of-pocket health expenditure (% of current health expenditure)
Seychelles,SYC,2011,37.32475963819537,High income,Out-of-pocket health expenditure (% of current health expenditure)
Seychelles,SYC,2012,31.46470724398934,High income,Out-of-pocket health expenditure (% of current health expenditure)
Seychelles,SYC,2013,31.75071052668236,High income,Out-of-pocket health expenditure (% of current health expenditure)
Seychelles,SYC,2014,32.44335881967561,High income,Out-of-pocket health expenditure (% of current health expenditure)
Seychelles,SYC,2015,27.18510396612316,High income,Out-of-pocket health expenditure (% of current health expenditure)
Seychelles,SYC,2016,25.30701756998355,High income,Out-of-pocket health expenditure (% of current health expenditure)
Seychelles,SYC,2017,24.59942634535929,High income,Out-of-pocket health expenditure (% of current health expenditure)
Seychelles,SYC,2018,25.14192470076921,High income,Out-of-pocket health expenditure (% of current health expenditure)
Seychelles,SYC,2019,25.061393179762465,High income,Out-of-pocket health expenditure (% of current health expenditure)
Seychelles,SYC,2020,21.044421833361593,High income,Out-of-pocket health expenditure (% of current health expenditure)
Seychelles,SYC,2021,22.8623087136308,High income,Out-of-pocket health expenditure (% of current health expenditure)
Seychelles,SYC,2022,24.406469244461945,High income,Out-of-pocket health expenditure (% of current health expenditure)
Sierra Leone,SLE,2000,85.05292010362578,Low income,Out-of-pocket health expenditure (% of current health expenditure)
Sierra Leone,SLE,2001,77.28430016546113,Low income,Out-of-pocket health expenditure (% of current health expenditure)
Sierra Leone,SLE,2002,68.63653588242,Low income,Out-of-pocket health expenditure (% of current health expenditure)
Sierra Leone,SLE,2003,75.80449025212458,Low income,Out-of-pocket health expenditure (% of current health expenditure)
Sierra Leone,SLE,2004,71.54428852054498,Low income,Out-of-pocket health expenditure (% of current health expenditure)
Sierra Leone,SLE,2005,67.53406747667243,Low income,Out-of-pocket health expenditure (% of current health expenditure)
Sierra Leone,SLE,2006,65.75159695996949,Low income,Out-of-pocket health expenditure (% of current health expenditure)
Sierra Leone,SLE,2007,71.99151270574113,Low income,Out-of-pocket health expenditure (% of current health expenditure)
Sierra Leone,SLE,2008,71.17670099040707,Low income,Out-of-pocket health expenditure (% of current health expenditure)
Sierra Leone,SLE,2009,65.43760316613023,Low income,Out-of-pocket health expenditure (% of current health expenditure)
Sierra Leone,SLE,2010,56.25852193827553,Low income,Out-of-pocket health expenditure (% of current health expenditure)
Sierra Leone,SLE,2011,60.26411716840483,Low income,Out-of-pocket health expenditure (% of current health expenditure)
Sierra Leone,SLE,2012,67.80901399510847,Low income,Out-of-pocket health expenditure (% of current health expenditure)
Sierra Leone,SLE,2013,62.77908446902601,Low income,Out-of-pocket health expenditure (% of current health expenditure)
Sierra Leone,SLE,2014,35.03469374908363,Low income,Out-of-pocket health expenditure (% of current health expenditure)
Sierra Leone,SLE,2015,35.597505856426224,Low income,Out-of-pocket health expenditure (% of current health expenditure)
Sierra Leone,SLE,2016,43.49287353754578,Low income,Out-of-pocket health expenditure (% of current health expenditure)
Sierra Leone,SLE,2017,54.49611461553914,Low income,Out-of-pocket health expenditure (% of current health expenditure)
Sierra Leone,SLE,2018,60.98888846993205,Low income,Out-of-pocket health expenditure (% of current health expenditure)
Sierra Leone,SLE,2019,52.88983771983029,Low income,Out-of-pocket health expenditure (% of current health expenditure)
Sierra Leone,SLE,2020,52.34044427378004,Low income,Out-of-pocket health expenditure (% of current health expenditure)
Sierra Leone,SLE,2021,51.4098369531665,Low income,Out-of-pocket health expenditure (% of current health expenditure)
Sierra Leone,SLE,2022,52.656490321375024,Low income,Out-of-pocket health expenditure (% of current health expenditure)
South Africa,ZAF,2000,14.46151739477715,Upper middle income,Out-of-pocket health expenditure (% of current health expenditure)
South Africa,ZAF,2001,14.12628199056501,Upper middle income,Out-of-pocket health expenditure (% of current health expenditure)
South Africa,ZAF,2002,13.557768272535036,Upper middle income,Out-of-pocket health expenditure (% of current health expenditure)
South Africa,ZAF,2003,12.326144035689296,Upper middle income,Out-of-pocket health expenditure (% of current health expenditure)
South Africa,ZAF,2004,11.845901175532942,Upper middle income,Out-of-pocket health expenditure (% of current health expenditure)
South Africa,ZAF,2005,11.312836060907024,Upper middle income,Out-of-pocket health expenditure (% of current health expenditure)
South Africa,ZAF,2006,10.582863847460125,Upper middle income,Out-of-pocket health expenditure (% of current health expenditure)
South Africa,ZAF,2007,9.702891604695372,Upper middle income,Out-of-pocket health expenditure (% of current health expenditure)
South Africa,ZAF,2008,8.842875896418724,Upper middle income,Out-of-pocket health expenditure (% of current health expenditure)
South Africa,ZAF,2009,8.109771262799734,Upper middle income,Out-of-pocket health expenditure (% of current health expenditure)
South Africa,ZAF,2010,7.995062835838897,Upper middle income,Out-of-pocket health expenditure (% of current health expenditure)
South Africa,ZAF,2011,7.7509092169457405,Upper middle income,Out-of-pocket health expenditure (% of current health expenditure)
South Africa,ZAF,2012,7.722019894216939,Upper middle income,Out-of-pocket health expenditure (% of current health expenditure)
South Africa,ZAF,2013,7.610047428269357,Upper middle income,Out-of-pocket health expenditure (% of current health expenditure)
South Africa,ZAF,2014,5.663981243377668,Upper middle income,Out-of-pocket health expenditure (% of current health expenditure)
South Africa,ZAF,2015,5.736391446340592,Upper middle income,Out-of-pocket health expenditure (% of current health expenditure)
South Africa,ZAF,2016,5.7855140904163935,Upper middle income,Out-of-pocket health expenditure (% of current health expenditure)
South Africa,ZAF,2017,5.834643257099971,Upper middle income,Out-of-pocket health expenditure (% of current health expenditure)
South Africa,ZAF,2018,5.846662725892294,Upper middle income,Out-of-pocket health expenditure (% of current health expenditure)
South Africa,ZAF,2019,5.741116133358247,Upper middle income,Out-of-pocket health expenditure (% of current health expenditure)
South Africa,ZAF,2020,6.429427194806613,Upper middle income,Out-of-pocket health expenditure (% of current health expenditure)
South Africa,ZAF,2021,6.6058266210995376,Upper middle income,Out-of-pocket health expenditure (% of current health expenditure)
South Africa,ZAF,2022,6.711387036172583,Upper middle income,Out-of-pocket health expenditure (% of current health expenditure)
South Sudan,SSD,2017,19.192814153279432,Low income,Out-of-pocket health expenditure (% of current health expenditure)
South Sudan,SSD,2018,25.758580769540483,Low income,Out-of-pocket health expenditure (% of current health expenditure)
South Sudan,SSD,2019,42.324686979908414,Low income,Out-of-pocket health expenditure (% of current health expenditure)
South Sudan,SSD,2020,39.62005507925985,Low income,Out-of-pocket health expenditure (% of current health expenditure)
South Sudan,SSD,2021,31.085503158923306,Low income,Out-of-pocket health expenditure (% of current health expenditure)
South Sudan,SSD,2022,34.39799726611725,Low income,Out-of-pocket health expenditure (% of current health expenditure)
Togo,TGO,2000,79.00323112462982,Low income,Out-of-pocket health expenditure (% of current health expenditure)
Togo,TGO,2001,77.67759562028974,Low income,Out-of-pocket health expenditure (% of current health expenditure)
Togo,TGO,2002,76.77102481234435,Low income,Out-of-pocket health expenditure (% of current health expenditure)
Togo,TGO,2003,74.9597963146375,Low income,Out-of-pocket health expenditure (% of current health expenditure)
Togo,TGO,2004,72.31853482142716,Low income,Out-of-pocket health expenditure (% of current health expenditure)
Togo,TGO,2005,70.5323600216067,Low income,Out-of-pocket health expenditure (% of current health expenditure)
Togo,TGO,2006,68.18033323156759,Low income,Out-of-pocket health expenditure (% of current health expenditure)
Togo,TGO,2007,67.00376102264764,Low income,Out-of-pocket health expenditure (% of current health expenditure)
Togo,TGO,2008,66.34605054887464,Low income,Out-of-pocket health expenditure (% of current health expenditure)
Togo,TGO,2009,65.38478806875335,Low income,Out-of-pocket health expenditure (% of current health expenditure)
Togo,TGO,2010,62.270011993840555,Low income,Out-of-pocket health expenditure (% of current health expenditure)
Togo,TGO,2011,62.14701098452797,Low income,Out-of-pocket health expenditure (% of current health expenditure)
Togo,TGO,2012,59.248958055569176,Low income,Out-of-pocket health expenditure (% of current health expenditure)
Togo,TGO,2013,57.869535354619146,Low income,Out-of-pocket health expenditure (% of current health expenditure)
Togo,TGO,2014,57.30480387650597,Low income,Out-of-pocket health expenditure (% of current health expenditure)
Togo,TGO,2015,66.80449222812796,Low income,Out-of-pocket health expenditure (% of current health expenditure)
Togo,TGO,2016,63.23613659107076,Low income,Out-of-pocket health expenditure (% of current health expenditure)
Togo,TGO,2017,61.4656606745011,Low income,Out-of-pocket health expenditure (% of current health expenditure)
Togo,TGO,2018,64.66404104870391,Low income,Out-of-pocket health expenditure (% of current health expenditure)
Togo,TGO,2019,66.20977898924001,Low income,Out-of-pocket health expenditure (% of current health expenditure)
Togo,TGO,2020,64.32513243660398,Low income,Out-of-pocket health expenditure (% of current health expenditure)
Togo,TGO,2021,69.00460200443504,Low income,Out-of-pocket health expenditure (% of current health expenditure)
Togo,TGO,2022,63.19364096526302,Low income,Out-of-pocket health expenditure (% of current health expenditure)
Uganda,UGA,2000,43.03155562179256,Low income,Out-of-pocket health expenditure (% of current health expenditure)
Uganda,UGA,2001,43.39098674482734,Low income,Out-of-pocket health expenditure (% of current health expenditure)
Uganda,UGA,2002,44.0124092489481,Low income,Out-of-pocket health expenditure (% of current health expenditure)
Uganda,UGA,2003,45.41866329727162,Low income,Out-of-pocket health expenditure (% of current health expenditure)
Uganda,UGA,2004,38.378017992413135,Low income,Out-of-pocket health expenditure (% of current health expenditure)
Uganda,UGA,2005,48.599075846802975,Low income,Out-of-pocket health expenditure (% of current health expenditure)
Uganda,UGA,2006,54.053426442984374,Low income,Out-of-pocket health expenditure (% of current health expenditure)
Uganda,UGA,2007,54.48385537669227,Low income,Out-of-pocket health expenditure (% of current health expenditure)
Uganda,UGA,2008,52.742093132828806,Low income,Out-of-pocket health expenditure (% of current health expenditure)
Uganda,UGA,2009,42.84918020432526,Low income,Out-of-pocket health expenditure (% of current health expenditure)
Uganda,UGA,2010,37.39066518617752,Low income,Out-of-pocket health expenditure (% of current health expenditure)
Uganda,UGA,2011,33.010049383345994,Low income,Out-of-pocket health expenditure (% of current health expenditure)
Uganda,UGA,2012,37.51226626379235,Low income,Out-of-pocket health expenditure (% of current health expenditure)
Uganda,UGA,2013,42.51777805925916,Low income,Out-of-pocket health expenditure (% of current health expenditure)
Uganda,UGA,2014,40.14643395828597,Low income,Out-of-pocket health expenditure (% of current health expenditure)
Uganda,UGA,2015,39.470851170109015,Low income,Out-of-pocket health expenditure (% of current health expenditure)
Uganda,UGA,2016,40.60963929340415,Low income,Out-of-pocket health expenditure (% of current health expenditure)
Uganda,UGA,2017,38.08950530963666,Low income,Out-of-pocket health expenditure (% of current health expenditure)
Uganda,UGA,2018,35.62893330688772,Low income,Out-of-pocket health expenditure (% of current health expenditure)
Uganda,UGA,2019,38.26028573694584,Low income,Out-of-pocket health expenditure (% of current health expenditure)
Uganda,UGA,2020,29.938382814581708,Low income,Out-of-pocket health expenditure (% of current health expenditure)
Uganda,UGA,2021,27.35579647427665,Low income,Out-of-pocket health expenditure (% of current health expenditure)
Uganda,UGA,2022,34.09155349513549,Low income,Out-of-pocket health expenditure (% of current health expenditure)
United Republic of Tanzania,TZA,2000,38.470190108445266,Lower middle income,Out-of-pocket health expenditure (% of current health expenditure)
United Republic of Tanzania,TZA,2001,40.90833683944754,Lower middle income,Out-of-pocket health expenditure (% of current health expenditure)
United Republic of Tanzania,TZA,2002,42.51955596990228,Lower middle income,Out-of-pocket health expenditure (% of current health expenditure)
United Republic of Tanzania,TZA,2003,40.01273952479513,Lower middle income,Out-of-pocket health expenditure (% of current health expenditure)
United Republic of Tanzania,TZA,2004,37.371344704318425,Lower middle income,Out-of-pocket health expenditure (% of current health expenditure)
United Republic of Tanzania,TZA,2005,33.71459375118443,Lower middle income,Out-of-pocket health expenditure (% of current health expenditure)
United Republic of Tanzania,TZA,2006,25.771896220001615,Lower middle income,Out-of-pocket health expenditure (% of current health expenditure)
United Republic of Tanzania,TZA,2007,28.474226087770468,Lower middle income,Out-of-pocket health expenditure (% of current health expenditure)
United Republic of Tanzania,TZA,2008,32.58509955252539,Lower middle income,Out-of-pocket health expenditure (% of current health expenditure)
United Republic of Tanzania,TZA,2009,34.648313503845344,Lower middle income,Out-of-pocket health expenditure (% of current health expenditure)
United Republic of Tanzania,TZA,2010,31.8940285252184,Lower middle income,Out-of-pocket health expenditure (% of current health expenditure)
United Republic of Tanzania,TZA,2011,27.954620265480223,Lower middle income,Out-of-pocket health expenditure (% of current health expenditure)
United Republic of Tanzania,TZA,2012,24.69026855672745,Lower middle income,Out-of-pocket health expenditure (% of current health expenditure)
United Republic of Tanzania,TZA,2013,24.090468282558817,Lower middle income,Out-of-pocket health expenditure (% of current health expenditure)
United Republic of Tanzania,TZA,2014,25.98152825990904,Lower middle income,Out-of-pocket health expenditure (% of current health expenditure)
United Republic of Tanzania,TZA,2015,25.82907322545623,Lower middle income,Out-of-pocket health expenditure (% of current health expenditure)
United Republic of Tanzania,TZA,2016,21.89363217329764,Lower middle income,Out-of-pocket health expenditure (% of current health expenditure)
United Republic of Tanzania,TZA,2017,21.261323988750014,Lower middle income,Out-of-pocket health expenditure (% of current health expenditure)
United Republic of Tanzania,TZA,2018,20.81168623769524,Lower middle income,Out-of-pocket health expenditure (% of current health expenditure)
United Republic of Tanzania,TZA,2019,21.829025946951617,Lower middle income,Out-of-pocket health expenditure (% of current health expenditure)
United Republic of Tanzania,TZA,2020,29.070903311279142,Lower middle income,Out-of-pocket health expenditure (% of current health expenditure)
United Republic of Tanzania,TZA,2021,25.50231956717087,Lower middle income,Out-of-pocket health expenditure (% of current health expenditure)
United Republic of Tanzania,TZA,2022,28.69367682786391,Lower middle income,Out-of-pocket health expenditure (% of current health expenditure)
Zambia,ZMB,2000,44.93043575621403,Lower middle income,Out-of-pocket health expenditure (% of current health expenditure)
Zambia,ZMB,2001,38.39976342231148,Lower middle income,Out-of-pocket health expenditure (% of current health expenditure)
Zambia,ZMB,2002,28.439866991017187,Lower middle income,Out-of-pocket health expenditure (% of current health expenditure)
Zambia,ZMB,2003,28.419410108692396,Lower middle income,Out-of-pocket health expenditure (% of current health expenditure)
Zambia,ZMB,2004,30.96240349256253,Lower middle income,Out-of-pocket health expenditure (% of current health expenditure)
Zambia,ZMB,2005,26.097875348074584,Lower middle income,Out-of-pocket health expenditure (% of current health expenditure)
Zambia,ZMB,2006,25.69581196379958,Lower middle income,Out-of-pocket health expenditure (% of current health expenditure)
Zambia,ZMB,2007,24.72501102460593,Lower middle income,Out-of-pocket health expenditure (% of current health expenditure)
Zambia,ZMB,2008,20.53532680499938,Lower middle income,Out-of-pocket health expenditure (% of current health expenditure)
Zambia,ZMB,2009,14.88439416507122,Lower middle income,Out-of-pocket health expenditure (% of current health expenditure)
Zambia,ZMB,2010,14.804829281658046,Lower middle income,Out-of-pocket health expenditure (% of current health expenditure)
Zambia,ZMB,2011,12.191556284056173,Lower middle income,Out-of-pocket health expenditure (% of current health expenditure)
Zambia,ZMB,2012,12.63157894736842,Lower middle income,Out-of-pocket health expenditure (% of current health expenditure)
Zambia,ZMB,2013,11.709144635503714,Lower middle income,Out-of-pocket health expenditure (% of current health expenditure)
Zambia,ZMB,2014,13.819740466015038,Lower middle income,Out-of-pocket health expenditure (% of current health expenditure)
Zambia,ZMB,2015,12.25534920754825,Lower middle income,Out-of-pocket health expenditure (% of current health expenditure)
Zambia,ZMB,2016,12.139536412433683,Lower middle income,Out-of-pocket health expenditure (% of current health expenditure)
Zambia,ZMB,2017,10.655810920974645,Lower middle income,Out-of-pocket health expenditure (% of current health expenditure)
Zambia,ZMB,2018,10.275902528734935,Lower middle income,Out-of-pocket health expenditure (% of current health expenditure)
Zambia,ZMB,2019,7.252382524739965,Lower middle income,Out-of-pocket health expenditure (% of current health expenditure)
Zambia,ZMB,2020,8.113663978868342,Lower middle income,Out-of-pocket health expenditure (% of current health expenditure)
Zambia,ZMB,2021,7.078294081900745,Lower middle income,Out-of-pocket health expenditure (% of current health expenditure)
Zambia,ZMB,2022,9.690764359711697,Lower middle income,Out-of-pocket health expenditure (% of current health expenditure)
Zimbabwe,ZWE,2010,34.431033345095116,Lower middle income,Out-of-pocket health expenditure (% of current health expenditure)
Zimbabwe,ZWE,2011,37.22082654693499,Lower middle income,Out-of-pocket health expenditure (% of current health expenditure)
Zimbabwe,ZWE,2012,34.968517776932636,Lower middle income,Out-of-pocket health expenditure (% of current health expenditure)
Zimbabwe,ZWE,2013,29.755965009402352,Lower middle income,Out-of-pocket health expenditure (% of current health expenditure)
Zimbabwe,ZWE,2014,24.83175430273199,Lower middle income,Out-of-pocket health expenditure (% of current health expenditure)
Zimbabwe,ZWE,2015,25.786417636768203,Lower middle income,Out-of-pocket health expenditure (% of current health expenditure)
Zimbabwe,ZWE,2016,23.955671901007385,Lower middle income,Out-of-pocket health expenditure (% of current health expenditure)
Zimbabwe,ZWE,2017,10.548448574164096,Lower middle income,Out-of-pocket health expenditure (% of current health expenditure)
Zimbabwe,ZWE,2018,8.796354486715051,Lower middle income,Out-of-pocket health expenditure (% of current health expenditure)
Zimbabwe,ZWE,2019,9.083371177227663,Lower middle income,Out-of-pocket health expenditure (% of current health expenditure)
Zimbabwe,ZWE,2020,10.40830674886456,Lower middle income,Out-of-pocket health expenditure (% of current health expenditure)
Zimbabwe,ZWE,2021,10.239922520361308,Lower middle income,Out-of-pocket health expenditure (% of current health expenditure)
Zimbabwe,ZWE,2022,8.157212102470636,Lower middle income,Out-of-pocket health expenditure (% of current health expenditure)
Antigua and Barbuda,ATG,2000,22.224281673718146,High income,Out-of-pocket health expenditure (% of current health expenditure)
Antigua and Barbuda,ATG,2001,22.74691393321505,High income,Out-of-pocket health expenditure (% of current health expenditure)
Antigua and Barbuda,ATG,2002,22.74011753905514,High income,Out-of-pocket health expenditure (% of current health expenditure)
Antigua and Barbuda,ATG,2003,23.217890472729422,High income,Out-of-pocket health expenditure (% of current health expenditure)
Antigua and Barbuda,ATG,2004,24.311445457674917,High income,Out-of-pocket health expenditure (% of current health expenditure)
Antigua and Barbuda,ATG,2005,27.074980263528147,High income,Out-of-pocket health expenditure (% of current health expenditure)
Antigua and Barbuda,ATG,2006,30.3164850126369,High income,Out-of-pocket health expenditure (% of current health expenditure)
Antigua and Barbuda,ATG,2007,32.52657219958199,High income,Out-of-pocket health expenditure (% of current health expenditure)
Antigua and Barbuda,ATG,2008,31.909146574253896,High income,Out-of-pocket health expenditure (% of current health expenditure)
Antigua and Barbuda,ATG,2009,25.277036976430285,High income,Out-of-pocket health expenditure (% of current health expenditure)
Antigua and Barbuda,ATG,2010,24.68379693161796,High income,Out-of-pocket health expenditure (% of current health expenditure)
Antigua and Barbuda,ATG,2011,25.77301373138132,High income,Out-of-pocket health expenditure (% of current health expenditure)
Antigua and Barbuda,ATG,2012,26.895582563773285,High income,Out-of-pocket health expenditure (% of current health expenditure)
Antigua and Barbuda,ATG,2013,26.763392421853545,High income,Out-of-pocket health expenditure (% of current health expenditure)
Antigua and Barbuda,ATG,2014,25.3436776964588,High income,Out-of-pocket health expenditure (% of current health expenditure)
Antigua and Barbuda,ATG,2015,23.53068907961713,High income,Out-of-pocket health expenditure (% of current health expenditure)
Antigua and Barbuda,ATG,2016,27.519596658961113,High income,Out-of-pocket health expenditure (% of current health expenditure)
Antigua and Barbuda,ATG,2017,26.568623824374715,High income,Out-of-pocket health expenditure (% of current health expenditure)
Antigua and Barbuda,ATG,2018,23.660211896904393,High income,Out-of-pocket health expenditure (% of current health expenditure)
Antigua and Barbuda,ATG,2019,24.265099962466515,High income,Out-of-pocket health expenditure (% of current health expenditure)
Antigua and Barbuda,ATG,2020,21.966229301662754,High income,Out-of-pocket health expenditure (% of current health expenditure)
Antigua and Barbuda,ATG,2021,21.552767941706932,High income,Out-of-pocket health expenditure (% of current health expenditure)
Antigua and Barbuda,ATG,2022,24.80779155134945,High income,Out-of-pocket health expenditure (% of current health expenditure)
Argentina,ARG,2000,29.10433138400904,Upper middle income,Out-of-pocket health expenditure (% of current health expenditure)
Argentina,ARG,2001,29.474399271962536,Upper middle income,Out-of-pocket health expenditure (% of current health expenditure)
Argentina,ARG,2002,29.993897452507255,Upper middle income,Out-of-pocket health expenditure (% of current health expenditure)
Argentina,ARG,2003,28.249893308866753,Upper middle income,Out-of-pocket health expenditure (% of current health expenditure)
Argentina,ARG,2004,27.629631228104515,Upper middle income,Out-of-pocket health expenditure (% of current health expenditure)
Argentina,ARG,2005,33.06813256366333,Upper middle income,Out-of-pocket health expenditure (% of current health expenditure)
Argentina,ARG,2006,32.41083902813439,Upper middle income,Out-of-pocket health expenditure (% of current health expenditure)
Argentina,ARG,2007,31.286299457839544,Upper middle income,Out-of-pocket health expenditure (% of current health expenditure)
Argentina,ARG,2008,30.261913259527564,Upper middle income,Out-of-pocket health expenditure (% of current health expenditure)
Argentina,ARG,2009,26.18709619845252,Upper middle income,Out-of-pocket health expenditure (% of current health expenditure)
Argentina,ARG,2010,26.780102107887885,Upper middle income,Out-of-pocket health expenditure (% of current health expenditure)
Argentina,ARG,2011,26.892960293766382,Upper middle income,Out-of-pocket health expenditure (% of current health expenditure)
Argentina,ARG,2012,26.08745920089841,Upper middle income,Out-of-pocket health expenditure (% of current health expenditure)
Argentina,ARG,2013,26.81741782493897,Upper middle income,Out-of-pocket health expenditure (% of current health expenditure)
Argentina,ARG,2014,27.042108051376697,Upper middle income,Out-of-pocket health expenditure (% of current health expenditure)
Argentina,ARG,2015,25.932373372013284,Upper middle income,Out-of-pocket health expenditure (% of current health expenditure)
Argentina,ARG,2016,27.007380963128732,Upper middle income,Out-of-pocket health expenditure (% of current health expenditure)
Argentina,ARG,2017,21.286579011242097,Upper middle income,Out-of-pocket health expenditure (% of current health expenditure)
Argentina,ARG,2018,25.132588711377707,Upper middle income,Out-of-pocket health expenditure (% of current health expenditure)
Argentina,ARG,2019,23.941499282525516,Upper middle income,Out-of-pocket health expenditure (% of current health expenditure)
Argentina,ARG,2020,21.75679061986634,Upper middle income,Out-of-pocket health expenditure (% of current health expenditure)
Argentina,ARG,2021,24.938634736984387,Upper middle income,Out-of-pocket health expenditure (% of current health expenditure)
Argentina,ARG,2022,26.401384125082995,Upper middle income,Out-of-pocket health expenditure (% of current health expenditure)
Bahamas,BHS,2000,27.227013259399342,High income,Out-of-pocket health expenditure (% of current health expenditure)
Bahamas,BHS,2001,28.231691279356625,High income,Out-of-pocket health expenditure (% of current health expenditure)
Bahamas,BHS,2002,28.80686110258432,High income,Out-of-pocket health expenditure (% of current health expenditure)
Bahamas,BHS,2003,28.641514460787093,High income,Out-of-pocket health expenditure (% of current health expenditure)
Bahamas,BHS,2004,29.60046512133158,High income,Out-of-pocket health expenditure (% of current health expenditure)
Bahamas,BHS,2005,30.36487378820097,High income,Out-of-pocket health expenditure (% of current health expenditure)
Bahamas,BHS,2006,29.360365657983618,High income,Out-of-pocket health expenditure (% of current health expenditure)
Bahamas,BHS,2007,28.730911497861168,High income,Out-of-pocket health expenditure (% of current health expenditure)
Bahamas,BHS,2008,27.807495919406534,High income,Out-of-pocket health expenditure (% of current health expenditure)
Bahamas,BHS,2009,27.01417129703522,High income,Out-of-pocket health expenditure (% of current health expenditure)
Bahamas,BHS,2010,27.59894618099355,High income,Out-of-pocket health expenditure (% of current health expenditure)
Bahamas,BHS,2011,27.964359425855957,High income,Out-of-pocket health expenditure (% of current health expenditure)
Bahamas,BHS,2012,28.746230013890013,High income,Out-of-pocket health expenditure (% of current health expenditure)
Bahamas,BHS,2013,27.931170061457628,High income,Out-of-pocket health expenditure (% of current health expenditure)
Bahamas,BHS,2014,28.322607507463573,High income,Out-of-pocket health expenditure (% of current health expenditure)
Bahamas,BHS,2015,30.39052101390128,High income,Out-of-pocket health expenditure (% of current health expenditure)
Bahamas,BHS,2016,28.007113781757123,High income,Out-of-pocket health expenditure (% of current health expenditure)
Bahamas,BHS,2017,24.332137567952103,High income,Out-of-pocket health expenditure (% of current health expenditure)
Bahamas,BHS,2018,27.678285437331695,High income,Out-of-pocket health expenditure (% of current health expenditure)
Bahamas,BHS,2019,26.728999876475363,High income,Out-of-pocket health expenditure (% of current health expenditure)
Bahamas,BHS,2020,22.409009285199257,High income,Out-of-pocket health expenditure (% of current health expenditure)
Bahamas,BHS,2021,25.512110736846857,High income,Out-of-pocket health expenditure (% of current health expenditure)
Bahamas,BHS,2022,24.246332715028423,High income,Out-of-pocket health expenditure (% of current health expenditure)
Barbados,BRB,2000,39.37475681207472,High income,Out-of-pocket health expenditure (% of current health expenditure)
Barbados,BRB,2001,38.05859524792896,High income,Out-of-pocket health expenditure (% of current health expenditure)
Barbados,BRB,2002,36.52173451767983,High income,Out-of-pocket health expenditure (% of current health expenditure)
Barbados,BRB,2003,35.88969021925144,High income,Out-of-pocket health expenditure (% of current health expenditure)
Barbados,BRB,2004,33.59903413959275,High income,Out-of-pocket health expenditure (% of current health expenditure)
Barbados,BRB,2005,35.04058545992046,High income,Out-of-pocket health expenditure (% of current health expenditure)
Barbados,BRB,2006,35.37914303855895,High income,Out-of-pocket health expenditure (% of current health expenditure)
Barbados,BRB,2007,36.837227066492304,High income,Out-of-pocket health expenditure (% of current health expenditure)
Barbados,BRB,2008,35.45105752038118,High income,Out-of-pocket health expenditure (% of current health expenditure)
Barbados,BRB,2009,36.33097693840642,High income,Out-of-pocket health expenditure (% of current health expenditure)
Barbados,BRB,2010,38.09718473129933,High income,Out-of-pocket health expenditure (% of current health expenditure)
Barbados,BRB,2011,42.20311598957745,High income,Out-of-pocket health expenditure (% of current health expenditure)
Barbados,BRB,2012,38.606985986195355,High income,Out-of-pocket health expenditure (% of current health expenditure)
Barbados,BRB,2013,40.41992536518014,High income,Out-of-pocket health expenditure (% of current health expenditure)
Barbados,BRB,2014,43.63391170084321,High income,Out-of-pocket health expenditure (% of current health expenditure)
Barbados,BRB,2015,44.414875743328416,High income,Out-of-pocket health expenditure (% of current health expenditure)
Barbados,BRB,2016,45.056506615336446,High income,Out-of-pocket health expenditure (% of current health expenditure)
Barbados,BRB,2017,45.55510783219499,High income,Out-of-pocket health expenditure (% of current health expenditure)
Barbados,BRB,2018,45.89333350123321,High income,Out-of-pocket health expenditure (% of current health expenditure)
Barbados,BRB,2019,46.69363851055895,High income,Out-of-pocket health expenditure (% of current health expenditure)
Barbados,BRB,2020,42.9311855137155,High income,Out-of-pocket health expenditure (% of current health expenditure)
Barbados,BRB,2021,38.77418222684677,High income,Out-of-pocket health expenditure (% of current health expenditure)
Barbados,BRB,2022,46.74364173830436,High income,Out-of-pocket health expenditure (% of current health expenditure)
Belize,BLZ,2000,38.140703266812125,Lower middle income,Out-of-pocket health expenditure (% of current health expenditure)
Belize,BLZ,2001,34.01008723555717,Lower middle income,Out-of-pocket health expenditure (% of current health expenditure)
Belize,BLZ,2002,33.93389367800913,Lower middle income,Out-of-pocket health expenditure (% of current health expenditure)
Belize,BLZ,2003,34.33569271313911,Lower middle income,Out-of-pocket health expenditure (% of current health expenditure)
Belize,BLZ,2004,34.26222177759063,Lower middle income,Out-of-pocket health expenditure (% of current health expenditure)
Belize,BLZ,2005,33.10662192251641,Lower middle income,Out-of-pocket health expenditure (% of current health expenditure)
Belize,BLZ,2006,30.15259122342223,Lower middle income,Out-of-pocket health expenditure (% of current health expenditure)
Belize,BLZ,2007,26.12111933285526,Lower middle income,Out-of-pocket health expenditure (% of current health expenditure)
Belize,BLZ,2008,24.229476862308097,Lower middle income,Out-of-pocket health expenditure (% of current health expenditure)
Belize,BLZ,2009,24.339587621139295,Lower middle income,Out-of-pocket health expenditure (% of current health expenditure)
Belize,BLZ,2010,24.62802151316958,Lower middle income,Out-of-pocket health expenditure (% of current health expenditure)
Belize,BLZ,2011,24.018062752753167,Lower middle income,Out-of-pocket health expenditure (% of current health expenditure)
Belize,BLZ,2012,25.152012484989495,Lower middle income,Out-of-pocket health expenditure (% of current health expenditure)
Belize,BLZ,2013,25.317710153875424,Lower middle income,Out-of-pocket health expenditure (% of current health expenditure)
Belize,BLZ,2014,22.725065824314207,Lower middle income,Out-of-pocket health expenditure (% of current health expenditure)
Belize,BLZ,2015,23.429601111552856,Lower middle income,Out-of-pocket health expenditure (% of current health expenditure)
Belize,BLZ,2016,22.720998634333274,Lower middle income,Out-of-pocket health expenditure (% of current health expenditure)
Belize,BLZ,2017,23.279732061162107,Lower middle income,Out-of-pocket health expenditure (% of current health expenditure)
Belize,BLZ,2018,23.10110864469828,Lower middle income,Out-of-pocket health expenditure (% of current health expenditure)
Belize,BLZ,2019,22.72479939285992,Lower middle income,Out-of-pocket health expenditure (% of current health expenditure)
Belize,BLZ,2020,20.864144966608084,Lower middle income,Out-of-pocket health expenditure (% of current health expenditure)
Belize,BLZ,2021,22.075921625620925,Lower middle income,Out-of-pocket health expenditure (% of current health expenditure)
Belize,BLZ,2022,26.606772797887174,Lower middle income,Out-of-pocket health expenditure (% of current health expenditure)
Bolivia (Plurinational State of),BOL,2000,33.50730144789696,Lower middle income,Out-of-pocket health expenditure (% of current health expenditure)
Bolivia (Plurinational State of),BOL,2001,33.053376253057586,Lower middle income,Out-of-pocket health expenditure (% of current health expenditure)
Bolivia (Plurinational State of),BOL,2002,33.9209355338018,Lower middle income,Out-of-pocket health expenditure (% of current health expenditure)
Bolivia (Plurinational State of),BOL,2003,32.028614275916475,Lower middle income,Out-of-pocket health expenditure (% of current health expenditure)
Bolivia (Plurinational State of),BOL,2004,32.59438957357912,Lower middle income,Out-of-pocket health expenditure (% of current health expenditure)
Bolivia (Plurinational State of),BOL,2005,32.00019160543809,Lower middle income,Out-of-pocket health expenditure (% of current health expenditure)
Bolivia (Plurinational State of),BOL,2006,32.26539419178459,Lower middle income,Out-of-pocket health expenditure (% of current health expenditure)
Bolivia (Plurinational State of),BOL,2007,30.761935664154585,Lower middle income,Out-of-pocket health expenditure (% of current health expenditure)
Bolivia (Plurinational State of),BOL,2008,30.368228555181872,Lower middle income,Out-of-pocket health expenditure (% of current health expenditure)
Bolivia (Plurinational State of),BOL,2009,30.099377161642423,Lower middle income,Out-of-pocket health expenditure (% of current health expenditure)
Bolivia (Plurinational State of),BOL,2010,33.27740047621396,Lower middle income,Out-of-pocket health expenditure (% of current health expenditure)
Bolivia (Plurinational State of),BOL,2011,32.50546534399738,Lower middle income,Out-of-pocket health expenditure (% of current health expenditure)
Bolivia (Plurinational State of),BOL,2012,34.35833720208486,Lower middle income,Out-of-pocket health expenditure (% of current health expenditure)
Bolivia (Plurinational State of),BOL,2013,34.00916571246426,Lower middle income,Out-of-pocket health expenditure (% of current health expenditure)
Bolivia (Plurinational State of),BOL,2014,30.90435947840525,Lower middle income,Out-of-pocket health expenditure (% of current health expenditure)
Bolivia (Plurinational State of),BOL,2015,27.326616838290928,Lower middle income,Out-of-pocket health expenditure (% of current health expenditure)
Bolivia (Plurinational State of),BOL,2016,28.021120467329258,Lower middle income,Out-of-pocket health expenditure (% of current health expenditure)
Bolivia (Plurinational State of),BOL,2017,25.0778473361134,Lower middle income,Out-of-pocket health expenditure (% of current health expenditure)
Bolivia (Plurinational State of),BOL,2018,22.1082710403068,Lower middle income,Out-of-pocket health expenditure (% of current health expenditure)
Bolivia (Plurinational State of),BOL,2019,23.991598512898033,Lower middle income,Out-of-pocket health expenditure (% of current health expenditure)
Bolivia (Plurinational State of),BOL,2020,20.898394661791173,Lower middle income,Out-of-pocket health expenditure (% of current health expenditure)
Bolivia (Plurinational State of),BOL,2021,22.737875172424236,Lower middle income,Out-of-pocket health expenditure (% of current health expenditure)
Bolivia (Plurinational State of),BOL,2022,21.876782059197875,Lower middle income,Out-of-pocket health expenditure (% of current health expenditure)
Brazil,BRA,2000,36.59222204778036,Upper middle income,Out-of-pocket health expenditure (% of current health expenditure)
Brazil,BRA,2001,37.807029370696974,Upper middle income,Out-of-pocket health expenditure (% of current health expenditure)
Brazil,BRA,2002,36.40619739237232,Upper middle income,Out-of-pocket health expenditure (% of current health expenditure)
Brazil,BRA,2003,35.47386036587309,Upper middle income,Out-of-pocket health expenditure (% of current health expenditure)
Brazil,BRA,2004,35.365836172623936,Upper middle income,Out-of-pocket health expenditure (% of current health expenditure)
Brazil,BRA,2005,35.87643982202794,Upper middle income,Out-of-pocket health expenditure (% of current health expenditure)
Brazil,BRA,2006,34.371265298352846,Upper middle income,Out-of-pocket health expenditure (% of current health expenditure)
Brazil,BRA,2007,33.09411880191454,Upper middle income,Out-of-pocket health expenditure (% of current health expenditure)
Brazil,BRA,2008,30.884091873880745,Upper middle income,Out-of-pocket health expenditure (% of current health expenditure)
Brazil,BRA,2009,31.21032041397957,Upper middle income,Out-of-pocket health expenditure (% of current health expenditure)
Brazil,BRA,2010,29.385204883120583,Upper middle income,Out-of-pocket health expenditure (% of current health expenditure)
Brazil,BRA,2011,29.29958543719799,Upper middle income,Out-of-pocket health expenditure (% of current health expenditure)
Brazil,BRA,2012,29.682030025128327,Upper middle income,Out-of-pocket health expenditure (% of current health expenditure)
Brazil,BRA,2013,28.17706839226678,Upper middle income,Out-of-pocket health expenditure (% of current health expenditure)
Brazil,BRA,2014,28.180246485890233,Upper middle income,Out-of-pocket health expenditure (% of current health expenditure)
Brazil,BRA,2015,24.707359557820563,Upper middle income,Out-of-pocket health expenditure (% of current health expenditure)
Brazil,BRA,2016,24.420572650064845,Upper middle income,Out-of-pocket health expenditure (% of current health expenditure)
Brazil,BRA,2017,24.46793460281472,Upper middle income,Out-of-pocket health expenditure (% of current health expenditure)
Brazil,BRA,2018,24.825294802083594,Upper middle income,Out-of-pocket health expenditure (% of current health expenditure)
Brazil,BRA,2019,24.87984711132035,Upper middle income,Out-of-pocket health expenditure (% of current health expenditure)
Brazil,BRA,2020,26.09086440333903,Upper middle income,Out-of-pocket health expenditure (% of current health expenditure)
Brazil,BRA,2021,25.267890156254637,Upper middle income,Out-of-pocket health expenditure (% of current health expenditure)
Brazil,BRA,2022,27.368376685919475,Upper middle income,Out-of-pocket health expenditure (% of current health expenditure)
Canada,CAN,2000,16.60520993887298,High income,Out-of-pocket health expenditure (% of current health expenditure)
Canada,CAN,2001,15.925995247673256,High income,Out-of-pocket health expenditure (% of current health expenditure)
Canada,CAN,2002,15.908339326215687,High income,Out-of-pocket health expenditure (% of current health expenditure)
Canada,CAN,2003,15.251480549582409,High income,Out-of-pocket health expenditure (% of current health expenditure)
Canada,CAN,2004,15.287869393351563,High income,Out-of-pocket health expenditure (% of current health expenditure)
Canada,CAN,2005,15.36829369750786,High income,Out-of-pocket health expenditure (% of current health expenditure)
Canada,CAN,2006,15.898451620281708,High income,Out-of-pocket health expenditure (% of current health expenditure)
Canada,CAN,2007,15.620433121955603,High income,Out-of-pocket health expenditure (% of current health expenditure)
Canada,CAN,2008,15.513780286798523,High income,Out-of-pocket health expenditure (% of current health expenditure)
Canada,CAN,2009,15.177615329645738,High income,Out-of-pocket health expenditure (% of current health expenditure)
Canada,CAN,2010,15.610180522453168,High income,Out-of-pocket health expenditure (% of current health expenditure)
Canada,CAN,2011,15.15951057968172,High income,Out-of-pocket health expenditure (% of current health expenditure)
Canada,CAN,2012,14.986918490829693,High income,Out-of-pocket health expenditure (% of current health expenditure)
Canada,CAN,2013,14.557318945181011,High income,Out-of-pocket health expenditure (% of current health expenditure)
Canada,CAN,2014,14.707509293344224,High income,Out-of-pocket health expenditure (% of current health expenditure)
Canada,CAN,2015,14.696448673466506,High income,Out-of-pocket health expenditure (% of current health expenditure)
Canada,CAN,2016,15.600971844476527,High income,Out-of-pocket health expenditure (% of current health expenditure)
Canada,CAN,2017,15.815317854464952,High income,Out-of-pocket health expenditure (% of current health expenditure)
Canada,CAN,2018,15.543315174156897,High income,Out-of-pocket health expenditure (% of current health expenditure)
Canada,CAN,2019,15.468675207685296,High income,Out-of-pocket health expenditure (% of current health expenditure)
Canada,CAN,2020,13.710943411228117,High income,Out-of-pocket health expenditure (% of current health expenditure)
Canada,CAN,2021,13.944830605480297,High income,Out-of-pocket health expenditure (% of current health expenditure)
Canada,CAN,2022,14.853102134500352,High income,Out-of-pocket health expenditure (% of current health expenditure)
Chile,CHL,2000,42.81496592731152,High income,Out-of-pocket health expenditure (% of current health expenditure)
Chile,CHL,2001,42.61517495135746,High income,Out-of-pocket health expenditure (% of current health expenditure)
Chile,CHL,2002,42.48400515808767,High income,Out-of-pocket health expenditure (% of current health expenditure)
Chile,CHL,2003,42.76384683586107,High income,Out-of-pocket health expenditure (% of current health expenditure)
Chile,CHL,2004,41.844120269782586,High income,Out-of-pocket health expenditure (% of current health expenditure)
Chile,CHL,2005,42.4708678324825,High income,Out-of-pocket health expenditure (% of current health expenditure)
Chile,CHL,2006,40.74997938198889,High income,Out-of-pocket health expenditure (% of current health expenditure)
Chile,CHL,2007,39.18727193194301,High income,Out-of-pocket health expenditure (% of current health expenditure)
Chile,CHL,2008,37.43042761354622,High income,Out-of-pocket health expenditure (% of current health expenditure)
Chile,CHL,2009,34.588937677127205,High income,Out-of-pocket health expenditure (% of current health expenditure)
Chile,CHL,2010,34.46762956704947,High income,Out-of-pocket health expenditure (% of current health expenditure)
Chile,CHL,2011,34.49926064765149,High income,Out-of-pocket health expenditure (% of current health expenditure)
Chile,CHL,2012,33.40764309061883,High income,Out-of-pocket health expenditure (% of current health expenditure)
Chile,CHL,2013,33.638309018016436,High income,Out-of-pocket health expenditure (% of current health expenditure)
Chile,CHL,2014,34.268729992344554,High income,Out-of-pocket health expenditure (% of current health expenditure)
Chile,CHL,2015,34.50925622437433,High income,Out-of-pocket health expenditure (% of current health expenditure)
Chile,CHL,2016,34.75082924759101,High income,Out-of-pocket health expenditure (% of current health expenditure)
Chile,CHL,2017,33.30509585276548,High income,Out-of-pocket health expenditure (% of current health expenditure)
Chile,CHL,2018,32.69705945528565,High income,Out-of-pocket health expenditure (% of current health expenditure)
Chile,CHL,2019,32.3417060868721,High income,Out-of-pocket health expenditure (% of current health expenditure)
Chile,CHL,2020,29.042451338164344,High income,Out-of-pocket health expenditure (% of current health expenditure)
Chile,CHL,2021,32.634521234146305,High income,Out-of-pocket health expenditure (% of current health expenditure)
Chile,CHL,2022,35.46334856050968,High income,Out-of-pocket health expenditure (% of current health expenditure)
Colombia,COL,2000,13.691032733345624,Upper middle income,Out-of-pocket health expenditure (% of current health expenditure)
Colombia,COL,2001,13.398137321228155,Upper middle income,Out-of-pocket health expenditure (% of current health expenditure)
Colombia,COL,2002,11.489590010987472,Upper middle income,Out-of-pocket health expenditure (% of current health expenditure)
Colombia,COL,2003,8.603987512393338,Upper middle income,Out-of-pocket health expenditure (% of current health expenditure)
Colombia,COL,2004,13.758600635865578,Upper middle income,Out-of-pocket health expenditure (% of current health expenditure)
Colombia,COL,2005,16.407938920077402,Upper middle income,Out-of-pocket health expenditure (% of current health expenditure)
Colombia,COL,2006,17.93350603342115,Upper middle income,Out-of-pocket health expenditure (% of current health expenditure)
Colombia,COL,2007,19.24854310363449,Upper middle income,Out-of-pocket health expenditure (% of current health expenditure)
Colombia,COL,2008,20.852751694658732,Upper middle income,Out-of-pocket health expenditure (% of current health expenditure)
Colombia,COL,2009,18.01454958468597,Upper middle income,Out-of-pocket health expenditure (% of current health expenditure)
Colombia,COL,2010,17.00355493721426,Upper middle income,Out-of-pocket health expenditure (% of current health expenditure)
Colombia,COL,2011,15.315756149529555,Upper middle income,Out-of-pocket health expenditure (% of current health expenditure)
Colombia,COL,2012,17.858501841659503,Upper middle income,Out-of-pocket health expenditure (% of current health expenditure)
Colombia,COL,2013,17.152899445062516,Upper middle income,Out-of-pocket health expenditure (% of current health expenditure)
Colombia,COL,2014,16.277009351001503,Upper middle income,Out-of-pocket health expenditure (% of current health expenditure)
Colombia,COL,2015,15.4010501506676,Upper middle income,Out-of-pocket health expenditure (% of current health expenditure)
Colombia,COL,2016,15.612210586475175,Upper middle income,Out-of-pocket health expenditure (% of current health expenditure)
Colombia,COL,2017,15.363010077636606,Upper middle income,Out-of-pocket health expenditure (% of current health expenditure)
Colombia,COL,2018,15.130747351608688,Upper middle income,Out-of-pocket health expenditure (% of current health expenditure)
Colombia,COL,2019,14.737660872921412,Upper middle income,Out-of-pocket health expenditure (% of current health expenditure)
Colombia,COL,2020,14.5062838292931,Upper middle income,Out-of-pocket health expenditure (% of current health expenditure)
Colombia,COL,2021,13.669644895168222,Upper middle income,Out-of-pocket health expenditure (% of current health expenditure)
Colombia,COL,2022,14.36474843522959,Upper middle income,Out-of-pocket health expenditure (% of current health expenditure)
Costa Rica,CRI,2000,31.574872034972675,Upper middle income,Out-of-pocket health expenditure (% of current health expenditure)
Costa Rica,CRI,2001,31.632865958211404,Upper middle income,Out-of-pocket health expenditure (% of current health expenditure)
Costa Rica,CRI,2002,30.690622881578065,Upper middle income,Out-of-pocket health expenditure (% of current health expenditure)
Costa Rica,CRI,2003,30.765012736235523,Upper middle income,Out-of-pocket health expenditure (% of current health expenditure)
Costa Rica,CRI,2004,32.059813877805226,Upper middle income,Out-of-pocket health expenditure (% of current health expenditure)
Costa Rica,CRI,2005,32.77381797731839,Upper middle income,Out-of-pocket health expenditure (% of current health expenditure)
Costa Rica,CRI,2006,31.07695627750247,Upper middle income,Out-of-pocket health expenditure (% of current health expenditure)
Costa Rica,CRI,2007,30.91247104581057,Upper middle income,Out-of-pocket health expenditure (% of current health expenditure)
Costa Rica,CRI,2008,29.510948187950056,Upper middle income,Out-of-pocket health expenditure (% of current health expenditure)
Costa Rica,CRI,2009,26.402250183336232,Upper middle income,Out-of-pocket health expenditure (% of current health expenditure)
Costa Rica,CRI,2010,25.38431420291314,Upper middle income,Out-of-pocket health expenditure (% of current health expenditure)
Costa Rica,CRI,2011,25.78322983938812,Upper middle income,Out-of-pocket health expenditure (% of current health expenditure)
Costa Rica,CRI,2012,24.50274989469803,Upper middle income,Out-of-pocket health expenditure (% of current health expenditure)
Costa Rica,CRI,2013,23.225666092887035,Upper middle income,Out-of-pocket health expenditure (% of current health expenditure)
Costa Rica,CRI,2014,24.413306050563687,Upper middle income,Out-of-pocket health expenditure (% of current health expenditure)
Costa Rica,CRI,2015,22.599232293486423,Upper middle income,Out-of-pocket health expenditure (% of current health expenditure)
Costa Rica,CRI,2016,22.202952823241095,Upper middle income,Out-of-pocket health expenditure (% of current health expenditure)
Costa Rica,CRI,2017,21.25538982922749,Upper middle income,Out-of-pocket health expenditure (% of current health expenditure)
Costa Rica,CRI,2018,22.416425241598763,Upper middle income,Out-of-pocket health expenditure (% of current health expenditure)
Costa Rica,CRI,2019,22.324563959712584,Upper middle income,Out-of-pocket health expenditure (% of current health expenditure)
Costa Rica,CRI,2020,20.286762136077957,Upper middle income,Out-of-pocket health expenditure (% of current health expenditure)
Costa Rica,CRI,2021,20.517045281126126,Upper middle income,Out-of-pocket health expenditure (% of current health expenditure)
Costa Rica,CRI,2022,22.435043742196896,Upper middle income,Out-of-pocket health expenditure (% of current health expenditure)
Cuba,CUB,2000,16.229380772961093,Upper middle income,Out-of-pocket health expenditure (% of current health expenditure)
Cuba,CUB,2001,18.70623874538349,Upper middle income,Out-of-pocket health expenditure (% of current health expenditure)
Cuba,CUB,2002,19.377361004184205,Upper middle income,Out-of-pocket health expenditure (% of current health expenditure)
Cuba,CUB,2003,20.325124104725436,Upper middle income,Out-of-pocket health expenditure (% of current health expenditure)
Cuba,CUB,2004,19.59809391497561,Upper middle income,Out-of-pocket health expenditure (% of current health expenditure)
Cuba,CUB,2005,14.843676134054524,Upper middle income,Out-of-pocket health expenditure (% of current health expenditure)
Cuba,CUB,2006,14.263662050232549,Upper middle income,Out-of-pocket health expenditure (% of current health expenditure)
Cuba,CUB,2007,9.783149610540928,Upper middle income,Out-of-pocket health expenditure (% of current health expenditure)
Cuba,CUB,2008,8.837513084182095,Upper middle income,Out-of-pocket health expenditure (% of current health expenditure)
Cuba,CUB,2009,8.099641660732042,Upper middle income,Out-of-pocket health expenditure (% of current health expenditure)
Cuba,CUB,2010,9.18197106649564,Upper middle income,Out-of-pocket health expenditure (% of current health expenditure)
Cuba,CUB,2011,10.81638001551382,Upper middle income,Out-of-pocket health expenditure (% of current health expenditure)
Cuba,CUB,2012,13.1309727512896,Upper middle income,Out-of-pocket health expenditure (% of current health expenditure)
Cuba,CUB,2013,12.271190257905454,Upper middle income,Out-of-pocket health expenditure (% of current health expenditure)
Cuba,CUB,2014,9.638877405077777,Upper middle income,Out-of-pocket health expenditure (% of current health expenditure)
Cuba,CUB,2015,9.621831024522582,Upper middle income,Out-of-pocket health expenditure (% of current health expenditure)
Cuba,CUB,2016,10.285434581292078,Upper middle income,Out-of-pocket health expenditure (% of current health expenditure)
Cuba,CUB,2017,10.7013754275897,Upper middle income,Out-of-pocket health expenditure (% of current health expenditure)
Cuba,CUB,2018,11.173865295849115,Upper middle income,Out-of-pocket health expenditure (% of current health expenditure)
Cuba,CUB,2019,10.850162170970515,Upper middle income,Out-of-pocket health expenditure (% of current health expenditure)
Cuba,CUB,2020,8.920009701711804,Upper middle income,Out-of-pocket health expenditure (% of current health expenditure)
Cuba,CUB,2021,8.393724178344826,Upper middle income,Out-of-pocket health expenditure (% of current health expenditure)
Cuba,CUB,2022,11.134319612664724,Upper middle income,Out-of-pocket health expenditure (% of current health expenditure)
Dominica,DMA,2000,33.024653809223665,Upper middle income,Out-of-pocket health expenditure (% of current health expenditure)
Dominica,DMA,2001,41.144572185591294,Upper middle income,Out-of-pocket health expenditure (% of current health expenditure)
Dominica,DMA,2002,41.70457088586013,Upper middle income,Out-of-pocket health expenditure (% of current health expenditure)
Dominica,DMA,2003,40.0802549842442,Upper middle income,Out-of-pocket health expenditure (% of current health expenditure)
Dominica,DMA,2004,40.67153914213433,Upper middle income,Out-of-pocket health expenditure (% of current health expenditure)
Dominica,DMA,2005,40.024544597046955,Upper middle income,Out-of-pocket health expenditure (% of current health expenditure)
Dominica,DMA,2006,39.9284252546719,Upper middle income,Out-of-pocket health expenditure (% of current health expenditure)
Dominica,DMA,2007,42.96026954275483,Upper middle income,Out-of-pocket health expenditure (% of current health expenditure)
Dominica,DMA,2008,44.350279095347325,Upper middle income,Out-of-pocket health expenditure (% of current health expenditure)
Dominica,DMA,2009,42.24050262654979,Upper middle income,Out-of-pocket health expenditure (% of current health expenditure)
Dominica,DMA,2010,38.800867612685686,Upper middle income,Out-of-pocket health expenditure (% of current health expenditure)
Dominica,DMA,2011,36.784128649152464,Upper middle income,Out-of-pocket health expenditure (% of current health expenditure)
Dominica,DMA,2012,35.47105777575201,Upper middle income,Out-of-pocket health expenditure (% of current health expenditure)
Dominica,DMA,2013,35.36190580114404,Upper middle income,Out-of-pocket health expenditure (% of current health expenditure)
Dominica,DMA,2014,35.74480250350079,Upper middle income,Out-of-pocket health expenditure (% of current health expenditure)
Dominica,DMA,2015,34.05468816684846,Upper middle income,Out-of-pocket health expenditure (% of current health expenditure)
Dominica,DMA,2016,32.225540942188616,Upper middle income,Out-of-pocket health expenditure (% of current health expenditure)
Dominica,DMA,2017,28.557793639553267,Upper middle income,Out-of-pocket health expenditure (% of current health expenditure)
Dominica,DMA,2018,30.91319270584154,Upper middle income,Out-of-pocket health expenditure (% of current health expenditure)
Dominica,DMA,2019,33.85964321183426,Upper middle income,Out-of-pocket health expenditure (% of current health expenditure)
Dominica,DMA,2020,29.657751858119855,Upper middle income,Out-of-pocket health expenditure (% of current health expenditure)
Dominica,DMA,2021,24.050939454920925,Upper middle income,Out-of-pocket health expenditure (% of current health expenditure)
Dominica,DMA,2022,27.46514639479552,Upper middle income,Out-of-pocket health expenditure (% of current health expenditure)
Dominican Republic,DOM,2000,55.32014575741801,Upper middle income,Out-of-pocket health expenditure (% of current health expenditure)
Dominican Republic,DOM,2001,54.503619193710755,Upper middle income,Out-of-pocket health expenditure (% of current health expenditure)
Dominican Republic,DOM,2002,53.45066577057168,Upper middle income,Out-of-pocket health expenditure (% of current health expenditure)
Dominican Republic,DOM,2003,61.65138279749176,Upper middle income,Out-of-pocket health expenditure (% of current health expenditure)
Dominican Republic,DOM,2004,62.253121236370376,Upper middle income,Out-of-pocket health expenditure (% of current health expenditure)
Dominican Republic,DOM,2005,53.876555096154775,Upper middle income,Out-of-pocket health expenditure (% of current health expenditure)
Dominican Republic,DOM,2006,54.748326498662166,Upper middle income,Out-of-pocket health expenditure (% of current health expenditure)
Dominican Republic,DOM,2007,46.18055586116752,Upper middle income,Out-of-pocket health expenditure (% of current health expenditure)
Dominican Republic,DOM,2008,41.578608766088095,Upper middle income,Out-of-pocket health expenditure (% of current health expenditure)
Dominican Republic,DOM,2009,38.93568588994217,Upper middle income,Out-of-pocket health expenditure (% of current health expenditure)
Dominican Republic,DOM,2010,36.44626948087784,Upper middle income,Out-of-pocket health expenditure (% of current health expenditure)
Dominican Republic,DOM,2011,35.27977963834946,Upper middle income,Out-of-pocket health expenditure (% of current health expenditure)
Dominican Republic,DOM,2012,33.398140046313706,Upper middle income,Out-of-pocket health expenditure (% of current health expenditure)
Dominican Republic,DOM,2013,32.20879362984332,Upper middle income,Out-of-pocket health expenditure (% of current health expenditure)
Dominican Republic,DOM,2014,31.053650011513355,Upper middle income,Out-of-pocket health expenditure (% of current health expenditure)
Dominican Republic,DOM,2015,29.993028615882277,Upper middle income,Out-of-pocket health expenditure (% of current health expenditure)
Dominican Republic,DOM,2016,29.477975834284138,Upper middle income,Out-of-pocket health expenditure (% of current health expenditure)
Dominican Republic,DOM,2017,28.292405290742348,Upper middle income,Out-of-pocket health expenditure (% of current health expenditure)
Dominican Republic,DOM,2018,28.9206423672893,Upper middle income,Out-of-pocket health expenditure (% of current health expenditure)
Dominican Republic,DOM,2019,27.941084779200683,Upper middle income,Out-of-pocket health expenditure (% of current health expenditure)
Dominican Republic,DOM,2020,24.65030407388546,Upper middle income,Out-of-pocket health expenditure (% of current health expenditure)
Dominican Republic,DOM,2021,23.59317781360919,Upper middle income,Out-of-pocket health expenditure (% of current health expenditure)
Dominican Republic,DOM,2022,27.573881637491063,Upper middle income,Out-of-pocket health expenditure (% of current health expenditure)
Ecuador,ECU,2000,63.55143599840471,Upper middle income,Out-of-pocket health expenditure (% of current health expenditure)
Ecuador,ECU,2001,60.953686541535355,Upper middle income,Out-of-pocket health expenditure (% of current health expenditure)
Ecuador,ECU,2002,62.61038025044044,Upper middle income,Out-of-pocket health expenditure (% of current health expenditure)
Ecuador,ECU,2003,62.02628611366311,Upper middle income,Out-of-pocket health expenditure (% of current health expenditure)
Ecuador,ECU,2004,60.84589883488648,Upper middle income,Out-of-pocket health expenditure (% of current health expenditure)
Ecuador,ECU,2005,62.79947951916028,Upper middle income,Out-of-pocket health expenditure (% of current health expenditure)
Ecuador,ECU,2006,60.92105766888163,Upper middle income,Out-of-pocket health expenditure (% of current health expenditure)
Ecuador,ECU,2007,54.745162931044135,Upper middle income,Out-of-pocket health expenditure (% of current health expenditure)
Ecuador,ECU,2008,54.179485311062805,Upper middle income,Out-of-pocket health expenditure (% of current health expenditure)
Ecuador,ECU,2009,51.547311781400374,Upper middle income,Out-of-pocket health expenditure (% of current health expenditure)
Ecuador,ECU,2010,46.95374388560235,Upper middle income,Out-of-pocket health expenditure (% of current health expenditure)
Ecuador,ECU,2011,46.08555829522837,Upper middle income,Out-of-pocket health expenditure (% of current health expenditure)
Ecuador,ECU,2012,42.85883301535161,Upper middle income,Out-of-pocket health expenditure (% of current health expenditure)
Ecuador,ECU,2013,37.87577014663262,Upper middle income,Out-of-pocket health expenditure (% of current health expenditure)
Ecuador,ECU,2014,32.925232653790644,Upper middle income,Out-of-pocket health expenditure (% of current health expenditure)
Ecuador,ECU,2015,35.87823926383537,Upper middle income,Out-of-pocket health expenditure (% of current health expenditure)
Ecuador,ECU,2016,32.70997319551408,Upper middle income,Out-of-pocket health expenditure (% of current health expenditure)
Ecuador,ECU,2017,32.47928755920385,Upper middle income,Out-of-pocket health expenditure (% of current health expenditure)
Ecuador,ECU,2018,30.31152878162337,Upper middle income,Out-of-pocket health expenditure (% of current health expenditure)
Ecuador,ECU,2019,30.936163587220857,Upper middle income,Out-of-pocket health expenditure (% of current health expenditure)
Ecuador,ECU,2020,31.72368365248002,Upper middle income,Out-of-pocket health expenditure (% of current health expenditure)
Ecuador,ECU,2021,30.703710223382863,Upper middle income,Out-of-pocket health expenditure (% of current health expenditure)
Ecuador,ECU,2022,32.47223953223575,Upper middle income,Out-of-pocket health expenditure (% of current health expenditure)
El Salvador,SLV,2000,45.35605617671861,Lower middle income,Out-of-pocket health expenditure (% of current health expenditure)
El Salvador,SLV,2001,45.136608713911095,Lower middle income,Out-of-pocket health expenditure (% of current health expenditure)
El Salvador,SLV,2002,44.8528562779288,Lower middle income,Out-of-pocket health expenditure (% of current health expenditure)
El Salvador,SLV,2003,45.69374900172393,Lower middle income,Out-of-pocket health expenditure (% of current health expenditure)
El Salvador,SLV,2004,44.66817772905917,Lower middle income,Out-of-pocket health expenditure (% of current health expenditure)
El Salvador,SLV,2005,44.0260229841279,Lower middle income,Out-of-pocket health expenditure (% of current health expenditure)
El Salvador,SLV,2006,38.751213905281304,Lower middle income,Out-of-pocket health expenditure (% of current health expenditure)
El Salvador,SLV,2007,41.639368332647805,Lower middle income,Out-of-pocket health expenditure (% of current health expenditure)
El Salvador,SLV,2008,42.00724075457469,Lower middle income,Out-of-pocket health expenditure (% of current health expenditure)
El Salvador,SLV,2009,38.43320869149174,Lower middle income,Out-of-pocket health expenditure (% of current health expenditure)
El Salvador,SLV,2010,37.80865555248779,Lower middle income,Out-of-pocket health expenditure (% of current health expenditure)
El Salvador,SLV,2011,38.14563920709295,Lower middle income,Out-of-pocket health expenditure (% of current health expenditure)
El Salvador,SLV,2012,39.04266296619402,Lower middle income,Out-of-pocket health expenditure (% of current health expenditure)
El Salvador,SLV,2013,37.39609880214846,Lower middle income,Out-of-pocket health expenditure (% of current health expenditure)
El Salvador,SLV,2014,36.57447458926522,Lower middle income,Out-of-pocket health expenditure (% of current health expenditure)
El Salvador,SLV,2015,35.22028324027556,Lower middle income,Out-of-pocket health expenditure (% of current health expenditure)
El Salvador,SLV,2016,34.53825692098655,Lower middle income,Out-of-pocket health expenditure (% of current health expenditure)
El Salvador,SLV,2017,37.28125039418029,Lower middle income,Out-of-pocket health expenditure (% of current health expenditure)
El Salvador,SLV,2018,37.49291428659292,Lower middle income,Out-of-pocket health expenditure (% of current health expenditure)
El Salvador,SLV,2019,37.67107033727668,Lower middle income,Out-of-pocket health expenditure (% of current health expenditure)
El Salvador,SLV,2020,27.421277528347776,Lower middle income,Out-of-pocket health expenditure (% of current health expenditure)
El Salvador,SLV,2021,30.508662956849893,Lower middle income,Out-of-pocket health expenditure (% of current health expenditure)
El Salvador,SLV,2022,31.608972351637632,Lower middle income,Out-of-pocket health expenditure (% of current health expenditure)
Grenada,GRD,2000,59.30252806060548,Upper middle income,Out-of-pocket health expenditure (% of current health expenditure)
Grenada,GRD,2001,56.1162707049977,Upper middle income,Out-of-pocket health expenditure (% of current health expenditure)
Grenada,GRD,2002,50.98685192913469,Upper middle income,Out-of-pocket health expenditure (% of current health expenditure)
Grenada,GRD,2003,53.7071430540809,Upper middle income,Out-of-pocket health expenditure (% of current health expenditure)
Grenada,GRD,2004,47.22589457529567,Upper middle income,Out-of-pocket health expenditure (% of current health expenditure)
Grenada,GRD,2005,48.58168016538731,Upper middle income,Out-of-pocket health expenditure (% of current health expenditure)
Grenada,GRD,2006,52.81490414663891,Upper middle income,Out-of-pocket health expenditure (% of current health expenditure)
Grenada,GRD,2007,55.36963179590381,Upper middle income,Out-of-pocket health expenditure (% of current health expenditure)
Grenada,GRD,2008,55.20097604203073,Upper middle income,Out-of-pocket health expenditure (% of current health expenditure)
Grenada,GRD,2009,54.57839739742733,Upper middle income,Out-of-pocket health expenditure (% of current health expenditure)
Grenada,GRD,2010,56.57120657137776,Upper middle income,Out-of-pocket health expenditure (% of current health expenditure)
Grenada,GRD,2011,54.27904785588237,Upper middle income,Out-of-pocket health expenditure (% of current health expenditure)
Grenada,GRD,2012,54.76435029860047,Upper middle income,Out-of-pocket health expenditure (% of current health expenditure)
Grenada,GRD,2013,55.12481983846627,Upper middle income,Out-of-pocket health expenditure (% of current health expenditure)
Grenada,GRD,2014,51.8914480102756,Upper middle income,Out-of-pocket health expenditure (% of current health expenditure)
Grenada,GRD,2015,53.97851889298333,Upper middle income,Out-of-pocket health expenditure (% of current health expenditure)
Grenada,GRD,2016,55.74351751316988,Upper middle income,Out-of-pocket health expenditure (% of current health expenditure)
Grenada,GRD,2017,55.11002913615925,Upper middle income,Out-of-pocket health expenditure (% of current health expenditure)
Grenada,GRD,2018,54.91055090281495,Upper middle income,Out-of-pocket health expenditure (% of current health expenditure)
Grenada,GRD,2019,54.42095676894138,Upper middle income,Out-of-pocket health expenditure (% of current health expenditure)
Grenada,GRD,2020,52.3327230729065,Upper middle income,Out-of-pocket health expenditure (% of current health expenditure)
Grenada,GRD,2021,52.004423517908315,Upper middle income,Out-of-pocket health expenditure (% of current health expenditure)
Grenada,GRD,2022,53.71971834568778,Upper middle income,Out-of-pocket health expenditure (% of current health expenditure)
Guatemala,GTM,2000,58.98999254321926,Upper middle income,Out-of-pocket health expenditure (% of current health expenditure)
Guatemala,GTM,2001,62.31534361432703,Upper middle income,Out-of-pocket health expenditure (% of current health expenditure)
Guatemala,GTM,2002,62.11329845587168,Upper middle income,Out-of-pocket health expenditure (% of current health expenditure)
Guatemala,GTM,2003,61.62329598293106,Upper middle income,Out-of-pocket health expenditure (% of current health expenditure)
Guatemala,GTM,2004,60.035316963170274,Upper middle income,Out-of-pocket health expenditure (% of current health expenditure)
Guatemala,GTM,2005,62.47688222095981,Upper middle income,Out-of-pocket health expenditure (% of current health expenditure)
Guatemala,GTM,2006,61.51553356676622,Upper middle income,Out-of-pocket health expenditure (% of current health expenditure)
Guatemala,GTM,2007,61.62370803638187,Upper middle income,Out-of-pocket health expenditure (% of current health expenditure)
Guatemala,GTM,2008,59.04833763420502,Upper middle income,Out-of-pocket health expenditure (% of current health expenditure)
Guatemala,GTM,2009,56.92319970771896,Upper middle income,Out-of-pocket health expenditure (% of current health expenditure)
Guatemala,GTM,2010,58.94914179960833,Upper middle income,Out-of-pocket health expenditure (% of current health expenditure)
Guatemala,GTM,2011,58.87920005548013,Upper middle income,Out-of-pocket health expenditure (% of current health expenditure)
Guatemala,GTM,2012,58.31992203357403,Upper middle income,Out-of-pocket health expenditure (% of current health expenditure)
Guatemala,GTM,2013,54.619481386738215,Upper middle income,Out-of-pocket health expenditure (% of current health expenditure)
Guatemala,GTM,2014,55.555481030016146,Upper middle income,Out-of-pocket health expenditure (% of current health expenditure)
Guatemala,GTM,2015,55.722787912842485,Upper middle income,Out-of-pocket health expenditure (% of current health expenditure)
Guatemala,GTM,2016,56.06058923414885,Upper middle income,Out-of-pocket health expenditure (% of current health expenditure)
Guatemala,GTM,2017,54.13410872703813,Upper middle income,Out-of-pocket health expenditure (% of current health expenditure)
Guatemala,GTM,2018,57.50035753561404,Upper middle income,Out-of-pocket health expenditure (% of current health expenditure)
Guatemala,GTM,2019,55.989178788268376,Upper middle income,Out-of-pocket health expenditure (% of current health expenditure)
Guatemala,GTM,2020,56.291588711555605,Upper middle income,Out-of-pocket health expenditure (% of current health expenditure)
Guatemala,GTM,2021,60.97982479642097,Upper middle income,Out-of-pocket health expenditure (% of current health expenditure)
Guatemala,GTM,2022,58.38369608449634,Upper middle income,Out-of-pocket health expenditure (% of current health expenditure)
Guyana,GUY,2000,40.249782241296906,Upper middle income,Out-of-pocket health expenditure (% of current health expenditure)
Guyana,GUY,2001,42.25862642311062,Upper middle income,Out-of-pocket health expenditure (% of current health expenditure)
Guyana,GUY,2002,40.30483890634118,Upper middle income,Out-of-pocket health expenditure (% of current health expenditure)
Guyana,GUY,2003,38.461013695315394,Upper middle income,Out-of-pocket health expenditure (% of current health expenditure)
Guyana,GUY,2004,37.14529719183978,Upper middle income,Out-of-pocket health expenditure (% of current health expenditure)
Guyana,GUY,2005,35.11705979696212,Upper middle income,Out-of-pocket health expenditure (% of current health expenditure)
Guyana,GUY,2006,35.291481256097704,Upper middle income,Out-of-pocket health expenditure (% of current health expenditure)
Guyana,GUY,2007,32.98963201013622,Upper middle income,Out-of-pocket health expenditure (% of current health expenditure)
Guyana,GUY,2008,35.32624984840639,Upper middle income,Out-of-pocket health expenditure (% of current health expenditure)
Guyana,GUY,2009,32.84931787998156,Upper middle income,Out-of-pocket health expenditure (% of current health expenditure)
Guyana,GUY,2010,34.746870414872085,Upper middle income,Out-of-pocket health expenditure (% of current health expenditure)
Guyana,GUY,2011,34.81385701386801,Upper middle income,Out-of-pocket health expenditure (% of current health expenditure)
Guyana,GUY,2012,38.8962794073002,Upper middle income,Out-of-pocket health expenditure (% of current health expenditure)
Guyana,GUY,2013,37.95722098425129,Upper middle income,Out-of-pocket health expenditure (% of current health expenditure)
Guyana,GUY,2014,35.95364046429681,Upper middle income,Out-of-pocket health expenditure (% of current health expenditure)
Guyana,GUY,2015,33.7147242890202,Upper middle income,Out-of-pocket health expenditure (% of current health expenditure)
Guyana,GUY,2016,29.93546645277535,Upper middle income,Out-of-pocket health expenditure (% of current health expenditure)
Guyana,GUY,2017,28.84054828096731,Upper middle income,Out-of-pocket health expenditure (% of current health expenditure)
Guyana,GUY,2018,33.730397562963226,Upper middle income,Out-of-pocket health expenditure (% of current health expenditure)
Guyana,GUY,2019,35.02374497310836,Upper middle income,Out-of-pocket health expenditure (% of current health expenditure)
Guyana,GUY,2020,23.08770724808128,Upper middle income,Out-of-pocket health expenditure (% of current health expenditure)
Guyana,GUY,2021,28.238259199086112,Upper middle income,Out-of-pocket health expenditure (% of current health expenditure)
Guyana,GUY,2022,23.06054184495183,Upper middle income,Out-of-pocket health expenditure (% of current health expenditure)
Haiti,HTI,2000,44.373437280913286,Lower middle income,Out-of-pocket health expenditure (% of current health expenditure)
Haiti,HTI,2001,45.20530131356075,Lower middle income,Out-of-pocket health expenditure (% of current health expenditure)
Haiti,HTI,2002,48.17780071139779,Lower middle income,Out-of-pocket health expenditure (% of current health expenditure)
Haiti,HTI,2003,48.05616260473076,Lower middle income,Out-of-pocket health expenditure (% of current health expenditure)
Haiti,HTI,2004,46.486258554824566,Lower middle income,Out-of-pocket health expenditure (% of current health expenditure)
Haiti,HTI,2005,46.01601995123385,Lower middle income,Out-of-pocket health expenditure (% of current health expenditure)
Haiti,HTI,2006,43.06276747923635,Lower middle income,Out-of-pocket health expenditure (% of current health expenditure)
Haiti,HTI,2007,40.12002434814867,Lower middle income,Out-of-pocket health expenditure (% of current health expenditure)
Haiti,HTI,2008,38.579563295711914,Lower middle income,Out-of-pocket health expenditure (% of current health expenditure)
Haiti,HTI,2009,39.27423993716932,Lower middle income,Out-of-pocket health expenditure (% of current health expenditure)
Haiti,HTI,2010,33.309672906564735,Lower middle income,Out-of-pocket health expenditure (% of current health expenditure)
Haiti,HTI,2011,26.086278194221872,Lower middle income,Out-of-pocket health expenditure (% of current health expenditure)
Haiti,HTI,2012,28.439817631401645,Lower middle income,Out-of-pocket health expenditure (% of current health expenditure)
Haiti,HTI,2013,36.241646515388965,Lower middle income,Out-of-pocket health expenditure (% of current health expenditure)
Haiti,HTI,2014,31.015313437157054,Lower middle income,Out-of-pocket health expenditure (% of current health expenditure)
Haiti,HTI,2015,33.96487984083415,Lower middle income,Out-of-pocket health expenditure (% of current health expenditure)
Haiti,HTI,2016,35.29019354933834,Lower middle income,Out-of-pocket health expenditure (% of current health expenditure)
Haiti,HTI,2017,45.40202387244828,Lower middle income,Out-of-pocket health expenditure (% of current health expenditure)
Haiti,HTI,2018,38.85435530999323,Lower middle income,Out-of-pocket health expenditure (% of current health expenditure)
Haiti,HTI,2019,39.03829003784893,Lower middle income,Out-of-pocket health expenditure (% of current health expenditure)
Haiti,HTI,2020,46.90286714953941,Lower middle income,Out-of-pocket health expenditure (% of current health expenditure)
Haiti,HTI,2021,43.999977455725585,Lower middle income,Out-of-pocket health expenditure (% of current health expenditure)
Haiti,HTI,2022,48.15791920119177,Lower middle income,Out-of-pocket health expenditure (% of current health expenditure)
Honduras,HND,2000,45.948818694203375,Lower middle income,Out-of-pocket health expenditure (% of current health expenditure)
Honduras,HND,2001,52.52028381721907,Lower middle income,Out-of-pocket health expenditure (% of current health expenditure)
Honduras,HND,2002,51.85142436839179,Lower middle income,Out-of-pocket health expenditure (% of current health expenditure)
Honduras,HND,2003,48.32307086570096,Lower middle income,Out-of-pocket health expenditure (% of current health expenditure)
Honduras,HND,2004,50.057262461229016,Lower middle income,Out-of-pocket health expenditure (% of current health expenditure)
Honduras,HND,2005,49.06471797773624,Lower middle income,Out-of-pocket health expenditure (% of current health expenditure)
Honduras,HND,2006,49.86248875811947,Lower middle income,Out-of-pocket health expenditure (% of current health expenditure)
Honduras,HND,2007,49.79936902211986,Lower middle income,Out-of-pocket health expenditure (% of current health expenditure)
Honduras,HND,2008,51.41562379163277,Lower middle income,Out-of-pocket health expenditure (% of current health expenditure)
Honduras,HND,2009,44.909089141244664,Lower middle income,Out-of-pocket health expenditure (% of current health expenditure)
Honduras,HND,2010,46.262525938062815,Lower middle income,Out-of-pocket health expenditure (% of current health expenditure)
Honduras,HND,2011,45.79560888186376,Lower middle income,Out-of-pocket health expenditure (% of current health expenditure)
Honduras,HND,2012,49.860035258929926,Lower middle income,Out-of-pocket health expenditure (% of current health expenditure)
Honduras,HND,2013,49.25833763292392,Lower middle income,Out-of-pocket health expenditure (% of current health expenditure)
Honduras,HND,2014,48.687782192589154,Lower middle income,Out-of-pocket health expenditure (% of current health expenditure)
Honduras,HND,2015,50.66353954824018,Lower middle income,Out-of-pocket health expenditure (% of current health expenditure)
Honduras,HND,2016,49.76507803555126,Lower middle income,Out-of-pocket health expenditure (% of current health expenditure)
Honduras,HND,2017,49.703532659343,Lower middle income,Out-of-pocket health expenditure (% of current health expenditure)
Honduras,HND,2018,52.144171121749515,Lower middle income,Out-of-pocket health expenditure (% of current health expenditure)
Honduras,HND,2019,52.326352671749554,Lower middle income,Out-of-pocket health expenditure (% of current health expenditure)
Honduras,HND,2020,50.04225983837799,Lower middle income,Out-of-pocket health expenditure (% of current health expenditure)
Honduras,HND,2021,51.70559899376207,Lower middle income,Out-of-pocket health expenditure (% of current health expenditure)
Honduras,HND,2022,51.053882415292485,Lower middle income,Out-of-pocket health expenditure (% of current health expenditure)
Jamaica,JAM,2000,29.629665370493573,Upper middle income,Out-of-pocket health expenditure (% of current health expenditure)
Jamaica,JAM,2001,38.41692307407961,Upper middle income,Out-of-pocket health expenditure (% of current health expenditure)
Jamaica,JAM,2002,26.941487911874898,Upper middle income,Out-of-pocket health expenditure (% of current health expenditure)
Jamaica,JAM,2003,34.57055805502784,Upper middle income,Out-of-pocket health expenditure (% of current health expenditure)
Jamaica,JAM,2004,27.55828005551039,Upper middle income,Out-of-pocket health expenditure (% of current health expenditure)
Jamaica,JAM,2005,29.14250804470095,Upper middle income,Out-of-pocket health expenditure (% of current health expenditure)
Jamaica,JAM,2006,28.93594838622784,Upper middle income,Out-of-pocket health expenditure (% of current health expenditure)
Jamaica,JAM,2007,31.155291347585425,Upper middle income,Out-of-pocket health expenditure (% of current health expenditure)
Jamaica,JAM,2008,30.176603655050027,Upper middle income,Out-of-pocket health expenditure (% of current health expenditure)
Jamaica,JAM,2009,22.96500077606974,Upper middle income,Out-of-pocket health expenditure (% of current health expenditure)
Jamaica,JAM,2010,23.487279857751833,Upper middle income,Out-of-pocket health expenditure (% of current health expenditure)
Jamaica,JAM,2011,22.04507032209947,Upper middle income,Out-of-pocket health expenditure (% of current health expenditure)
Jamaica,JAM,2012,21.75101478615308,Upper middle income,Out-of-pocket health expenditure (% of current health expenditure)
Jamaica,JAM,2013,19.47788691261368,Upper middle income,Out-of-pocket health expenditure (% of current health expenditure)
Jamaica,JAM,2014,21.41138046456609,Upper middle income,Out-of-pocket health expenditure (% of current health expenditure)
Jamaica,JAM,2015,18.972292840795117,Upper middle income,Out-of-pocket health expenditure (% of current health expenditure)
Jamaica,JAM,2016,17.932250452351,Upper middle income,Out-of-pocket health expenditure (% of current health expenditure)
Jamaica,JAM,2017,16.75406650194136,Upper middle income,Out-of-pocket health expenditure (% of current health expenditure)
Jamaica,JAM,2018,16.77745282071196,Upper middle income,Out-of-pocket health expenditure (% of current health expenditure)
Jamaica,JAM,2019,16.439459698709236,Upper middle income,Out-of-pocket health expenditure (% of current health expenditure)
Jamaica,JAM,2020,14.745506483643824,Upper middle income,Out-of-pocket health expenditure (% of current health expenditure)
Jamaica,JAM,2021,13.079919395006794,Upper middle income,Out-of-pocket health expenditure (% of current health expenditure)
Jamaica,JAM,2022,11.08962702735711,Upper middle income,Out-of-pocket health expenditure (% of current health expenditure)
Mexico,MEX,2000,52.22364318225875,Upper middle income,Out-of-pocket health expenditure (% of current health expenditure)
Mexico,MEX,2001,53.42838710707283,Upper middle income,Out-of-pocket health expenditure (% of current health expenditure)
Mexico,MEX,2002,54.359332230994795,Upper middle income,Out-of-pocket health expenditure (% of current health expenditure)
Mexico,MEX,2003,55.663651366364235,Upper middle income,Out-of-pocket health expenditure (% of current health expenditure)
Mexico,MEX,2004,53.692698329486845,Upper middle income,Out-of-pocket health expenditure (% of current health expenditure)
Mexico,MEX,2005,54.589552785303,Upper middle income,Out-of-pocket health expenditure (% of current health expenditure)
Mexico,MEX,2006,53.763946961788285,Upper middle income,Out-of-pocket health expenditure (% of current health expenditure)
Mexico,MEX,2007,52.49715432371618,Upper middle income,Out-of-pocket health expenditure (% of current health expenditure)
Mexico,MEX,2008,48.59585550765888,Upper middle income,Out-of-pocket health expenditure (% of current health expenditure)
Mexico,MEX,2009,47.35384024310344,Upper middle income,Out-of-pocket health expenditure (% of current health expenditure)
Mexico,MEX,2010,43.50876431047611,Upper middle income,Out-of-pocket health expenditure (% of current health expenditure)
Mexico,MEX,2011,40.734212231415064,Upper middle income,Out-of-pocket health expenditure (% of current health expenditure)
Mexico,MEX,2012,40.64141063811141,Upper middle income,Out-of-pocket health expenditure (% of current health expenditure)
Mexico,MEX,2013,39.87906704101744,Upper middle income,Out-of-pocket health expenditure (% of current health expenditure)
Mexico,MEX,2014,40.872025810668646,Upper middle income,Out-of-pocket health expenditure (% of current health expenditure)
Mexico,MEX,2015,41.0437743332199,Upper middle income,Out-of-pocket health expenditure (% of current health expenditure)
Mexico,MEX,2016,41.37222368768739,Upper middle income,Out-of-pocket health expenditure (% of current health expenditure)
Mexico,MEX,2017,41.788362569258766,Upper middle income,Out-of-pocket health expenditure (% of current health expenditure)
Mexico,MEX,2018,42.30939779711261,Upper middle income,Out-of-pocket health expenditure (% of current health expenditure)
Mexico,MEX,2019,42.28219103047116,Upper middle income,Out-of-pocket health expenditure (% of current health expenditure)
Mexico,MEX,2020,38.76134070379436,Upper middle income,Out-of-pocket health expenditure (% of current health expenditure)
Mexico,MEX,2021,41.37071874234102,Upper middle income,Out-of-pocket health expenditure (% of current health expenditure)
Mexico,MEX,2022,39.089665802047456,Upper middle income,Out-of-pocket health expenditure (% of current health expenditure)
Nicaragua,NIC,2000,43.88296774274197,Lower middle income,Out-of-pocket health expenditure (% of current health expenditure)
Nicaragua,NIC,2001,40.38275575745356,Lower middle income,Out-of-pocket health expenditure (% of current health expenditure)
Nicaragua,NIC,2002,45.29000269390529,Lower middle income,Out-of-pocket health expenditure (% of current health expenditure)
Nicaragua,NIC,2003,38.689108776262,Lower middle income,Out-of-pocket health expenditure (% of current health expenditure)
Nicaragua,NIC,2004,41.55657020826054,Lower middle income,Out-of-pocket health expenditure (% of current health expenditure)
Nicaragua,NIC,2005,39.168992874714775,Lower middle income,Out-of-pocket health expenditure (% of current health expenditure)
Nicaragua,NIC,2006,41.984314094755135,Lower middle income,Out-of-pocket health expenditure (% of current health expenditure)
Nicaragua,NIC,2007,41.944689505098886,Lower middle income,Out-of-pocket health expenditure (% of current health expenditure)
Nicaragua,NIC,2008,40.90857782077088,Lower middle income,Out-of-pocket health expenditure (% of current health expenditure)
Nicaragua,NIC,2009,38.31826798247874,Lower middle income,Out-of-pocket health expenditure (% of current health expenditure)
Nicaragua,NIC,2010,37.48913042118837,Lower middle income,Out-of-pocket health expenditure (% of current health expenditure)
Nicaragua,NIC,2011,37.83097294418427,Lower middle income,Out-of-pocket health expenditure (% of current health expenditure)
Nicaragua,NIC,2012,37.63622519452191,Lower middle income,Out-of-pocket health expenditure (% of current health expenditure)
Nicaragua,NIC,2013,36.89557579841463,Lower middle income,Out-of-pocket health expenditure (% of current health expenditure)
Nicaragua,NIC,2014,35.33010416414744,Lower middle income,Out-of-pocket health expenditure (% of current health expenditure)
Nicaragua,NIC,2015,35.392791329147464,Lower middle income,Out-of-pocket health expenditure (% of current health expenditure)
Nicaragua,NIC,2016,35.01575424039769,Lower middle income,Out-of-pocket health expenditure (% of current health expenditure)
Nicaragua,NIC,2017,33.843583129586236,Lower middle income,Out-of-pocket health expenditure (% of current health expenditure)
Nicaragua,NIC,2018,33.159463093208245,Lower middle income,Out-of-pocket health expenditure (% of current health expenditure)
Nicaragua,NIC,2019,33.2176118187935,Lower middle income,Out-of-pocket health expenditure (% of current health expenditure)
Nicaragua,NIC,2020,32.27201907850023,Lower middle income,Out-of-pocket health expenditure (% of current health expenditure)
Nicaragua,NIC,2021,30.81681630171025,Lower middle income,Out-of-pocket health expenditure (% of current health expenditure)
Nicaragua,NIC,2022,35.656188663231205,Lower middle income,Out-of-pocket health expenditure (% of current health expenditure)
Panama,PAN,2000,30.71383121628597,Upper middle income,Out-of-pocket health expenditure (% of current health expenditure)
Panama,PAN,2001,31.895000685186957,Upper middle income,Out-of-pocket health expenditure (% of current health expenditure)
Panama,PAN,2002,32.603398487163005,Upper middle income,Out-of-pocket health expenditure (% of current health expenditure)
Panama,PAN,2003,33.06432109404374,Upper middle income,Out-of-pocket health expenditure (% of current health expenditure)
Panama,PAN,2004,32.35309040982133,Upper middle income,Out-of-pocket health expenditure (% of current health expenditure)
Panama,PAN,2005,35.8037620458587,Upper middle income,Out-of-pocket health expenditure (% of current health expenditure)
Panama,PAN,2006,33.34238846009489,Upper middle income,Out-of-pocket health expenditure (% of current health expenditure)
Panama,PAN,2007,29.960402262607246,Upper middle income,Out-of-pocket health expenditure (% of current health expenditure)
Panama,PAN,2008,29.2165727273273,Upper middle income,Out-of-pocket health expenditure (% of current health expenditure)
Panama,PAN,2009,29.72088840627242,Upper middle income,Out-of-pocket health expenditure (% of current health expenditure)
Panama,PAN,2010,31.44028420102849,Upper middle income,Out-of-pocket health expenditure (% of current health expenditure)
Panama,PAN,2011,34.16367933217443,Upper middle income,Out-of-pocket health expenditure (% of current health expenditure)
Panama,PAN,2012,34.78495241979193,Upper middle income,Out-of-pocket health expenditure (% of current health expenditure)
Panama,PAN,2013,32.27741787617026,Upper middle income,Out-of-pocket health expenditure (% of current health expenditure)
Panama,PAN,2014,31.799240815091775,Upper middle income,Out-of-pocket health expenditure (% of current health expenditure)
Panama,PAN,2015,33.03644704616807,Upper middle income,Out-of-pocket health expenditure (% of current health expenditure)
Panama,PAN,2016,32.698197742169455,Upper middle income,Out-of-pocket health expenditure (% of current health expenditure)
Panama,PAN,2017,31.915959695710704,Upper middle income,Out-of-pocket health expenditure (% of current health expenditure)
Panama,PAN,2018,35.70438578606032,Upper middle income,Out-of-pocket health expenditure (% of current health expenditure)
Panama,PAN,2019,37.61917676138023,Upper middle income,Out-of-pocket health expenditure (% of current health expenditure)
Panama,PAN,2020,39.598654870904426,Upper middle income,Out-of-pocket health expenditure (% of current health expenditure)
Panama,PAN,2021,37.331687443486146,Upper middle income,Out-of-pocket health expenditure (% of current health expenditure)
Panama,PAN,2022,37.13283754102183,Upper middle income,Out-of-pocket health expenditure (% of current health expenditure)
Paraguay,PRY,2000,49.0969324634192,Upper middle income,Out-of-pocket health expenditure (% of current health expenditure)
Paraguay,PRY,2001,52.38962886151885,Upper middle income,Out-of-pocket health expenditure (% of current health expenditure)
Paraguay,PRY,2002,56.07246537483096,Upper middle income,Out-of-pocket health expenditure (% of current health expenditure)
Paraguay,PRY,2003,54.628339135402754,Upper middle income,Out-of-pocket health expenditure (% of current health expenditure)
Paraguay,PRY,2004,56.959367315277376,Upper middle income,Out-of-pocket health expenditure (% of current health expenditure)
Paraguay,PRY,2005,57.92465994840624,Upper middle income,Out-of-pocket health expenditure (% of current health expenditure)
Paraguay,PRY,2006,56.72242161104665,Upper middle income,Out-of-pocket health expenditure (% of current health expenditure)
Paraguay,PRY,2007,57.95808149045372,Upper middle income,Out-of-pocket health expenditure (% of current health expenditure)
Paraguay,PRY,2008,60.46802179400437,Upper middle income,Out-of-pocket health expenditure (% of current health expenditure)
Paraguay,PRY,2009,55.4454456633332,Upper middle income,Out-of-pocket health expenditure (% of current health expenditure)
Paraguay,PRY,2010,53.929417216555784,Upper middle income,Out-of-pocket health expenditure (% of current health expenditure)
Paraguay,PRY,2011,50.005368401941155,Upper middle income,Out-of-pocket health expenditure (% of current health expenditure)
Paraguay,PRY,2012,46.330872297871416,Upper middle income,Out-of-pocket health expenditure (% of current health expenditure)
Paraguay,PRY,2013,47.5041508275819,Upper middle income,Out-of-pocket health expenditure (% of current health expenditure)
Paraguay,PRY,2014,44.38643337313606,Upper middle income,Out-of-pocket health expenditure (% of current health expenditure)
Paraguay,PRY,2015,43.807171549492686,Upper middle income,Out-of-pocket health expenditure (% of current health expenditure)
Paraguay,PRY,2016,42.921606793896615,Upper middle income,Out-of-pocket health expenditure (% of current health expenditure)
Paraguay,PRY,2017,43.77459902376626,Upper middle income,Out-of-pocket health expenditure (% of current health expenditure)
Paraguay,PRY,2018,43.87631458019472,Upper middle income,Out-of-pocket health expenditure (% of current health expenditure)
Paraguay,PRY,2019,41.96775350120375,Upper middle income,Out-of-pocket health expenditure (% of current health expenditure)
Paraguay,PRY,2020,37.8758290138968,Upper middle income,Out-of-pocket health expenditure (% of current health expenditure)
Paraguay,PRY,2021,35.93767738796847,Upper middle income,Out-of-pocket health expenditure (% of current health expenditure)
Paraguay,PRY,2022,38.90989907402516,Upper middle income,Out-of-pocket health expenditure (% of current health expenditure)
Peru,PER,2000,40.281414937807945,Upper middle income,Out-of-pocket health expenditure (% of current health expenditure)
Peru,PER,2001,40.65113609988516,Upper middle income,Out-of-pocket health expenditure (% of current health expenditure)
Peru,PER,2002,39.940847112769966,Upper middle income,Out-of-pocket health expenditure (% of current health expenditure)
Peru,PER,2003,37.488325037908275,Upper middle income,Out-of-pocket health expenditure (% of current health expenditure)
Peru,PER,2004,36.692936052214414,Upper middle income,Out-of-pocket health expenditure (% of current health expenditure)
Peru,PER,2005,34.02098127151775,Upper middle income,Out-of-pocket health expenditure (% of current health expenditure)
Peru,PER,2006,40.32910507447576,Upper middle income,Out-of-pocket health expenditure (% of current health expenditure)
Peru,PER,2007,42.54182686599966,Upper middle income,Out-of-pocket health expenditure (% of current health expenditure)
Peru,PER,2008,43.35043277846141,Upper middle income,Out-of-pocket health expenditure (% of current health expenditure)
Peru,PER,2009,40.2773416284876,Upper middle income,Out-of-pocket health expenditure (% of current health expenditure)
Peru,PER,2010,39.515190359399746,Upper middle income,Out-of-pocket health expenditure (% of current health expenditure)
Peru,PER,2011,40.343962098162464,Upper middle income,Out-of-pocket health expenditure (% of current health expenditure)
Peru,PER,2012,38.87478364429544,Upper middle income,Out-of-pocket health expenditure (% of current health expenditure)
Peru,PER,2013,35.27772959477503,Upper middle income,Out-of-pocket health expenditure (% of current health expenditure)
Peru,PER,2014,31.771921973768578,Upper middle income,Out-of-pocket health expenditure (% of current health expenditure)
Peru,PER,2015,30.14810239398712,Upper middle income,Out-of-pocket health expenditure (% of current health expenditure)
Peru,PER,2016,29.59668343201109,Upper middle income,Out-of-pocket health expenditure (% of current health expenditure)
Peru,PER,2017,28.947328537252996,Upper middle income,Out-of-pocket health expenditure (% of current health expenditure)
Peru,PER,2018,29.745930331217885,Upper middle income,Out-of-pocket health expenditure (% of current health expenditure)
Peru,PER,2019,28.347988608476072,Upper middle income,Out-of-pocket health expenditure (% of current health expenditure)
Peru,PER,2020,22.472868974470323,Upper middle income,Out-of-pocket health expenditure (% of current health expenditure)
Peru,PER,2021,25.0768712298853,Upper middle income,Out-of-pocket health expenditure (% of current health expenditure)
Peru,PER,2022,26.99152101906006,Upper middle income,Out-of-pocket health expenditure (% of current health expenditure)
Saint Kitts and Nevis,KNA,2000,52.63879452869746,High income,Out-of-pocket health expenditure (% of current health expenditure)
Saint Kitts and Nevis,KNA,2001,51.06950602371371,High income,Out-of-pocket health expenditure (% of current health expenditure)
Saint Kitts and Nevis,KNA,2002,51.34533294853915,High income,Out-of-pocket health expenditure (% of current health expenditure)
Saint Kitts and Nevis,KNA,2003,50.645277136094954,High income,Out-of-pocket health expenditure (% of current health expenditure)
Saint Kitts and Nevis,KNA,2004,46.12797943967266,High income,Out-of-pocket health expenditure (% of current health expenditure)
Saint Kitts and Nevis,KNA,2005,47.982931476622234,High income,Out-of-pocket health expenditure (% of current health expenditure)
Saint Kitts and Nevis,KNA,2006,50.048975660690665,High income,Out-of-pocket health expenditure (% of current health expenditure)
Saint Kitts and Nevis,KNA,2007,51.09035452823324,High income,Out-of-pocket health expenditure (% of current health expenditure)
Saint Kitts and Nevis,KNA,2008,56.86151118563791,High income,Out-of-pocket health expenditure (% of current health expenditure)
Saint Kitts and Nevis,KNA,2009,54.68263073849494,High income,Out-of-pocket health expenditure (% of current health expenditure)
Saint Kitts and Nevis,KNA,2010,55.21491606238353,High income,Out-of-pocket health expenditure (% of current health expenditure)
Saint Kitts and Nevis,KNA,2011,55.53620352050641,High income,Out-of-pocket health expenditure (% of current health expenditure)
Saint Kitts and Nevis,KNA,2012,55.40708269515929,High income,Out-of-pocket health expenditure (% of current health expenditure)
Saint Kitts and Nevis,KNA,2013,56.48267091564303,High income,Out-of-pocket health expenditure (% of current health expenditure)
Saint Kitts and Nevis,KNA,2014,53.738182727530535,High income,Out-of-pocket health expenditure (% of current health expenditure)
Saint Kitts and Nevis,KNA,2015,57.08949728056499,High income,Out-of-pocket health expenditure (% of current health expenditure)
Saint Kitts and Nevis,KNA,2016,54.89627048980756,High income,Out-of-pocket health expenditure (% of current health expenditure)
Saint Kitts and Nevis,KNA,2017,53.38910657509032,High income,Out-of-pocket health expenditure (% of current health expenditure)
Saint Kitts and Nevis,KNA,2018,49.381571832167275,High income,Out-of-pocket health expenditure (% of current health expenditure)
Saint Kitts and Nevis,KNA,2019,46.36796910694647,High income,Out-of-pocket health expenditure (% of current health expenditure)
Saint Kitts and Nevis,KNA,2020,42.20227228519362,High income,Out-of-pocket health expenditure (% of current health expenditure)
Saint Kitts and Nevis,KNA,2021,38.84815559540492,High income,Out-of-pocket health expenditure (% of current health expenditure)
Saint Kitts and Nevis,KNA,2022,43.28757733385053,High income,Out-of-pocket health expenditure (% of current health expenditure)
Saint Lucia,LCA,2000,58.86487934516314,Upper middle income,Out-of-pocket health expenditure (% of current health expenditure)
Saint Lucia,LCA,2001,56.878995162922216,Upper middle income,Out-of-pocket health expenditure (% of current health expenditure)
Saint Lucia,LCA,2002,56.90605093773451,Upper middle income,Out-of-pocket health expenditure (% of current health expenditure)
Saint Lucia,LCA,2003,59.63883652458995,Upper middle income,Out-of-pocket health expenditure (% of current health expenditure)
Saint Lucia,LCA,2004,57.44703805409512,Upper middle income,Out-of-pocket health expenditure (% of current health expenditure)
Saint Lucia,LCA,2005,55.96851523437709,Upper middle income,Out-of-pocket health expenditure (% of current health expenditure)
Saint Lucia,LCA,2006,58.68156699394153,Upper middle income,Out-of-pocket health expenditure (% of current health expenditure)
Saint Lucia,LCA,2007,63.93406881565379,Upper middle income,Out-of-pocket health expenditure (% of current health expenditure)
Saint Lucia,LCA,2008,59.58971380783738,Upper middle income,Out-of-pocket health expenditure (% of current health expenditure)
Saint Lucia,LCA,2009,57.422347737543376,Upper middle income,Out-of-pocket health expenditure (% of current health expenditure)
Saint Lucia,LCA,2010,54.762627892681344,Upper middle income,Out-of-pocket health expenditure (% of current health expenditure)
Saint Lucia,LCA,2011,54.833556532084984,Upper middle income,Out-of-pocket health expenditure (% of current health expenditure)
Saint Lucia,LCA,2012,51.089250572068856,Upper middle income,Out-of-pocket health expenditure (% of current health expenditure)
Saint Lucia,LCA,2013,51.55638734878966,Upper middle income,Out-of-pocket health expenditure (% of current health expenditure)
Saint Lucia,LCA,2014,51.96446552715649,Upper middle income,Out-of-pocket health expenditure (% of current health expenditure)
Saint Lucia,LCA,2015,48.76869393466229,Upper middle income,Out-of-pocket health expenditure (% of current health expenditure)
Saint Lucia,LCA,2016,46.14039496234289,Upper middle income,Out-of-pocket health expenditure (% of current health expenditure)
Saint Lucia,LCA,2017,47.03280381627605,Upper middle income,Out-of-pocket health expenditure (% of current health expenditure)
Saint Lucia,LCA,2018,46.111913591001255,Upper middle income,Out-of-pocket health expenditure (% of current health expenditure)
Saint Lucia,LCA,2019,42.85055556227199,Upper middle income,Out-of-pocket health expenditure (% of current health expenditure)
Saint Lucia,LCA,2020,35.66008166483757,Upper middle income,Out-of-pocket health expenditure (% of current health expenditure)
Saint Lucia,LCA,2021,37.220530319619634,Upper middle income,Out-of-pocket health expenditure (% of current health expenditure)
Saint Lucia,LCA,2022,38.72670294181143,Upper middle income,Out-of-pocket health expenditure (% of current health expenditure)
Saint Vincent and the Grenadines,VCT,2000,27.27936727562375,Upper middle income,Out-of-pocket health expenditure (% of current health expenditure)
Saint Vincent and the Grenadines,VCT,2001,28.611108252759767,Upper middle income,Out-of-pocket health expenditure (% of current health expenditure)
Saint Vincent and the Grenadines,VCT,2002,28.458880640552987,Upper middle income,Out-of-pocket health expenditure (% of current health expenditure)
Saint Vincent and the Grenadines,VCT,2003,30.435607749000457,Upper middle income,Out-of-pocket health expenditure (% of current health expenditure)
Saint Vincent and the Grenadines,VCT,2004,32.750417405750966,Upper middle income,Out-of-pocket health expenditure (% of current health expenditure)
Saint Vincent and the Grenadines,VCT,2005,33.55260706657145,Upper middle income,Out-of-pocket health expenditure (% of current health expenditure)
Saint Vincent and the Grenadines,VCT,2006,34.94708484356859,Upper middle income,Out-of-pocket health expenditure (% of current health expenditure)
Saint Vincent and the Grenadines,VCT,2007,35.81621723301432,Upper middle income,Out-of-pocket health expenditure (% of current health expenditure)
Saint Vincent and the Grenadines,VCT,2008,34.437229726678915,Upper middle income,Out-of-pocket health expenditure (% of current health expenditure)
Saint Vincent and the Grenadines,VCT,2009,33.370758399260076,Upper middle income,Out-of-pocket health expenditure (% of current health expenditure)
Saint Vincent and the Grenadines,VCT,2010,32.234642952463496,Upper middle income,Out-of-pocket health expenditure (% of current health expenditure)
Saint Vincent and the Grenadines,VCT,2011,32.65782587147355,Upper middle income,Out-of-pocket health expenditure (% of current health expenditure)
Saint Vincent and the Grenadines,VCT,2012,31.857246126894545,Upper middle income,Out-of-pocket health expenditure (% of current health expenditure)
Saint Vincent and the Grenadines,VCT,2013,32.121541247533926,Upper middle income,Out-of-pocket health expenditure (% of current health expenditure)
Saint Vincent and the Grenadines,VCT,2014,34.01257974110016,Upper middle income,Out-of-pocket health expenditure (% of current health expenditure)
Saint Vincent and the Grenadines,VCT,2015,33.55331768293678,Upper middle income,Out-of-pocket health expenditure (% of current health expenditure)
Saint Vincent and the Grenadines,VCT,2016,32.95585083873809,Upper middle income,Out-of-pocket health expenditure (% of current health expenditure)
Saint Vincent and the Grenadines,VCT,2017,31.84617991081513,Upper middle income,Out-of-pocket health expenditure (% of current health expenditure)
Saint Vincent and the Grenadines,VCT,2018,30.61053648720678,Upper middle income,Out-of-pocket health expenditure (% of current health expenditure)
Saint Vincent and the Grenadines,VCT,2019,28.089900794019904,Upper middle income,Out-of-pocket health expenditure (% of current health expenditure)
Saint Vincent and the Grenadines,VCT,2020,26.899715218812258,Upper middle income,Out-of-pocket health expenditure (% of current health expenditure)
Saint Vincent and the Grenadines,VCT,2021,26.193308572520017,Upper middle income,Out-of-pocket health expenditure (% of current health expenditure)
Saint Vincent and the Grenadines,VCT,2022,27.623301970906933,Upper middle income,Out-of-pocket health expenditure (% of current health expenditure)
Suriname,SUR,2000,15.39642062169236,Upper middle income,Out-of-pocket health expenditure (% of current health expenditure)
Suriname,SUR,2001,27.327308655886785,Upper middle income,Out-of-pocket health expenditure (% of current health expenditure)
Suriname,SUR,2002,23.008617905220422,Upper middle income,Out-of-pocket health expenditure (% of current health expenditure)
Suriname,SUR,2003,23.549322648022606,Upper middle income,Out-of-pocket health expenditure (% of current health expenditure)
Suriname,SUR,2004,20.69822008601084,Upper middle income,Out-of-pocket health expenditure (% of current health expenditure)
Suriname,SUR,2005,20.86314471496335,Upper middle income,Out-of-pocket health expenditure (% of current health expenditure)
Suriname,SUR,2006,18.083660535507324,Upper middle income,Out-of-pocket health expenditure (% of current health expenditure)
Suriname,SUR,2007,19.499664325469467,Upper middle income,Out-of-pocket health expenditure (% of current health expenditure)
Suriname,SUR,2008,24.2828119589865,Upper middle income,Out-of-pocket health expenditure (% of current health expenditure)
Suriname,SUR,2009,21.96848101093897,Upper middle income,Out-of-pocket health expenditure (% of current health expenditure)
Suriname,SUR,2010,23.580672928400865,Upper middle income,Out-of-pocket health expenditure (% of current health expenditure)
Suriname,SUR,2011,27.20149186253907,Upper middle income,Out-of-pocket health expenditure (% of current health expenditure)
Suriname,SUR,2012,28.27469602331096,Upper middle income,Out-of-pocket health expenditure (% of current health expenditure)
Suriname,SUR,2013,27.872447377641272,Upper middle income,Out-of-pocket health expenditure (% of current health expenditure)
Suriname,SUR,2014,28.982749831733937,Upper middle income,Out-of-pocket health expenditure (% of current health expenditure)
Suriname,SUR,2015,21.99853224182118,Upper middle income,Out-of-pocket health expenditure (% of current health expenditure)
Suriname,SUR,2016,21.82023742227247,Upper middle income,Out-of-pocket health expenditure (% of current health expenditure)
Suriname,SUR,2017,26.379590047023516,Upper middle income,Out-of-pocket health expenditure (% of current health expenditure)
Suriname,SUR,2018,18.440237070340523,Upper middle income,Out-of-pocket health expenditure (% of current health expenditure)
Suriname,SUR,2019,16.593361917375017,Upper middle income,Out-of-pocket health expenditure (% of current health expenditure)
Suriname,SUR,2020,20.237238158029996,Upper middle income,Out-of-pocket health expenditure (% of current health expenditure)
Suriname,SUR,2021,24.406320294351417,Upper middle income,Out-of-pocket health expenditure (% of current health expenditure)
Suriname,SUR,2022,23.092183322353304,Upper middle income,Out-of-pocket health expenditure (% of current health expenditure)
Trinidad and Tobago,TTO,2000,57.34558975392165,High income,Out-of-pocket health expenditure (% of current health expenditure)
Trinidad and Tobago,TTO,2001,51.3126237332401,High income,Out-of-pocket health expenditure (% of current health expenditure)
Trinidad and Tobago,TTO,2002,52.2860307220259,High income,Out-of-pocket health expenditure (% of current health expenditure)
Trinidad and Tobago,TTO,2003,48.583723854223,High income,Out-of-pocket health expenditure (% of current health expenditure)
Trinidad and Tobago,TTO,2004,52.9417628374688,High income,Out-of-pocket health expenditure (% of current health expenditure)
Trinidad and Tobago,TTO,2005,46.248194289079514,High income,Out-of-pocket health expenditure (% of current health expenditure)
Trinidad and Tobago,TTO,2006,49.325065540314974,High income,Out-of-pocket health expenditure (% of current health expenditure)
Trinidad and Tobago,TTO,2007,49.283123712076545,High income,Out-of-pocket health expenditure (% of current health expenditure)
Trinidad and Tobago,TTO,2008,46.72016081759234,High income,Out-of-pocket health expenditure (% of current health expenditure)
Trinidad and Tobago,TTO,2009,47.511198664881114,High income,Out-of-pocket health expenditure (% of current health expenditure)
Trinidad and Tobago,TTO,2010,46.56803409803204,High income,Out-of-pocket health expenditure (% of current health expenditure)
Trinidad and Tobago,TTO,2011,44.81612461210384,High income,Out-of-pocket health expenditure (% of current health expenditure)
Trinidad and Tobago,TTO,2012,44.68573140587759,High income,Out-of-pocket health expenditure (% of current health expenditure)
Trinidad and Tobago,TTO,2013,43.17301834895721,High income,Out-of-pocket health expenditure (% of current health expenditure)
Trinidad and Tobago,TTO,2014,42.83146549511996,High income,Out-of-pocket health expenditure (% of current health expenditure)
Trinidad and Tobago,TTO,2015,41.30602090911062,High income,Out-of-pocket health expenditure (% of current health expenditure)
Trinidad and Tobago,TTO,2016,43.11694626199619,High income,Out-of-pocket health expenditure (% of current health expenditure)
Trinidad and Tobago,TTO,2017,40.80586239551248,High income,Out-of-pocket health expenditure (% of current health expenditure)
Trinidad and Tobago,TTO,2018,44.88968880072809,High income,Out-of-pocket health expenditure (% of current health expenditure)
Trinidad and Tobago,TTO,2019,46.91285624557354,High income,Out-of-pocket health expenditure (% of current health expenditure)
Trinidad and Tobago,TTO,2020,46.07218275505416,High income,Out-of-pocket health expenditure (% of current health expenditure)
Trinidad and Tobago,TTO,2021,46.85574348493789,High income,Out-of-pocket health expenditure (% of current health expenditure)
Trinidad and Tobago,TTO,2022,49.23382438698737,High income,Out-of-pocket health expenditure (% of current health expenditure)
United States of America,USA,2000,15.117374761542566,High income,Out-of-pocket health expenditure (% of current health expenditure)
United States of America,USA,2001,14.415950313973392,High income,Out-of-pocket health expenditure (% of current health expenditure)
United States of America,USA,2002,14.327175638247567,High income,Out-of-pocket health expenditure (% of current health expenditure)
United States of America,USA,2003,14.150059484013438,High income,Out-of-pocket health expenditure (% of current health expenditure)
United States of America,USA,2004,13.97352619947752,High income,Out-of-pocket health expenditure (% of current health expenditure)
United States of America,USA,2005,13.9126751886615,High income,Out-of-pocket health expenditure (% of current health expenditure)
United States of America,USA,2006,13.677932640649168,High income,Out-of-pocket health expenditure (% of current health expenditure)
United States of America,USA,2007,13.59674578922487,High income,Out-of-pocket health expenditure (% of current health expenditure)
United States of America,USA,2008,13.359359979263864,High income,Out-of-pocket health expenditure (% of current health expenditure)
United States of America,USA,2009,12.647647491407753,High income,Out-of-pocket health expenditure (% of current health expenditure)
United States of America,USA,2010,12.367885889049798,High income,Out-of-pocket health expenditure (% of current health expenditure)
United States of America,USA,2011,12.32011222314978,High income,Out-of-pocket health expenditure (% of current health expenditure)
United States of America,USA,2012,12.33532760341045,High income,Out-of-pocket health expenditure (% of current health expenditure)
United States of America,USA,2013,12.283100632325262,High income,Out-of-pocket health expenditure (% of current health expenditure)
United States of America,USA,2014,11.976499615256332,High income,Out-of-pocket health expenditure (% of current health expenditure)
United States of America,USA,2015,11.75443635608799,High income,Out-of-pocket health expenditure (% of current health expenditure)
United States of America,USA,2016,11.614961317912304,High income,Out-of-pocket health expenditure (% of current health expenditure)
United States of America,USA,2017,11.340531763148457,High income,Out-of-pocket health expenditure (% of current health expenditure)
United States of America,USA,2018,11.3061667283342,High income,Out-of-pocket health expenditure (% of current health expenditure)
United States of America,USA,2019,11.294091868191588,High income,Out-of-pocket health expenditure (% of current health expenditure)
United States of America,USA,2020,10.052074172840438,High income,Out-of-pocket health expenditure (% of current health expenditure)
United States of America,USA,2021,10.83278586696301,High income,Out-of-pocket health expenditure (% of current health expenditure)
United States of America,USA,2022,11.099166658542927,High income,Out-of-pocket health expenditure (% of current health expenditure)
Uruguay,URY,2000,25.166705328391934,High income,Out-of-pocket health expenditure (% of current health expenditure)
Uruguay,URY,2001,24.063068187909614,High income,Out-of-pocket health expenditure (% of current health expenditure)
Uruguay,URY,2002,21.696472299800895,High income,Out-of-pocket health expenditure (% of current health expenditure)
Uruguay,URY,2003,21.358519384102344,High income,Out-of-pocket health expenditure (% of current health expenditure)
Uruguay,URY,2004,24.295665362953017,High income,Out-of-pocket health expenditure (% of current health expenditure)
Uruguay,URY,2005,25.941870328197883,High income,Out-of-pocket health expenditure (% of current health expenditure)
Uruguay,URY,2006,23.768964246284952,High income,Out-of-pocket health expenditure (% of current health expenditure)
Uruguay,URY,2007,23.363106638611356,High income,Out-of-pocket health expenditure (% of current health expenditure)
Uruguay,URY,2008,21.292854063014335,High income,Out-of-pocket health expenditure (% of current health expenditure)
Uruguay,URY,2009,20.75167677612244,High income,Out-of-pocket health expenditure (% of current health expenditure)
Uruguay,URY,2010,20.47283466512342,High income,Out-of-pocket health expenditure (% of current health expenditure)
Uruguay,URY,2011,19.430454620594144,High income,Out-of-pocket health expenditure (% of current health expenditure)
Uruguay,URY,2012,18.46465153442313,High income,Out-of-pocket health expenditure (% of current health expenditure)
Uruguay,URY,2013,17.6936956007971,High income,Out-of-pocket health expenditure (% of current health expenditure)
Uruguay,URY,2014,17.09544229007648,High income,Out-of-pocket health expenditure (% of current health expenditure)
Uruguay,URY,2015,16.92112809607425,High income,Out-of-pocket health expenditure (% of current health expenditure)
Uruguay,URY,2016,16.439235406991532,High income,Out-of-pocket health expenditure (% of current health expenditure)
Uruguay,URY,2017,16.498068361229514,High income,Out-of-pocket health expenditure (% of current health expenditure)
Uruguay,URY,2018,16.246628464619096,High income,Out-of-pocket health expenditure (% of current health expenditure)
Uruguay,URY,2019,15.461458049718994,High income,Out-of-pocket health expenditure (% of current health expenditure)
Uruguay,URY,2020,16.740652324314333,High income,Out-of-pocket health expenditure (% of current health expenditure)
Uruguay,URY,2021,15.814179209592142,High income,Out-of-pocket health expenditure (% of current health expenditure)
Uruguay,URY,2022,16.326977305269942,High income,Out-of-pocket health expenditure (% of current health expenditure)
Afghanistan,AFG,2002,85.37560574344886,Low income,Out-of-pocket health expenditure (% of current health expenditure)
Afghanistan,AFG,2003,86.06919176480461,Low income,Out-of-pocket health expenditure (% of current health expenditure)
Afghanistan,AFG,2004,84.5275910037226,Low income,Out-of-pocket health expenditure (% of current health expenditure)
Afghanistan,AFG,2005,78.97008684156913,Low income,Out-of-pocket health expenditure (% of current health expenditure)
Afghanistan,AFG,2006,76.82497587090982,Low income,Out-of-pocket health expenditure (% of current health expenditure)
Afghanistan,AFG,2007,78.16998663310693,Low income,Out-of-pocket health expenditure (% of current health expenditure)
Afghanistan,AFG,2008,75.40338817789676,Low income,Out-of-pocket health expenditure (% of current health expenditure)
Afghanistan,AFG,2009,72.77924342787705,Low income,Out-of-pocket health expenditure (% of current health expenditure)
Afghanistan,AFG,2010,78.99665104935218,Low income,Out-of-pocket health expenditure (% of current health expenditure)
Afghanistan,AFG,2011,73.2551689227771,Low income,Out-of-pocket health expenditure (% of current health expenditure)
Afghanistan,AFG,2012,74.48620935925462,Low income,Out-of-pocket health expenditure (% of current health expenditure)
Afghanistan,AFG,2013,72.04786271302791,Low income,Out-of-pocket health expenditure (% of current health expenditure)
Afghanistan,AFG,2014,73.0559212973081,Low income,Out-of-pocket health expenditure (% of current health expenditure)
Afghanistan,AFG,2015,78.38229647916366,Low income,Out-of-pocket health expenditure (% of current health expenditure)
Afghanistan,AFG,2016,75.97433605670068,Low income,Out-of-pocket health expenditure (% of current health expenditure)
Afghanistan,AFG,2017,75.48257830679717,Low income,Out-of-pocket health expenditure (% of current health expenditure)
Afghanistan,AFG,2018,76.22302164623329,Low income,Out-of-pocket health expenditure (% of current health expenditure)
Afghanistan,AFG,2019,76.81836835546218,Low income,Out-of-pocket health expenditure (% of current health expenditure)
Afghanistan,AFG,2020,74.81396106638988,Low income,Out-of-pocket health expenditure (% of current health expenditure)
Afghanistan,AFG,2021,77.21405379763306,Low income,Out-of-pocket health expenditure (% of current health expenditure)
Afghanistan,AFG,2022,77.94615183742482,Low income,Out-of-pocket health expenditure (% of current health expenditure)
Bahrain,BHR,2000,27.539052996103266,High income,Out-of-pocket health expenditure (% of current health expenditure)
Bahrain,BHR,2001,26.77445122607319,High income,Out-of-pocket health expenditure (% of current health expenditure)
Bahrain,BHR,2002,26.95469629235476,High income,Out-of-pocket health expenditure (% of current health expenditure)
Bahrain,BHR,2003,32.319513018394105,High income,Out-of-pocket health expenditure (% of current health expenditure)
Bahrain,BHR,2004,30.68171973797155,High income,Out-of-pocket health expenditure (% of current health expenditure)
Bahrain,BHR,2005,27.473661707053477,High income,Out-of-pocket health expenditure (% of current health expenditure)
Bahrain,BHR,2006,26.69632803555041,High income,Out-of-pocket health expenditure (% of current health expenditure)
Bahrain,BHR,2007,30.23593233798336,High income,Out-of-pocket health expenditure (% of current health expenditure)
Bahrain,BHR,2008,27.910845214431657,High income,Out-of-pocket health expenditure (% of current health expenditure)
Bahrain,BHR,2009,26.580005796371186,High income,Out-of-pocket health expenditure (% of current health expenditure)
Bahrain,BHR,2010,26.745358707482136,High income,Out-of-pocket health expenditure (% of current health expenditure)
Bahrain,BHR,2011,26.3151184278258,High income,Out-of-pocket health expenditure (% of current health expenditure)
Bahrain,BHR,2012,26.80383220630263,High income,Out-of-pocket health expenditure (% of current health expenditure)
Bahrain,BHR,2013,26.917974008675404,High income,Out-of-pocket health expenditure (% of current health expenditure)
Bahrain,BHR,2014,26.142872874517316,High income,Out-of-pocket health expenditure (% of current health expenditure)
Bahrain,BHR,2015,25.89375456085035,High income,Out-of-pocket health expenditure (% of current health expenditure)
Bahrain,BHR,2016,27.98857228218247,High income,Out-of-pocket health expenditure (% of current health expenditure)
Bahrain,BHR,2017,31.994980838550443,High income,Out-of-pocket health expenditure (% of current health expenditure)
Bahrain,BHR,2018,30.003576695537255,High income,Out-of-pocket health expenditure (% of current health expenditure)
Bahrain,BHR,2019,29.9793541608217,High income,Out-of-pocket health expenditure (% of current health expenditure)
Bahrain,BHR,2020,26.288217822705107,High income,Out-of-pocket health expenditure (% of current health expenditure)
Bahrain,BHR,2021,25.662976382344016,High income,Out-of-pocket health expenditure (% of current health expenditure)
Bahrain,BHR,2022,23.470589191658224,High income,Out-of-pocket health expenditure (% of current health expenditure)
Djibouti,DJI,2000,44.385186520347915,Lower middle income,Out-of-pocket health expenditure (% of current health expenditure)
Djibouti,DJI,2001,48.03302018975347,Lower middle income,Out-of-pocket health expenditure (% of current health expenditure)
Djibouti,DJI,2002,40.90150971561476,Lower middle income,Out-of-pocket health expenditure (% of current health expenditure)
Djibouti,DJI,2003,34.37653240327877,Lower middle income,Out-of-pocket health expenditure (% of current health expenditure)
Djibouti,DJI,2004,38.80529734202991,Lower middle income,Out-of-pocket health expenditure (% of current health expenditure)
Djibouti,DJI,2005,35.31047202006929,Lower middle income,Out-of-pocket health expenditure (% of current health expenditure)
Djibouti,DJI,2006,31.15603061804429,Lower middle income,Out-of-pocket health expenditure (% of current health expenditure)
Djibouti,DJI,2007,30.18076603726823,Lower middle income,Out-of-pocket health expenditure (% of current health expenditure)
Djibouti,DJI,2008,27.901847959726652,Lower middle income,Out-of-pocket health expenditure (% of current health expenditure)
Djibouti,DJI,2009,26.62792545663053,Lower middle income,Out-of-pocket health expenditure (% of current health expenditure)
Djibouti,DJI,2010,26.46213522455535,Lower middle income,Out-of-pocket health expenditure (% of current health expenditure)
Djibouti,DJI,2011,24.228805659318468,Lower middle income,Out-of-pocket health expenditure (% of current health expenditure)
Djibouti,DJI,2012,22.947966292893753,Lower middle income,Out-of-pocket health expenditure (% of current health expenditure)
Djibouti,DJI,2013,24.058083466667785,Lower middle income,Out-of-pocket health expenditure (% of current health expenditure)
Djibouti,DJI,2014,22.659526308363013,Lower middle income,Out-of-pocket health expenditure (% of current health expenditure)
Djibouti,DJI,2015,19.037428212258444,Lower middle income,Out-of-pocket health expenditure (% of current health expenditure)
Djibouti,DJI,2016,23.178646764924117,Lower middle income,Out-of-pocket health expenditure (% of current health expenditure)
Djibouti,DJI,2017,26.157716013966475,Lower middle income,Out-of-pocket health expenditure (% of current health expenditure)
Djibouti,DJI,2018,27.03619854777771,Lower middle income,Out-of-pocket health expenditure (% of current health expenditure)
Djibouti,DJI,2019,28.24390906766438,Lower middle income,Out-of-pocket health expenditure (% of current health expenditure)
Djibouti,DJI,2020,31.74741420878443,Lower middle income,Out-of-pocket health expenditure (% of current health expenditure)
Djibouti,DJI,2021,27.2515461590031,Lower middle income,Out-of-pocket health expenditure (% of current health expenditure)
Djibouti,DJI,2022,30.989723342533154,Lower middle income,Out-of-pocket health expenditure (% of current health expenditure)
Egypt,EGY,2000,62.489348406521614,Lower middle income,Out-of-pocket health expenditure (% of current health expenditure)
Egypt,EGY,2001,63.825608798114686,Lower middle income,Out-of-pocket health expenditure (% of current health expenditure)
Egypt,EGY,2002,63.76679571851515,Lower middle income,Out-of-pocket health expenditure (% of current health expenditure)
Egypt,EGY,2003,65.40507543385367,Lower middle income,Out-of-pocket health expenditure (% of current health expenditure)
Egypt,EGY,2004,64.5525699991931,Lower middle income,Out-of-pocket health expenditure (% of current health expenditure)
Egypt,EGY,2005,64.58325858419146,Lower middle income,Out-of-pocket health expenditure (% of current health expenditure)
Egypt,EGY,2006,60.41719664207581,Lower middle income,Out-of-pocket health expenditure (% of current health expenditure)
Egypt,EGY,2007,60.32749209997127,Lower middle income,Out-of-pocket health expenditure (% of current health expenditure)
Egypt,EGY,2008,61.82380216383308,Lower middle income,Out-of-pocket health expenditure (% of current health expenditure)
Egypt,EGY,2009,60.43681227075692,Lower middle income,Out-of-pocket health expenditure (% of current health expenditure)
Egypt,EGY,2010,62.62810293782737,Lower middle income,Out-of-pocket health expenditure (% of current health expenditure)
Egypt,EGY,2011,60.49510467245085,Lower middle income,Out-of-pocket health expenditure (% of current health expenditure)
Egypt,EGY,2012,60.884058320191095,Lower middle income,Out-of-pocket health expenditure (% of current health expenditure)
Egypt,EGY,2013,57.935135612166206,Lower middle income,Out-of-pocket health expenditure (% of current health expenditure)
Egypt,EGY,2014,55.12137355020145,Lower middle income,Out-of-pocket health expenditure (% of current health expenditure)
Egypt,EGY,2015,58.829969214962375,Lower middle income,Out-of-pocket health expenditure (% of current health expenditure)
Egypt,EGY,2016,58.99694880694812,Lower middle income,Out-of-pocket health expenditure (% of current health expenditure)
Egypt,EGY,2017,56.39825232765876,Lower middle income,Out-of-pocket health expenditure (% of current health expenditure)
Egypt,EGY,2018,62.61043299829191,Lower middle income,Out-of-pocket health expenditure (% of current health expenditure)
Egypt,EGY,2019,62.50646487001317,Lower middle income,Out-of-pocket health expenditure (% of current health expenditure)
Egypt,EGY,2020,59.31352933086121,Lower middle income,Out-of-pocket health expenditure (% of current health expenditure)
Egypt,EGY,2021,54.901980836592614,Lower middle income,Out-of-pocket health expenditure (% of current health expenditure)
Egypt,EGY,2022,53.82896965690328,Lower middle income,Out-of-pocket health expenditure (% of current health expenditure)
Iran (Islamic Republic of),IRN,2000,59.60016091743219,Lower middle income,Out-of-pocket health expenditure (% of current health expenditure)
Iran (Islamic Republic of),IRN,2001,59.236656536788686,Lower middle income,Out-of-pocket health expenditure (% of current health expenditure)
Iran (Islamic Republic of),IRN,2002,54.74597639027142,Lower middle income,Out-of-pocket health expenditure (% of current health expenditure)
Iran (Islamic Republic of),IRN,2003,54.06885302571577,Lower middle income,Out-of-pocket health expenditure (% of current health expenditure)
Iran (Islamic Republic of),IRN,2004,56.55964387652613,Lower middle income,Out-of-pocket health expenditure (% of current health expenditure)
Iran (Islamic Republic of),IRN,2005,56.09494385184503,Lower middle income,Out-of-pocket health expenditure (% of current health expenditure)
Iran (Islamic Republic of),IRN,2006,51.6879896776236,Lower middle income,Out-of-pocket health expenditure (% of current health expenditure)
Iran (Islamic Republic of),IRN,2007,53.21485781179454,Lower middle income,Out-of-pocket health expenditure (% of current health expenditure)
Iran (Islamic Republic of),IRN,2008,55.47851103965329,Lower middle income,Out-of-pocket health expenditure (% of current health expenditure)
Iran (Islamic Republic of),IRN,2009,56.02760699403689,Lower middle income,Out-of-pocket health expenditure (% of current health expenditure)
Iran (Islamic Republic of),IRN,2010,59.397221970007166,Lower middle income,Out-of-pocket health expenditure (% of current health expenditure)
Iran (Islamic Republic of),IRN,2011,57.521534544105286,Lower middle income,Out-of-pocket health expenditure (% of current health expenditure)
Iran (Islamic Republic of),IRN,2012,54.96147429292586,Lower middle income,Out-of-pocket health expenditure (% of current health expenditure)
Iran (Islamic Republic of),IRN,2013,51.066951950698474,Lower middle income,Out-of-pocket health expenditure (% of current health expenditure)
Iran (Islamic Republic of),IRN,2014,42.19447121509595,Lower middle income,Out-of-pocket health expenditure (% of current health expenditure)
Iran (Islamic Republic of),IRN,2015,44.20926493537244,Lower middle income,Out-of-pocket health expenditure (% of current health expenditure)
Iran (Islamic Republic of),IRN,2016,41.39831629920632,Lower middle income,Out-of-pocket health expenditure (% of current health expenditure)
Iran (Islamic Republic of),IRN,2017,40.19929053590646,Lower middle income,Out-of-pocket health expenditure (% of current health expenditure)
Iran (Islamic Republic of),IRN,2018,35.958460088137016,Lower middle income,Out-of-pocket health expenditure (% of current health expenditure)
Iran (Islamic Republic of),IRN,2019,38.8875975600785,Lower middle income,Out-of-pocket health expenditure (% of current health expenditure)
Iran (Islamic Republic of),IRN,2020,37.30069648568928,Lower middle income,Out-of-pocket health expenditure (% of current health expenditure)
Iran (Islamic Republic of),IRN,2021,34.51460819784353,Lower middle income,Out-of-pocket health expenditure (% of current health expenditure)
Iran (Islamic Republic of),IRN,2022,39.076445447606154,Lower middle income,Out-of-pocket health expenditure (% of current health expenditure)
Iraq,IRQ,2003,54.54956726747028,Upper middle income,Out-of-pocket health expenditure (% of current health expenditure)
Iraq,IRQ,2004,28.616320995928035,Upper middle income,Out-of-pocket health expenditure (% of current health expenditure)
Iraq,IRQ,2005,29.043928609834605,Upper middle income,Out-of-pocket health expenditure (% of current health expenditure)
Iraq,IRQ,2006,32.58729020797706,Upper middle income,Out-of-pocket health expenditure (% of current health expenditure)
Iraq,IRQ,2007,29.548230464929873,Upper middle income,Out-of-pocket health expenditure (% of current health expenditure)
Iraq,IRQ,2008,21.315526696199655,Upper middle income,Out-of-pocket health expenditure (% of current health expenditure)
Iraq,IRQ,2009,22.368463752609255,Upper middle income,Out-of-pocket health expenditure (% of current health expenditure)
Iraq,IRQ,2010,26.0318515126131,Upper middle income,Out-of-pocket health expenditure (% of current health expenditure)
Iraq,IRQ,2011,25.028878951015148,Upper middle income,Out-of-pocket health expenditure (% of current health expenditure)
Iraq,IRQ,2012,61.66325388813161,Upper middle income,Out-of-pocket health expenditure (% of current health expenditure)
Iraq,IRQ,2013,58.57234128913672,Upper middle income,Out-of-pocket health expenditure (% of current health expenditure)
Iraq,IRQ,2014,62.02973418011931,Upper middle income,Out-of-pocket health expenditure (% of current health expenditure)
Iraq,IRQ,2015,76.19068857478545,Upper middle income,Out-of-pocket health expenditure (% of current health expenditure)
Iraq,IRQ,2016,44.25168870020951,Upper middle income,Out-of-pocket health expenditure (% of current health expenditure)
Iraq,IRQ,2017,58.04656497240144,Upper middle income,Out-of-pocket health expenditure (% of current health expenditure)
Iraq,IRQ,2018,50.393333983222746,Upper middle income,Out-of-pocket health expenditure (% of current health expenditure)
Iraq,IRQ,2019,50.096962558773264,Upper middle income,Out-of-pocket health expenditure (% of current health expenditure)
Iraq,IRQ,2020,54.66121060999537,Upper middle income,Out-of-pocket health expenditure (% of current health expenditure)
Iraq,IRQ,2021,49.908740474531015,Upper middle income,Out-of-pocket health expenditure (% of current health expenditure)
Iraq,IRQ,2022,47.834363305942304,Upper middle income,Out-of-pocket health expenditure (% of current health expenditure)
Jordan,JOR,2000,39.10034602076124,Upper middle income,Out-of-pocket health expenditure (% of current health expenditure)
Jordan,JOR,2001,38.47376788553259,Upper middle income,Out-of-pocket health expenditure (% of current health expenditure)
Jordan,JOR,2002,39.48170731707317,Upper middle income,Out-of-pocket health expenditure (% of current health expenditure)
Jordan,JOR,2003,42.03338391502276,Upper middle income,Out-of-pocket health expenditure (% of current health expenditure)
Jordan,JOR,2004,40.68493150684932,Upper middle income,Out-of-pocket health expenditure (% of current health expenditure)
Jordan,JOR,2005,40.07585335018963,Upper middle income,Out-of-pocket health expenditure (% of current health expenditure)
Jordan,JOR,2006,39.18604651162791,Upper middle income,Out-of-pocket health expenditure (% of current health expenditure)
Jordan,JOR,2007,36.04766633565045,Upper middle income,Out-of-pocket health expenditure (% of current health expenditure)
Jordan,JOR,2008,31.94139194139194,Upper middle income,Out-of-pocket health expenditure (% of current health expenditure)
Jordan,JOR,2009,22.713130056004974,Upper middle income,Out-of-pocket health expenditure (% of current health expenditure)
Jordan,JOR,2010,21.855146124523507,Upper middle income,Out-of-pocket health expenditure (% of current health expenditure)
Jordan,JOR,2011,20.901639344262296,Upper middle income,Out-of-pocket health expenditure (% of current health expenditure)
Jordan,JOR,2012,21.583143507972665,Upper middle income,Out-of-pocket health expenditure (% of current health expenditure)
Jordan,JOR,2013,22.13348545350827,Upper middle income,Out-of-pocket health expenditure (% of current health expenditure)
Jordan,JOR,2014,20.890774125132555,Upper middle income,Out-of-pocket health expenditure (% of current health expenditure)
Jordan,JOR,2015,29.33435085478619,Upper middle income,Out-of-pocket health expenditure (% of current health expenditure)
Jordan,JOR,2016,32.947473688673256,Upper middle income,Out-of-pocket health expenditure (% of current health expenditure)
Jordan,JOR,2017,33.99718040613214,Upper middle income,Out-of-pocket health expenditure (% of current health expenditure)
Jordan,JOR,2018,35.31081560180946,Upper middle income,Out-of-pocket health expenditure (% of current health expenditure)
Jordan,JOR,2019,36.00002781605146,Upper middle income,Out-of-pocket health expenditure (% of current health expenditure)
Jordan,JOR,2020,37.531260230288794,Upper middle income,Out-of-pocket health expenditure (% of current health expenditure)
Jordan,JOR,2021,37.45389604366002,Upper middle income,Out-of-pocket health expenditure (% of current health expenditure)
Jordan,JOR,2022,40.21434097891837,Upper middle income,Out-of-pocket health expenditure (% of current health expenditure)
Kuwait,KWT,2000,25.49419516786947,High income,Out-of-pocket health expenditure (% of current health expenditure)
Kuwait,KWT,2001,19.646365422396855,High income,Out-of-pocket health expenditure (% of current health expenditure)
Kuwait,KWT,2002,21.539821053794324,High income,Out-of-pocket health expenditure (% of current health expenditure)
Kuwait,KWT,2003,20.821166493156944,High income,Out-of-pocket health expenditure (% of current health expenditure)
Kuwait,KWT,2004,21.55590001937609,High income,Out-of-pocket health expenditure (% of current health expenditure)
Kuwait,KWT,2005,21.473684210526315,High income,Out-of-pocket health expenditure (% of current health expenditure)
Kuwait,KWT,2006,21.239333755635876,High income,Out-of-pocket health expenditure (% of current health expenditure)
Kuwait,KWT,2007,21.34607726005575,High income,Out-of-pocket health expenditure (% of current health expenditure)
Kuwait,KWT,2008,19.808734208765692,High income,Out-of-pocket health expenditure (% of current health expenditure)
Kuwait,KWT,2009,16.720381903215646,High income,Out-of-pocket health expenditure (% of current health expenditure)
Kuwait,KWT,2010,14.33214463052408,High income,Out-of-pocket health expenditure (% of current health expenditure)
Kuwait,KWT,2011,14.01463975318102,High income,Out-of-pocket health expenditure (% of current health expenditure)
Kuwait,KWT,2012,14.95504688847054,High income,Out-of-pocket health expenditure (% of current health expenditure)
Kuwait,KWT,2013,14.485441317686885,High income,Out-of-pocket health expenditure (% of current health expenditure)
Kuwait,KWT,2014,13.929330873472772,High income,Out-of-pocket health expenditure (% of current health expenditure)
Kuwait,KWT,2015,13.695519018877794,High income,Out-of-pocket health expenditure (% of current health expenditure)
Kuwait,KWT,2016,13.282157178443276,High income,Out-of-pocket health expenditure (% of current health expenditure)
Kuwait,KWT,2017,12.92664246876207,High income,Out-of-pocket health expenditure (% of current health expenditure)
Kuwait,KWT,2018,10.6470352509178,High income,Out-of-pocket health expenditure (% of current health expenditure)
Kuwait,KWT,2019,10.720565943749476,High income,Out-of-pocket health expenditure (% of current health expenditure)
Kuwait,KWT,2020,9.385457743560153,High income,Out-of-pocket health expenditure (% of current health expenditure)
Kuwait,KWT,2021,8.18231442377025,High income,Out-of-pocket health expenditure (% of current health expenditure)
Kuwait,KWT,2022,11.544759832981743,High income,Out-of-pocket health expenditure (% of current health expenditure)
Lebanon,LBN,2000,57.790882986635296,Upper middle income,Out-of-pocket health expenditure (% of current health expenditure)
Lebanon,LBN,2001,54.84230973780082,Upper middle income,Out-of-pocket health expenditure (% of current health expenditure)
Lebanon,LBN,2002,54.115432310696754,Upper middle income,Out-of-pocket health expenditure (% of current health expenditure)
Lebanon,LBN,2003,52.48448878930392,Upper middle income,Out-of-pocket health expenditure (% of current health expenditure)
Lebanon,LBN,2004,48.88165677301577,Upper middle income,Out-of-pocket health expenditure (% of current health expenditure)
Lebanon,LBN,2005,47.32339473498957,Upper middle income,Out-of-pocket health expenditure (% of current health expenditure)
Lebanon,LBN,2006,44.68946255509915,Upper middle income,Out-of-pocket health expenditure (% of current health expenditure)
Lebanon,LBN,2007,44.07956457728904,Upper middle income,Out-of-pocket health expenditure (% of current health expenditure)
Lebanon,LBN,2008,44.85952270991785,Upper middle income,Out-of-pocket health expenditure (% of current health expenditure)
Lebanon,LBN,2009,44.56974179946544,Upper middle income,Out-of-pocket health expenditure (% of current health expenditure)
Lebanon,LBN,2010,43.585005285457925,Upper middle income,Out-of-pocket health expenditure (% of current health expenditure)
Lebanon,LBN,2011,40.18660659982387,Upper middle income,Out-of-pocket health expenditure (% of current health expenditure)
Lebanon,LBN,2012,37.33576498544005,Upper middle income,Out-of-pocket health expenditure (% of current health expenditure)
Lebanon,LBN,2013,36.9498123008234,Upper middle income,Out-of-pocket health expenditure (% of current health expenditure)
Lebanon,LBN,2014,35.563759064571535,Upper middle income,Out-of-pocket health expenditure (% of current health expenditure)
Lebanon,LBN,2015,32.69744007000357,Upper middle income,Out-of-pocket health expenditure (% of current health expenditure)
Lebanon,LBN,2016,31.974815170032542,Upper middle income,Out-of-pocket health expenditure (% of current health expenditure)
Lebanon,LBN,2017,33.06612298181191,Upper middle income,Out-of-pocket health expenditure (% of current health expenditure)
Lebanon,LBN,2018,35.30064920342732,Upper middle income,Out-of-pocket health expenditure (% of current health expenditure)
Lebanon,LBN,2019,30.7113191834763,Upper middle income,Out-of-pocket health expenditure (% of current health expenditure)
Lebanon,LBN,2020,30.312262878727672,Upper middle income,Out-of-pocket health expenditure (% of current health expenditure)
Lebanon,LBN,2021,34.71579288709498,Upper middle income,Out-of-pocket health expenditure (% of current health expenditure)
Lebanon,LBN,2022,33.42271690425226,Upper middle income,Out-of-pocket health expenditure (% of current health expenditure)
Libya,LBY,2000,51.291111380801766,Upper middle income,Out-of-pocket health expenditure (% of current health expenditure)
Libya,LBY,2001,45.5279437617647,Upper middle income,Out-of-pocket health expenditure (% of current health expenditure)
Libya,LBY,2002,33.0892416564088,Upper middle income,Out-of-pocket health expenditure (% of current health expenditure)
Libya,LBY,2003,33.7551326776983,Upper middle income,Out-of-pocket health expenditure (% of current health expenditure)
Libya,LBY,2004,34.213508379694446,Upper middle income,Out-of-pocket health expenditure (% of current health expenditure)
Libya,LBY,2005,35.346716533506154,Upper middle income,Out-of-pocket health expenditure (% of current health expenditure)
Libya,LBY,2006,34.62698627317336,Upper middle income,Out-of-pocket health expenditure (% of current health expenditure)
Libya,LBY,2007,33.44186550952807,Upper middle income,Out-of-pocket health expenditure (% of current health expenditure)
Libya,LBY,2008,32.26567972414524,Upper middle income,Out-of-pocket health expenditure (% of current health expenditure)
Libya,LBY,2009,31.100631329444667,Upper middle income,Out-of-pocket health expenditure (% of current health expenditure)
Libya,LBY,2010,29.97363739998453,Upper middle income,Out-of-pocket health expenditure (% of current health expenditure)
Libya,LBY,2011,36.66828416656864,Upper middle income,Out-of-pocket health expenditure (% of current health expenditure)
Libya,LBY,2012,26.10513479474787,Upper middle income,Out-of-pocket health expenditure (% of current health expenditure)
Libya,LBY,2013,26.54750957496665,Upper middle income,Out-of-pocket health expenditure (% of current health expenditure)
Libya,LBY,2014,33.62598078038691,Upper middle income,Out-of-pocket health expenditure (% of current health expenditure)
Libya,LBY,2015,30.71802286998186,Upper middle income,Out-of-pocket health expenditure (% of current health expenditure)
Libya,LBY,2016,32.49470054521346,Upper middle income,Out-of-pocket health expenditure (% of current health expenditure)
Libya,LBY,2017,33.78140532216243,Upper middle income,Out-of-pocket health expenditure (% of current health expenditure)
Libya,LBY,2018,28.241064084342952,Upper middle income,Out-of-pocket health expenditure (% of current health expenditure)
Libya,LBY,2019,28.01715833917942,Upper middle income,Out-of-pocket health expenditure (% of current health expenditure)
Libya,LBY,2020,21.1413519652105,Upper middle income,Out-of-pocket health expenditure (% of current health expenditure)
Libya,LBY,2021,26.329089970628683,Upper middle income,Out-of-pocket health expenditure (% of current health expenditure)
Libya,LBY,2022,30.467770701461305,Upper middle income,Out-of-pocket health expenditure (% of current health expenditure)
Morocco,MAR,2000,53.86581530617632,Lower middle income,Out-of-pocket health expenditure (% of current health expenditure)
Morocco,MAR,2001,53.25442694729381,Lower middle income,Out-of-pocket health expenditure (% of current health expenditure)
Morocco,MAR,2002,53.84698265034532,Lower middle income,Out-of-pocket health expenditure (% of current health expenditure)
Morocco,MAR,2003,56.20530754497413,Lower middle income,Out-of-pocket health expenditure (% of current health expenditure)
Morocco,MAR,2004,57.37558262060937,Lower middle income,Out-of-pocket health expenditure (% of current health expenditure)
Morocco,MAR,2005,59.65603282595009,Lower middle income,Out-of-pocket health expenditure (% of current health expenditure)
Morocco,MAR,2006,58.74881319084159,Lower middle income,Out-of-pocket health expenditure (% of current health expenditure)
Morocco,MAR,2007,57.1830523747972,Lower middle income,Out-of-pocket health expenditure (% of current health expenditure)
Morocco,MAR,2008,56.41322744307736,Lower middle income,Out-of-pocket health expenditure (% of current health expenditure)
Morocco,MAR,2009,54.49833110978286,Lower middle income,Out-of-pocket health expenditure (% of current health expenditure)
Morocco,MAR,2010,55.61273143816961,Lower middle income,Out-of-pocket health expenditure (% of current health expenditure)
Morocco,MAR,2011,54.240041274242174,Lower middle income,Out-of-pocket health expenditure (% of current health expenditure)
Morocco,MAR,2012,52.745853253320405,Lower middle income,Out-of-pocket health expenditure (% of current health expenditure)
Morocco,MAR,2013,51.66726500646595,Lower middle income,Out-of-pocket health expenditure (% of current health expenditure)
Morocco,MAR,2014,49.156290702159644,Lower middle income,Out-of-pocket health expenditure (% of current health expenditure)
Morocco,MAR,2015,48.9544417173224,Lower middle income,Out-of-pocket health expenditure (% of current health expenditure)
Morocco,MAR,2016,48.84678800802557,Lower middle income,Out-of-pocket health expenditure (% of current health expenditure)
Morocco,MAR,2017,47.965676297852696,Lower middle income,Out-of-pocket health expenditure (% of current health expenditure)
Morocco,MAR,2018,46.985275976043184,Lower middle income,Out-of-pocket health expenditure (% of current health expenditure)
Morocco,MAR,2019,46.18149454944524,Lower middle income,Out-of-pocket health expenditure (% of current health expenditure)
Morocco,MAR,2020,41.28748310597396,Lower middle income,Out-of-pocket health expenditure (% of current health expenditure)
Morocco,MAR,2021,42.26218665458125,Lower middle income,Out-of-pocket health expenditure (% of current health expenditure)
Morocco,MAR,2022,43.011530614049335,Lower middle income,Out-of-pocket health expenditure (% of current health expenditure)
"occupied Palestinian territory, including east Jerusalem",PSE,2000,38.49999999999999,Lower middle income,Out-of-pocket health expenditure (% of current health expenditure)
"occupied Palestinian territory, including east Jerusalem",PSE,2001,40.0,Lower middle income,Out-of-pocket health expenditure (% of current health expenditure)
"occupied Palestinian territory, including east Jerusalem",PSE,2002,36.0,Lower middle income,Out-of-pocket health expenditure (% of current health expenditure)
"occupied Palestinian territory, including east Jerusalem",PSE,2003,40.3,Lower middle income,Out-of-pocket health expenditure (% of current health expenditure)
"occupied Palestinian territory, including east Jerusalem",PSE,2004,36.2,Lower middle income,Out-of-pocket health expenditure (% of current health expenditure)
"occupied Palestinian territory, including east Jerusalem",PSE,2005,37.0,Lower middle income,Out-of-pocket health expenditure (% of current health expenditure)
"occupied Palestinian territory, including east Jerusalem",PSE,2006,41.3,Lower middle income,Out-of-pocket health expenditure (% of current health expenditure)
"occupied Palestinian territory, including east Jerusalem",PSE,2007,37.3,Lower middle income,Out-of-pocket health expenditure (% of current health expenditure)
"occupied Palestinian territory, including east Jerusalem",PSE,2008,35.8,Lower middle income,Out-of-pocket health expenditure (% of current health expenditure)
"occupied Palestinian territory, including east Jerusalem",PSE,2009,39.2,Lower middle income,Out-of-pocket health expenditure (% of current health expenditure)
"occupied Palestinian territory, including east Jerusalem",PSE,2010,36.00000000000001,Lower middle income,Out-of-pocket health expenditure (% of current health expenditure)
"occupied Palestinian territory, including east Jerusalem",PSE,2011,44.599999999999994,Lower middle income,Out-of-pocket health expenditure (% of current health expenditure)
"occupied Palestinian territory, including east Jerusalem",PSE,2012,43.8,Lower middle income,Out-of-pocket health expenditure (% of current health expenditure)
"occupied Palestinian territory, including east Jerusalem",PSE,2013,42.7,Lower middle income,Out-of-pocket health expenditure (% of current health expenditure)
"occupied Palestinian territory, including east Jerusalem",PSE,2014,44.4,Lower middle income,Out-of-pocket health expenditure (% of current health expenditure)
"occupied Palestinian territory, including east Jerusalem",PSE,2015,44.80000000000001,Lower middle income,Out-of-pocket health expenditure (% of current health expenditure)
"occupied Palestinian territory, including east Jerusalem",PSE,2016,42.7,Lower middle income,Out-of-pocket health expenditure (% of current health expenditure)
"occupied Palestinian territory, including east Jerusalem",PSE,2017,41.73205820263013,Lower middle income,Out-of-pocket health expenditure (% of current health expenditure)
"occupied Palestinian territory, including east Jerusalem",PSE,2018,39.495082131596334,Lower middle income,Out-of-pocket health expenditure (% of current health expenditure)
"occupied Palestinian territory, including east Jerusalem",PSE,2019,38.696574507366904,Lower middle income,Out-of-pocket health expenditure (% of current health expenditure)
"occupied Palestinian territory, including east Jerusalem",PSE,2020,38.3919610709767,Lower middle income,Out-of-pocket health expenditure (% of current health expenditure)
"occupied Palestinian territory, including east Jerusalem",PSE,2021,33.39273132432225,Lower middle income,Out-of-pocket health expenditure (% of current health expenditure)
"occupied Palestinian territory, including east Jerusalem",PSE,2022,33.55230267225021,Lower middle income,Out-of-pocket health expenditure (% of current health expenditure)
Oman,OMN,2000,11.74951695413096,High income,Out-of-pocket health expenditure (% of current health expenditure)
Oman,OMN,2001,11.267132831298088,High income,Out-of-pocket health expenditure (% of current health expenditure)
Oman,OMN,2002,10.149189572662744,High income,Out-of-pocket health expenditure (% of current health expenditure)
Oman,OMN,2003,10.57715204844702,High income,Out-of-pocket health expenditure (% of current health expenditure)
Oman,OMN,2004,11.150682484859898,High income,Out-of-pocket health expenditure (% of current health expenditure)
Oman,OMN,2005,10.54691717195596,High income,Out-of-pocket health expenditure (% of current health expenditure)
Oman,OMN,2006,11.477662984780231,High income,Out-of-pocket health expenditure (% of current health expenditure)
Oman,OMN,2007,11.269730962180429,High income,Out-of-pocket health expenditure (% of current health expenditure)
Oman,OMN,2008,12.449211477693568,High income,Out-of-pocket health expenditure (% of current health expenditure)
Oman,OMN,2009,11.497238242779762,High income,Out-of-pocket health expenditure (% of current health expenditure)
Oman,OMN,2010,10.407287485054193,High income,Out-of-pocket health expenditure (% of current health expenditure)
Oman,OMN,2011,10.83927465637933,High income,Out-of-pocket health expenditure (% of current health expenditure)
Oman,OMN,2012,10.244284953279816,High income,Out-of-pocket health expenditure (% of current health expenditure)
Oman,OMN,2013,6.970318951153223,High income,Out-of-pocket health expenditure (% of current health expenditure)
Oman,OMN,2014,5.684079806270362,High income,Out-of-pocket health expenditure (% of current health expenditure)
Oman,OMN,2015,5.301489060335547,High income,Out-of-pocket health expenditure (% of current health expenditure)
Oman,OMN,2016,5.560497689660118,High income,Out-of-pocket health expenditure (% of current health expenditure)
Oman,OMN,2017,5.936874682566593,High income,Out-of-pocket health expenditure (% of current health expenditure)
Oman,OMN,2018,6.496743285235702,High income,Out-of-pocket health expenditure (% of current health expenditure)
Oman,OMN,2019,5.96134702668172,High income,Out-of-pocket health expenditure (% of current health expenditure)
Oman,OMN,2020,5.207502811678754,High income,Out-of-pocket health expenditure (% of current health expenditure)
Oman,OMN,2021,6.132633228967076,High income,Out-of-pocket health expenditure (% of current health expenditure)
Oman,OMN,2022,7.477706609703269,High income,Out-of-pocket health expenditure (% of current health expenditure)
Pakistan,PAK,2000,57.34227134653512,Lower middle income,Out-of-pocket health expenditure (% of current health expenditure)
Pakistan,PAK,2001,55.79309928219097,Lower middle income,Out-of-pocket health expenditure (% of current health expenditure)
Pakistan,PAK,2002,50.964853821224345,Lower middle income,Out-of-pocket health expenditure (% of current health expenditure)
Pakistan,PAK,2003,60.46445285573868,Lower middle income,Out-of-pocket health expenditure (% of current health expenditure)
Pakistan,PAK,2004,60.75031130652402,Lower middle income,Out-of-pocket health expenditure (% of current health expenditure)
Pakistan,PAK,2005,65.86717499143437,Lower middle income,Out-of-pocket health expenditure (% of current health expenditure)
Pakistan,PAK,2006,72.83743954050786,Lower middle income,Out-of-pocket health expenditure (% of current health expenditure)
Pakistan,PAK,2007,71.69874618194049,Lower middle income,Out-of-pocket health expenditure (% of current health expenditure)
Pakistan,PAK,2008,69.98925449602355,Lower middle income,Out-of-pocket health expenditure (% of current health expenditure)
Pakistan,PAK,2009,67.87589614315249,Lower middle income,Out-of-pocket health expenditure (% of current health expenditure)
Pakistan,PAK,2010,67.75833524489613,Lower middle income,Out-of-pocket health expenditure (% of current health expenditure)
Pakistan,PAK,2011,65.34801542111009,Lower middle income,Out-of-pocket health expenditure (% of current health expenditure)
Pakistan,PAK,2012,61.156576999385656,Lower middle income,Out-of-pocket health expenditure (% of current health expenditure)
Pakistan,PAK,2013,62.74438791290498,Lower middle income,Out-of-pocket health expenditure (% of current health expenditure)
Pakistan,PAK,2014,65.50694724919978,Lower middle income,Out-of-pocket health expenditure (% of current health expenditure)
Pakistan,PAK,2015,64.43974975689339,Lower middle income,Out-of-pocket health expenditure (% of current health expenditure)
Pakistan,PAK,2016,62.12799600532623,Lower middle income,Out-of-pocket health expenditure (% of current health expenditure)
Pakistan,PAK,2017,57.84242712682396,Lower middle income,Out-of-pocket health expenditure (% of current health expenditure)
Pakistan,PAK,2018,56.24115893705163,Lower middle income,Out-of-pocket health expenditure (% of current health expenditure)
Pakistan,PAK,2019,56.083011521500865,Lower middle income,Out-of-pocket health expenditure (% of current health expenditure)
Pakistan,PAK,2020,55.23900437402938,Lower middle income,Out-of-pocket health expenditure (% of current health expenditure)
Pakistan,PAK,2021,50.67524002128665,Lower middle income,Out-of-pocket health expenditure (% of current health expenditure)
Pakistan,PAK,2022,47.36522852907577,Lower middle income,Out-of-pocket health expenditure (% of current health expenditure)
Qatar,QAT,2000,30.03434956523544,High income,Out-of-pocket health expenditure (% of current health expenditure)
Qatar,QAT,2001,27.415474062727608,High income,Out-of-pocket health expenditure (% of current health expenditure)
Qatar,QAT,2002,27.512893400828567,High income,Out-of-pocket health expenditure (% of current health expenditure)
Qatar,QAT,2003,18.530933444857155,High income,Out-of-pocket health expenditure (% of current health expenditure)
Qatar,QAT,2004,18.55573296925055,High income,Out-of-pocket health expenditure (% of current health expenditure)
Qatar,QAT,2005,18.611860317328407,High income,Out-of-pocket health expenditure (% of current health expenditure)
Qatar,QAT,2006,18.66810046866424,High income,Out-of-pocket health expenditure (% of current health expenditure)
Qatar,QAT,2007,18.72445330573438,High income,Out-of-pocket health expenditure (% of current health expenditure)
Qatar,QAT,2008,18.78091870849766,High income,Out-of-pocket health expenditure (% of current health expenditure)
Qatar,QAT,2009,19.38055410350235,High income,Out-of-pocket health expenditure (% of current health expenditure)
Qatar,QAT,2010,18.726224076573818,High income,Out-of-pocket health expenditure (% of current health expenditure)
Qatar,QAT,2011,16.886705557261283,High income,Out-of-pocket health expenditure (% of current health expenditure)
Qatar,QAT,2012,10.883827339097667,High income,Out-of-pocket health expenditure (% of current health expenditure)
Qatar,QAT,2013,6.9094323039431105,High income,Out-of-pocket health expenditure (% of current health expenditure)
Qatar,QAT,2014,5.647692209571607,High income,Out-of-pocket health expenditure (% of current health expenditure)
Qatar,QAT,2015,5.316105597545914,High income,Out-of-pocket health expenditure (% of current health expenditure)
Qatar,QAT,2016,6.279732135393933,High income,Out-of-pocket health expenditure (% of current health expenditure)
Qatar,QAT,2017,6.881376902466529,High income,Out-of-pocket health expenditure (% of current health expenditure)
Qatar,QAT,2018,6.738062904201353,High income,Out-of-pocket health expenditure (% of current health expenditure)
Qatar,QAT,2019,6.390301737036775,High income,Out-of-pocket health expenditure (% of current health expenditure)
Qatar,QAT,2020,5.8985959163626625,High income,Out-of-pocket health expenditure (% of current health expenditure)
Qatar,QAT,2021,6.557579595663382,High income,Out-of-pocket health expenditure (% of current health expenditure)
Qatar,QAT,2022,7.733138306613922,High income,Out-of-pocket health expenditure (% of current health expenditure)
Saudi Arabia,SAU,2000,18.462463666432797,High income,Out-of-pocket health expenditure (% of current health expenditure)
Saudi Arabia,SAU,2001,18.033691453795967,High income,Out-of-pocket health expenditure (% of current health expenditure)
Saudi Arabia,SAU,2002,18.451711127291983,High income,Out-of-pocket health expenditure (% of current health expenditure)
Saudi Arabia,SAU,2003,17.949195702130304,High income,Out-of-pocket health expenditure (% of current health expenditure)
Saudi Arabia,SAU,2004,18.1509705248023,High income,Out-of-pocket health expenditure (% of current health expenditure)
Saudi Arabia,SAU,2005,16.491586652723644,High income,Out-of-pocket health expenditure (% of current health expenditure)
Saudi Arabia,SAU,2006,15.393951257707744,High income,Out-of-pocket health expenditure (% of current health expenditure)
Saudi Arabia,SAU,2007,16.73869980190888,High income,Out-of-pocket health expenditure (% of current health expenditure)
Saudi Arabia,SAU,2008,19.369042685453792,High income,Out-of-pocket health expenditure (% of current health expenditure)
Saudi Arabia,SAU,2009,18.350763347721543,High income,Out-of-pocket health expenditure (% of current health expenditure)
Saudi Arabia,SAU,2010,18.94513950398583,High income,Out-of-pocket health expenditure (% of current health expenditure)
Saudi Arabia,SAU,2011,15.621153578576704,High income,Out-of-pocket health expenditure (% of current health expenditure)
Saudi Arabia,SAU,2012,15.156213380446736,High income,Out-of-pocket health expenditure (% of current health expenditure)
Saudi Arabia,SAU,2013,14.35986435906459,High income,Out-of-pocket health expenditure (% of current health expenditure)
Saudi Arabia,SAU,2014,13.135870408211437,High income,Out-of-pocket health expenditure (% of current health expenditure)
Saudi Arabia,SAU,2015,14.38336617517157,High income,Out-of-pocket health expenditure (% of current health expenditure)
Saudi Arabia,SAU,2016,14.451419590280148,High income,Out-of-pocket health expenditure (% of current health expenditure)
Saudi Arabia,SAU,2017,14.323529955802288,High income,Out-of-pocket health expenditure (% of current health expenditure)
Saudi Arabia,SAU,2018,15.898353594522089,High income,Out-of-pocket health expenditure (% of current health expenditure)
Saudi Arabia,SAU,2019,11.404073756177793,High income,Out-of-pocket health expenditure (% of current health expenditure)
Saudi Arabia,SAU,2020,10.081579840253871,High income,Out-of-pocket health expenditure (% of current health expenditure)
Saudi Arabia,SAU,2021,10.15629528628778,High income,Out-of-pocket health expenditure (% of current health expenditure)
Saudi Arabia,SAU,2022,11.016180337706292,High income,Out-of-pocket health expenditure (% of current health expenditure)
Somalia,SOM,2013,38.32801554576541,Low income,Out-of-pocket health expenditure (% of current health expenditure)
Somalia,SOM,2014,39.701589522406614,Low income,Out-of-pocket health expenditure (% of current health expenditure)
Somalia,SOM,2015,37.602152028509295,Low income,Out-of-pocket health expenditure (% of current health expenditure)
Somalia,SOM,2016,45.16386453975277,Low income,Out-of-pocket health expenditure (% of current health expenditure)
Somalia,SOM,2017,39.84605203773555,Low income,Out-of-pocket health expenditure (% of current health expenditure)
Somalia,SOM,2018,43.4637217728032,Low income,Out-of-pocket health expenditure (% of current health expenditure)
Somalia,SOM,2019,45.40616170411163,Low income,Out-of-pocket health expenditure (% of current health expenditure)
Somalia,SOM,2020,48.49442407350201,Low income,Out-of-pocket health expenditure (% of current health expenditure)
Somalia,SOM,2021,42.59476928237813,Low income,Out-of-pocket health expenditure (% of current health expenditure)
Somalia,SOM,2022,42.14455123714493,Low income,Out-of-pocket health expenditure (% of current health expenditure)
Sudan,SDN,2000,61.82266009852217,Low income,Out-of-pocket health expenditure (% of current health expenditure)
Sudan,SDN,2001,62.280701754385966,Low income,Out-of-pocket health expenditure (% of current health expenditure)
Sudan,SDN,2002,61.421319796954315,Low income,Out-of-pocket health expenditure (% of current health expenditure)
Sudan,SDN,2003,62.560508966852616,Low income,Out-of-pocket health expenditure (% of current health expenditure)
Sudan,SDN,2004,57.17787114845938,Low income,Out-of-pocket health expenditure (% of current health expenditure)
Sudan,SDN,2005,54.63094898831576,Low income,Out-of-pocket health expenditure (% of current health expenditure)
Sudan,SDN,2006,55.78925447730113,Low income,Out-of-pocket health expenditure (% of current health expenditure)
Sudan,SDN,2007,58.00176834659593,Low income,Out-of-pocket health expenditure (% of current health expenditure)
Sudan,SDN,2008,62.40304803374609,Low income,Out-of-pocket health expenditure (% of current health expenditure)
Sudan,SDN,2009,52.47582430385646,Low income,Out-of-pocket health expenditure (% of current health expenditure)
Sudan,SDN,2010,61.3134466412302,Low income,Out-of-pocket health expenditure (% of current health expenditure)
Sudan,SDN,2011,65.93135167362234,Low income,Out-of-pocket health expenditure (% of current health expenditure)
Sudan,SDN,2012,65.45468701339146,Low income,Out-of-pocket health expenditure (% of current health expenditure)
Sudan,SDN,2013,74.83428571428571,Low income,Out-of-pocket health expenditure (% of current health expenditure)
Sudan,SDN,2014,67.03178093144113,Low income,Out-of-pocket health expenditure (% of current health expenditure)
Sudan,SDN,2015,79.40107019231863,Low income,Out-of-pocket health expenditure (% of current health expenditure)
Sudan,SDN,2016,71.18588745766787,Low income,Out-of-pocket health expenditure (% of current health expenditure)
Sudan,SDN,2017,72.54642118810042,Low income,Out-of-pocket health expenditure (% of current health expenditure)
Sudan,SDN,2018,66.95340326622775,Low income,Out-of-pocket health expenditure (% of current health expenditure)
Sudan,SDN,2019,67.37359524542367,Low income,Out-of-pocket health expenditure (% of current health expenditure)
Sudan,SDN,2020,52.96360730609965,Low income,Out-of-pocket health expenditure (% of current health expenditure)
Sudan,SDN,2021,56.857883253032035,Low income,Out-of-pocket health expenditure (% of current health expenditure)
Sudan,SDN,2022,51.418955377995154,Low income,Out-of-pocket health expenditure (% of current health expenditure)
Syrian Arab Republic,SYR,2000,64.32570584472998,Low income,Out-of-pocket health expenditure (% of current health expenditure)
Syrian Arab Republic,SYR,2001,58.37926789052136,Low income,Out-of-pocket health expenditure (% of current health expenditure)
Syrian Arab Republic,SYR,2002,54.17683371800762,Low income,Out-of-pocket health expenditure (% of current health expenditure)
Syrian Arab Republic,SYR,2003,51.735604018555854,Low income,Out-of-pocket health expenditure (% of current health expenditure)
Syrian Arab Republic,SYR,2004,52.02073620055235,Low income,Out-of-pocket health expenditure (% of current health expenditure)
Syrian Arab Republic,SYR,2005,49.49593791038821,Low income,Out-of-pocket health expenditure (% of current health expenditure)
Syrian Arab Republic,SYR,2006,51.46001242237321,Low income,Out-of-pocket health expenditure (% of current health expenditure)
Syrian Arab Republic,SYR,2007,51.91991547367077,Low income,Out-of-pocket health expenditure (% of current health expenditure)
Syrian Arab Republic,SYR,2008,53.01201477607702,Low income,Out-of-pocket health expenditure (% of current health expenditure)
Syrian Arab Republic,SYR,2009,54.0,Low income,Out-of-pocket health expenditure (% of current health expenditure)
Syrian Arab Republic,SYR,2010,54.00000000251447,Low income,Out-of-pocket health expenditure (% of current health expenditure)
Syrian Arab Republic,SYR,2011,53.36600657700883,Low income,Out-of-pocket health expenditure (% of current health expenditure)
Syrian Arab Republic,SYR,2012,53.68985995992725,Low income,Out-of-pocket health expenditure (% of current health expenditure)
Syrian Arab Republic,SYR,2013,47.45888070555756,Low income,Out-of-pocket health expenditure (% of current health expenditure)
Syrian Arab Republic,SYR,2014,49.41708955327408,Low income,Out-of-pocket health expenditure (% of current health expenditure)
Syrian Arab Republic,SYR,2015,47.141771146483,Low income,Out-of-pocket health expenditure (% of current health expenditure)
Syrian Arab Republic,SYR,2016,46.86003791452454,Low income,Out-of-pocket health expenditure (% of current health expenditure)
Syrian Arab Republic,SYR,2017,44.883069713899054,Low income,Out-of-pocket health expenditure (% of current health expenditure)
Syrian Arab Republic,SYR,2018,43.79974361736222,Low income,Out-of-pocket health expenditure (% of current health expenditure)
Syrian Arab Republic,SYR,2019,41.80766531778858,Low income,Out-of-pocket health expenditure (% of current health expenditure)
Syrian Arab Republic,SYR,2020,47.762235879379425,Low income,Out-of-pocket health expenditure (% of current health expenditure)
Syrian Arab Republic,SYR,2021,48.297891713634144,Low income,Out-of-pocket health expenditure (% of current health expenditure)
Syrian Arab Republic,SYR,2022,45.73065777102264,Low income,Out-of-pocket health expenditure (% of current health expenditure)
Tunisia,TUN,2000,38.62986151631459,Lower middle income,Out-of-pocket health expenditure (% of current health expenditure)
Tunisia,TUN,2001,39.44774014517901,Lower middle income,Out-of-pocket health expenditure (% of current health expenditure)
Tunisia,TUN,2002,40.20476557956791,Lower middle income,Out-of-pocket health expenditure (% of current health expenditure)
Tunisia,TUN,2003,40.8963990249564,Lower middle income,Out-of-pocket health expenditure (% of current health expenditure)
Tunisia,TUN,2004,41.51860520126933,Lower middle income,Out-of-pocket health expenditure (% of current health expenditure)
Tunisia,TUN,2005,42.11570363493721,Lower middle income,Out-of-pocket health expenditure (% of current health expenditure)
Tunisia,TUN,2006,42.67474416127439,Lower middle income,Out-of-pocket health expenditure (% of current health expenditure)
Tunisia,TUN,2007,42.8681333171281,Lower middle income,Out-of-pocket health expenditure (% of current health expenditure)
Tunisia,TUN,2008,42.79279268686949,Lower middle income,Out-of-pocket health expenditure (% of current health expenditure)
Tunisia,TUN,2009,42.521300268123056,Lower middle income,Out-of-pocket health expenditure (% of current health expenditure)
Tunisia,TUN,2010,42.105831293269766,Lower middle income,Out-of-pocket health expenditure (% of current health expenditure)
Tunisia,TUN,2011,41.58300107367289,Lower middle income,Out-of-pocket health expenditure (% of current health expenditure)
Tunisia,TUN,2012,40.97820706035311,Lower middle income,Out-of-pocket health expenditure (% of current health expenditure)
Tunisia,TUN,2013,39.06398654579148,Lower middle income,Out-of-pocket health expenditure (% of current health expenditure)
Tunisia,TUN,2014,38.00471070600986,Lower middle income,Out-of-pocket health expenditure (% of current health expenditure)
Tunisia,TUN,2015,39.67178175809056,Lower middle income,Out-of-pocket health expenditure (% of current health expenditure)
Tunisia,TUN,2016,39.75572530616465,Lower middle income,Out-of-pocket health expenditure (% of current health expenditure)
Tunisia,TUN,2017,40.51967280345422,Lower middle income,Out-of-pocket health expenditure (% of current health expenditure)
Tunisia,TUN,2018,41.915176175378264,Lower middle income,Out-of-pocket health expenditure (% of current health expenditure)
Tunisia,TUN,2019,35.576507920563785,Lower middle income,Out-of-pocket health expenditure (% of current health expenditure)
Tunisia,TUN,2020,33.43321338970788,Lower middle income,Out-of-pocket health expenditure (% of current health expenditure)
Tunisia,TUN,2021,33.77783710991003,Lower middle income,Out-of-pocket health expenditure (% of current health expenditure)
Tunisia,TUN,2022,33.865464228634586,Lower middle income,Out-of-pocket health expenditure (% of current health expenditure)
United Arab Emirates,ARE,2000,22.083434661065997,High income,Out-of-pocket health expenditure (% of current health expenditure)
United Arab Emirates,ARE,2001,15.085932527052831,High income,Out-of-pocket health expenditure (% of current health expenditure)
United Arab Emirates,ARE,2002,28.041507941801154,High income,Out-of-pocket health expenditure (% of current health expenditure)
United Arab Emirates,ARE,2003,27.456929384050465,High income,Out-of-pocket health expenditure (% of current health expenditure)
United Arab Emirates,ARE,2004,30.40837997713301,High income,Out-of-pocket health expenditure (% of current health expenditure)
United Arab Emirates,ARE,2005,30.139191228625556,High income,Out-of-pocket health expenditure (% of current health expenditure)
United Arab Emirates,ARE,2006,29.709606159552845,High income,Out-of-pocket health expenditure (% of current health expenditure)
United Arab Emirates,ARE,2007,28.876251550343262,High income,Out-of-pocket health expenditure (% of current health expenditure)
United Arab Emirates,ARE,2008,25.1365182670622,High income,Out-of-pocket health expenditure (% of current health expenditure)
United Arab Emirates,ARE,2009,16.10036892485088,High income,Out-of-pocket health expenditure (% of current health expenditure)
United Arab Emirates,ARE,2010,17.94574428839636,High income,Out-of-pocket health expenditure (% of current health expenditure)
United Arab Emirates,ARE,2011,16.884037338744605,High income,Out-of-pocket health expenditure (% of current health expenditure)
United Arab Emirates,ARE,2012,16.738803959382683,High income,Out-of-pocket health expenditure (% of current health expenditure)
United Arab Emirates,ARE,2013,17.15579433011528,High income,Out-of-pocket health expenditure (% of current health expenditure)
United Arab Emirates,ARE,2014,17.807826609354883,High income,Out-of-pocket health expenditure (% of current health expenditure)
United Arab Emirates,ARE,2015,17.789649853574875,High income,Out-of-pocket health expenditure (% of current health expenditure)
United Arab Emirates,ARE,2016,15.991594718619092,High income,Out-of-pocket health expenditure (% of current health expenditure)
United Arab Emirates,ARE,2017,11.41661802696186,High income,Out-of-pocket health expenditure (% of current health expenditure)
United Arab Emirates,ARE,2018,12.696112388910914,High income,Out-of-pocket health expenditure (% of current health expenditure)
United Arab Emirates,ARE,2019,12.231621143658938,High income,Out-of-pocket health expenditure (% of current health expenditure)
United Arab Emirates,ARE,2020,11.21054455563054,High income,Out-of-pocket health expenditure (% of current health expenditure)
United Arab Emirates,ARE,2021,10.46759379153093,High income,Out-of-pocket health expenditure (% of current health expenditure)
United Arab Emirates,ARE,2022,12.288394209119788,High income,Out-of-pocket health expenditure (% of current health expenditure)
Yemen,YEM,2000,43.4933029506077,Low income,Out-of-pocket health expenditure (% of current health expenditure)
Yemen,YEM,2001,44.626178816378875,Low income,Out-of-pocket health expenditure (% of current health expenditure)
Yemen,YEM,2002,46.67703413739257,Low income,Out-of-pocket health expenditure (% of current health expenditure)
Yemen,YEM,2003,54.26418943938148,Low income,Out-of-pocket health expenditure (% of current health expenditure)
Yemen,YEM,2004,60.45805955902316,Low income,Out-of-pocket health expenditure (% of current health expenditure)
Yemen,YEM,2005,64.78065709068176,Low income,Out-of-pocket health expenditure (% of current health expenditure)
Yemen,YEM,2006,65.89186842026332,Low income,Out-of-pocket health expenditure (% of current health expenditure)
Yemen,YEM,2007,69.15579702950647,Low income,Out-of-pocket health expenditure (% of current health expenditure)
Yemen,YEM,2008,68.61846062522159,Low income,Out-of-pocket health expenditure (% of current health expenditure)
Yemen,YEM,2009,74.21583594439015,Low income,Out-of-pocket health expenditure (% of current health expenditure)
Yemen,YEM,2010,74.0169006656335,Low income,Out-of-pocket health expenditure (% of current health expenditure)
Yemen,YEM,2011,72.48512741231421,Low income,Out-of-pocket health expenditure (% of current health expenditure)
Yemen,YEM,2012,71.61329877607751,Low income,Out-of-pocket health expenditure (% of current health expenditure)
Yemen,YEM,2013,74.58348100555004,Low income,Out-of-pocket health expenditure (% of current health expenditure)
Yemen,YEM,2014,76.41697531670026,Low income,Out-of-pocket health expenditure (% of current health expenditure)
Yemen,YEM,2015,80.9572379631274,Low income,Out-of-pocket health expenditure (% of current health expenditure)
Yemen,YEM,2016,77.87443882169528,Low income,Out-of-pocket health expenditure (% of current health expenditure)
Yemen,YEM,2017,82.77057955446183,Low income,Out-of-pocket health expenditure (% of current health expenditure)
Yemen,YEM,2018,75.94067632615824,Low income,Out-of-pocket health expenditure (% of current health expenditure)
Yemen,YEM,2019,73.29613256601624,Low income,Out-of-pocket health expenditure (% of current health expenditure)
Yemen,YEM,2020,69.91931013802439,Low income,Out-of-pocket health expenditure (% of current health expenditure)
Yemen,YEM,2021,72.10394350529782,Low income,Out-of-pocket health expenditure (% of current health expenditure)
Yemen,YEM,2022,70.20210164119148,Low income,Out-of-pocket health expenditure (% of current health expenditure)
Albania,ALB,2000,51.814197488073965,Upper middle income,Out-of-pocket health expenditure (% of current health expenditure)
Albania,ALB,2001,49.12819477475349,Upper middle income,Out-of-pocket health expenditure (% of current health expenditure)
Albania,ALB,2002,50.85527114116403,Upper middle income,Out-of-pocket health expenditure (% of current health expenditure)
Albania,ALB,2003,49.916486571115264,Upper middle income,Out-of-pocket health expenditure (% of current health expenditure)
Albania,ALB,2004,48.34204028185532,Upper middle income,Out-of-pocket health expenditure (% of current health expenditure)
Albania,ALB,2005,49.3110106875959,Upper middle income,Out-of-pocket health expenditure (% of current health expenditure)
Albania,ALB,2006,49.04850392613702,Upper middle income,Out-of-pocket health expenditure (% of current health expenditure)
Albania,ALB,2007,49.40165069435963,Upper middle income,Out-of-pocket health expenditure (% of current health expenditure)
Albania,ALB,2008,56.23107028694511,Upper middle income,Out-of-pocket health expenditure (% of current health expenditure)
Albania,ALB,2009,56.53381757944841,Upper middle income,Out-of-pocket health expenditure (% of current health expenditure)
Albania,ALB,2010,59.966807484853085,Upper middle income,Out-of-pocket health expenditure (% of current health expenditure)
Albania,ALB,2011,59.840969144512584,Upper middle income,Out-of-pocket health expenditure (% of current health expenditure)
Albania,ALB,2012,58.212578806908105,Upper middle income,Out-of-pocket health expenditure (% of current health expenditure)
Albania,ALB,2013,57.72882294980981,Upper middle income,Out-of-pocket health expenditure (% of current health expenditure)
Albania,ALB,2014,59.18069256116381,Upper middle income,Out-of-pocket health expenditure (% of current health expenditure)
Albania,ALB,2015,57.34070368319117,Upper middle income,Out-of-pocket health expenditure (% of current health expenditure)
Albania,ALB,2016,56.51747807014554,Upper middle income,Out-of-pocket health expenditure (% of current health expenditure)
Albania,ALB,2017,57.18074187751909,Upper middle income,Out-of-pocket health expenditure (% of current health expenditure)
Albania,ALB,2018,56.41461523497492,Upper middle income,Out-of-pocket health expenditure (% of current health expenditure)
Albania,ALB,2019,56.41222500772797,Upper middle income,Out-of-pocket health expenditure (% of current health expenditure)
Albania,ALB,2020,59.39613316111405,Upper middle income,Out-of-pocket health expenditure (% of current health expenditure)
Albania,ALB,2021,59.704233260958155,Upper middle income,Out-of-pocket health expenditure (% of current health expenditure)
Albania,ALB,2022,51.260521556489785,Upper middle income,Out-of-pocket health expenditure (% of current health expenditure)
Andorra,AND,2000,15.401141130136445,High income,Out-of-pocket health expenditure (% of current health expenditure)
Andorra,AND,2001,15.558507716322024,High income,Out-of-pocket health expenditure (% of current health expenditure)
Andorra,AND,2002,15.049818533124526,High income,Out-of-pocket health expenditure (% of current health expenditure)
Andorra,AND,2003,16.056702343450542,High income,Out-of-pocket health expenditure (% of current health expenditure)
Andorra,AND,2004,16.93690281873587,High income,Out-of-pocket health expenditure (% of current health expenditure)
Andorra,AND,2005,15.96540702074793,High income,Out-of-pocket health expenditure (% of current health expenditure)
Andorra,AND,2006,17.891497020007005,High income,Out-of-pocket health expenditure (% of current health expenditure)
Andorra,AND,2007,18.00020959979657,High income,Out-of-pocket health expenditure (% of current health expenditure)
Andorra,AND,2008,15.581657129915618,High income,Out-of-pocket health expenditure (% of current health expenditure)
Andorra,AND,2009,14.396502325400844,High income,Out-of-pocket health expenditure (% of current health expenditure)
Andorra,AND,2010,11.638365425557204,High income,Out-of-pocket health expenditure (% of current health expenditure)
Andorra,AND,2011,11.800859985878896,High income,Out-of-pocket health expenditure (% of current health expenditure)
Andorra,AND,2012,13.639509993158857,High income,Out-of-pocket health expenditure (% of current health expenditure)
Andorra,AND,2013,13.333333333333334,High income,Out-of-pocket health expenditure (% of current health expenditure)
Andorra,AND,2014,12.76978417266187,High income,Out-of-pocket health expenditure (% of current health expenditure)
Andorra,AND,2015,13.11098332374928,High income,Out-of-pocket health expenditure (% of current health expenditure)
Andorra,AND,2016,12.562257885998894,High income,Out-of-pocket health expenditure (% of current health expenditure)
Andorra,AND,2017,12.087326943556974,High income,Out-of-pocket health expenditure (% of current health expenditure)
Andorra,AND,2018,12.338308457711443,High income,Out-of-pocket health expenditure (% of current health expenditure)
Andorra,AND,2019,12.742248062015504,High income,Out-of-pocket health expenditure (% of current health expenditure)
Andorra,AND,2020,11.151079136690647,High income,Out-of-pocket health expenditure (% of current health expenditure)
Andorra,AND,2021,11.738085877589652,High income,Out-of-pocket health expenditure (% of current health expenditure)
Andorra,AND,2022,8.844646165307177,High income,Out-of-pocket health expenditure (% of current health expenditure)
Armenia,ARM,2000,62.0109537124766,Upper middle income,Out-of-pocket health expenditure (% of current health expenditure)
Armenia,ARM,2001,50.879601662181706,Upper middle income,Out-of-pocket health expenditure (% of current health expenditure)
Armenia,ARM,2002,75.23449625480802,Upper middle income,Out-of-pocket health expenditure (% of current health expenditure)
Armenia,ARM,2003,76.42555234527045,Upper middle income,Out-of-pocket health expenditure (% of current health expenditure)
Armenia,ARM,2004,71.5887057682986,Upper middle income,Out-of-pocket health expenditure (% of current health expenditure)
Armenia,ARM,2005,62.93591937630728,Upper middle income,Out-of-pocket health expenditure (% of current health expenditure)
Armenia,ARM,2006,61.17357084478309,Upper middle income,Out-of-pocket health expenditure (% of current health expenditure)
Armenia,ARM,2007,58.22918591757531,Upper middle income,Out-of-pocket health expenditure (% of current health expenditure)
Armenia,ARM,2008,71.43701302538388,Upper middle income,Out-of-pocket health expenditure (% of current health expenditure)
Armenia,ARM,2009,73.63292294005443,Upper middle income,Out-of-pocket health expenditure (% of current health expenditure)
Armenia,ARM,2010,77.62413045315009,Upper middle income,Out-of-pocket health expenditure (% of current health expenditure)
Armenia,ARM,2011,78.41966483727442,Upper middle income,Out-of-pocket health expenditure (% of current health expenditure)
Armenia,ARM,2012,78.58730069126197,Upper middle income,Out-of-pocket health expenditure (% of current health expenditure)
Armenia,ARM,2013,82.87557490022304,Upper middle income,Out-of-pocket health expenditure (% of current health expenditure)
Armenia,ARM,2014,82.48136716103289,Upper middle income,Out-of-pocket health expenditure (% of current health expenditure)
Armenia,ARM,2015,81.62987756125857,Upper middle income,Out-of-pocket health expenditure (% of current health expenditure)
Armenia,ARM,2016,80.64695422287362,Upper middle income,Out-of-pocket health expenditure (% of current health expenditure)
Armenia,ARM,2017,84.34802763098322,Upper middle income,Out-of-pocket health expenditure (% of current health expenditure)
Armenia,ARM,2018,84.27638502338213,Upper middle income,Out-of-pocket health expenditure (% of current health expenditure)
Armenia,ARM,2019,84.79430364872144,Upper middle income,Out-of-pocket health expenditure (% of current health expenditure)
Armenia,ARM,2020,77.84781730453969,Upper middle income,Out-of-pocket health expenditure (% of current health expenditure)
Armenia,ARM,2021,78.65647881066158,Upper middle income,Out-of-pocket health expenditure (% of current health expenditure)
Armenia,ARM,2022,79.09084107244904,Upper middle income,Out-of-pocket health expenditure (% of current health expenditure)
Austria,AUT,2000,17.822219217772535,High income,Out-of-pocket health expenditure (% of current health expenditure)
Austria,AUT,2001,18.46295775204614,High income,Out-of-pocket health expenditure (% of current health expenditure)
Austria,AUT,2002,18.613286427771975,High income,Out-of-pocket health expenditure (% of current health expenditure)
Austria,AUT,2003,18.888368982507775,High income,Out-of-pocket health expenditure (% of current health expenditure)
Austria,AUT,2004,19.301904387396828,High income,Out-of-pocket health expenditure (% of current health expenditure)
Austria,AUT,2005,19.18326003097808,High income,Out-of-pocket health expenditure (% of current health expenditure)
Austria,AUT,2006,18.80627758263356,High income,Out-of-pocket health expenditure (% of current health expenditure)
Austria,AUT,2007,18.806138596267953,High income,Out-of-pocket health expenditure (% of current health expenditure)
Austria,AUT,2008,18.243933032001166,High income,Out-of-pocket health expenditure (% of current health expenditure)
Austria,AUT,2009,18.05128570049707,High income,Out-of-pocket health expenditure (% of current health expenditure)
Austria,AUT,2010,18.601626503360983,High income,Out-of-pocket health expenditure (% of current health expenditure)
Austria,AUT,2011,18.739562868112667,High income,Out-of-pocket health expenditure (% of current health expenditure)
Austria,AUT,2012,18.674092120842143,High income,Out-of-pocket health expenditure (% of current health expenditure)
Austria,AUT,2013,19.17125071923627,High income,Out-of-pocket health expenditure (% of current health expenditure)
Austria,AUT,2014,19.09817555082757,High income,Out-of-pocket health expenditure (% of current health expenditure)
Austria,AUT,2015,19.09111285442116,High income,Out-of-pocket health expenditure (% of current health expenditure)
Austria,AUT,2016,19.243352904969985,High income,Out-of-pocket health expenditure (% of current health expenditure)
Austria,AUT,2017,19.152759393064148,High income,Out-of-pocket health expenditure (% of current health expenditure)
Austria,AUT,2018,18.425347353721182,High income,Out-of-pocket health expenditure (% of current health expenditure)
Austria,AUT,2019,17.915198048900784,High income,Out-of-pocket health expenditure (% of current health expenditure)
Austria,AUT,2020,16.471934163472035,High income,Out-of-pocket health expenditure (% of current health expenditure)
Austria,AUT,2021,15.734798767955567,High income,Out-of-pocket health expenditure (% of current health expenditure)
Austria,AUT,2022,15.990578713278415,High income,Out-of-pocket health expenditure (% of current health expenditure)
Azerbaijan,AZE,2000,70.00448838461435,Upper middle income,Out-of-pocket health expenditure (% of current health expenditure)
Azerbaijan,AZE,2001,69.6222065033716,Upper middle income,Out-of-pocket health expenditure (% of current health expenditure)
Azerbaijan,AZE,2002,72.33946978773757,Upper middle income,Out-of-pocket health expenditure (% of current health expenditure)
Azerbaijan,AZE,2003,69.06076041816553,Upper middle income,Out-of-pocket health expenditure (% of current health expenditure)
Azerbaijan,AZE,2004,65.92002454875504,Upper middle income,Out-of-pocket health expenditure (% of current health expenditure)
Azerbaijan,AZE,2005,59.336259809543265,Upper middle income,Out-of-pocket health expenditure (% of current health expenditure)
Azerbaijan,AZE,2006,56.28426853647473,Upper middle income,Out-of-pocket health expenditure (% of current health expenditure)
Azerbaijan,AZE,2007,52.60792012864213,Upper middle income,Out-of-pocket health expenditure (% of current health expenditure)
Azerbaijan,AZE,2008,56.54062455795707,Upper middle income,Out-of-pocket health expenditure (% of current health expenditure)
Azerbaijan,AZE,2009,57.8949099922562,Upper middle income,Out-of-pocket health expenditure (% of current health expenditure)
Azerbaijan,AZE,2010,60.27913913184808,Upper middle income,Out-of-pocket health expenditure (% of current health expenditure)
Azerbaijan,AZE,2011,62.14058220150624,Upper middle income,Out-of-pocket health expenditure (% of current health expenditure)
Azerbaijan,AZE,2012,62.97990449254877,Upper middle income,Out-of-pocket health expenditure (% of current health expenditure)
Azerbaijan,AZE,2013,66.25044184923044,Upper middle income,Out-of-pocket health expenditure (% of current health expenditure)
Azerbaijan,AZE,2014,67.54847692573836,Upper middle income,Out-of-pocket health expenditure (% of current health expenditure)
Azerbaijan,AZE,2015,69.12871396967493,Upper middle income,Out-of-pocket health expenditure (% of current health expenditure)
Azerbaijan,AZE,2016,70.02903631335721,Upper middle income,Out-of-pocket health expenditure (% of current health expenditure)
Azerbaijan,AZE,2017,71.84921280753404,Upper middle income,Out-of-pocket health expenditure (% of current health expenditure)
Azerbaijan,AZE,2018,73.3860550947623,Upper middle income,Out-of-pocket health expenditure (% of current health expenditure)
Azerbaijan,AZE,2019,71.34140805662084,Upper middle income,Out-of-pocket health expenditure (% of current health expenditure)
Azerbaijan,AZE,2020,57.828123940791585,Upper middle income,Out-of-pocket health expenditure (% of current health expenditure)
Azerbaijan,AZE,2021,66.03176855287589,Upper middle income,Out-of-pocket health expenditure (% of current health expenditure)
Azerbaijan,AZE,2022,64.46770547593927,Upper middle income,Out-of-pocket health expenditure (% of current health expenditure)
Belarus,BLR,2000,16.01373017224969,Upper middle income,Out-of-pocket health expenditure (% of current health expenditure)
Belarus,BLR,2001,20.720871215937233,Upper middle income,Out-of-pocket health expenditure (% of current health expenditure)
Belarus,BLR,2002,23.023610515238143,Upper middle income,Out-of-pocket health expenditure (% of current health expenditure)
Belarus,BLR,2003,20.16473488506467,Upper middle income,Out-of-pocket health expenditure (% of current health expenditure)
Belarus,BLR,2004,19.22298599679664,Upper middle income,Out-of-pocket health expenditure (% of current health expenditure)
Belarus,BLR,2005,21.783041542842163,Upper middle income,Out-of-pocket health expenditure (% of current health expenditure)
Belarus,BLR,2006,24.388736655691968,Upper middle income,Out-of-pocket health expenditure (% of current health expenditure)
Belarus,BLR,2007,25.795337890072513,Upper middle income,Out-of-pocket health expenditure (% of current health expenditure)
Belarus,BLR,2008,29.839452041303417,Upper middle income,Out-of-pocket health expenditure (% of current health expenditure)
Belarus,BLR,2009,30.9181685561103,Upper middle income,Out-of-pocket health expenditure (% of current health expenditure)
Belarus,BLR,2010,29.165052002972818,Upper middle income,Out-of-pocket health expenditure (% of current health expenditure)
Belarus,BLR,2011,33.586865885574014,Upper middle income,Out-of-pocket health expenditure (% of current health expenditure)
Belarus,BLR,2012,30.77361508009698,Upper middle income,Out-of-pocket health expenditure (% of current health expenditure)
Belarus,BLR,2013,33.79212316529429,Upper middle income,Out-of-pocket health expenditure (% of current health expenditure)
Belarus,BLR,2014,34.8943994047176,Upper middle income,Out-of-pocket health expenditure (% of current health expenditure)
Belarus,BLR,2015,36.202929477388295,Upper middle income,Out-of-pocket health expenditure (% of current health expenditure)
Belarus,BLR,2016,26.714183891660728,Upper middle income,Out-of-pocket health expenditure (% of current health expenditure)
Belarus,BLR,2017,27.057556528516702,Upper middle income,Out-of-pocket health expenditure (% of current health expenditure)
Belarus,BLR,2018,25.445595226473312,Upper middle income,Out-of-pocket health expenditure (% of current health expenditure)
Belarus,BLR,2019,25.690031958575165,Upper middle income,Out-of-pocket health expenditure (% of current health expenditure)
Belarus,BLR,2020,24.766184959496872,Upper middle income,Out-of-pocket health expenditure (% of current health expenditure)
Belarus,BLR,2021,21.926997385726704,Upper middle income,Out-of-pocket health expenditure (% of current health expenditure)
Belarus,BLR,2022,27.618536106387545,Upper middle income,Out-of-pocket health expenditure (% of current health expenditure)
Belgium,BEL,2000,20.204310512970547,High income,Out-of-pocket health expenditure (% of current health expenditure)
Belgium,BEL,2001,19.565984310448872,High income,Out-of-pocket health expenditure (% of current health expenditure)
Belgium,BEL,2002,20.847338319401675,High income,Out-of-pocket health expenditure (% of current health expenditure)
Belgium,BEL,2003,20.7439954329234,High income,Out-of-pocket health expenditure (% of current health expenditure)
Belgium,BEL,2004,19.938501499278804,High income,Out-of-pocket health expenditure (% of current health expenditure)
Belgium,BEL,2005,20.007852903872653,High income,Out-of-pocket health expenditure (% of current health expenditure)
Belgium,BEL,2006,20.207298524595657,High income,Out-of-pocket health expenditure (% of current health expenditure)
Belgium,BEL,2007,20.565155295058716,High income,Out-of-pocket health expenditure (% of current health expenditure)
Belgium,BEL,2008,19.906121639925924,High income,Out-of-pocket health expenditure (% of current health expenditure)
Belgium,BEL,2009,19.67324996357202,High income,Out-of-pocket health expenditure (% of current health expenditure)
Belgium,BEL,2010,19.724960984344627,High income,Out-of-pocket health expenditure (% of current health expenditure)
Belgium,BEL,2011,19.597391041889527,High income,Out-of-pocket health expenditure (% of current health expenditure)
Belgium,BEL,2012,19.44441066485057,High income,Out-of-pocket health expenditure (% of current health expenditure)
Belgium,BEL,2013,19.74011241071306,High income,Out-of-pocket health expenditure (% of current health expenditure)
Belgium,BEL,2014,19.530395811756403,High income,Out-of-pocket health expenditure (% of current health expenditure)
Belgium,BEL,2015,19.01653742986729,High income,Out-of-pocket health expenditure (% of current health expenditure)
Belgium,BEL,2016,18.459690515016167,High income,Out-of-pocket health expenditure (% of current health expenditure)
Belgium,BEL,2017,18.385338836399495,High income,Out-of-pocket health expenditure (% of current health expenditure)
Belgium,BEL,2018,18.48899143662579,High income,Out-of-pocket health expenditure (% of current health expenditure)
Belgium,BEL,2019,19.74298329436773,High income,Out-of-pocket health expenditure (% of current health expenditure)
Belgium,BEL,2020,17.189375874447695,High income,Out-of-pocket health expenditure (% of current health expenditure)
Belgium,BEL,2021,18.779023652421465,High income,Out-of-pocket health expenditure (% of current health expenditure)
Belgium,BEL,2022,20.045735219245053,High income,Out-of-pocket health expenditure (% of current health expenditure)
Bosnia and Herzegovina,BIH,2000,41.98865227851714,Upper middle income,Out-of-pocket health expenditure (% of current health expenditure)
Bosnia and Herzegovina,BIH,2001,41.35205563275752,Upper middle income,Out-of-pocket health expenditure (% of current health expenditure)
Bosnia and Herzegovina,BIH,2002,38.45634896875913,Upper middle income,Out-of-pocket health expenditure (% of current health expenditure)
Bosnia and Herzegovina,BIH,2003,32.549388208239236,Upper middle income,Out-of-pocket health expenditure (% of current health expenditure)
Bosnia and Herzegovina,BIH,2004,42.700678505794215,Upper middle income,Out-of-pocket health expenditure (% of current health expenditure)
Bosnia and Herzegovina,BIH,2005,45.200058934980945,Upper middle income,Out-of-pocket health expenditure (% of current health expenditure)
Bosnia and Herzegovina,BIH,2006,44.99708620605602,Upper middle income,Out-of-pocket health expenditure (% of current health expenditure)
Bosnia and Herzegovina,BIH,2007,44.27066633374535,Upper middle income,Out-of-pocket health expenditure (% of current health expenditure)
Bosnia and Herzegovina,BIH,2008,43.91299412669378,Upper middle income,Out-of-pocket health expenditure (% of current health expenditure)
Bosnia and Herzegovina,BIH,2009,30.618316906791712,Upper middle income,Out-of-pocket health expenditure (% of current health expenditure)
Bosnia and Herzegovina,BIH,2010,30.07586288714692,Upper middle income,Out-of-pocket health expenditure (% of current health expenditure)
Bosnia and Herzegovina,BIH,2011,29.46848573559256,Upper middle income,Out-of-pocket health expenditure (% of current health expenditure)
Bosnia and Herzegovina,BIH,2012,29.212570950646025,Upper middle income,Out-of-pocket health expenditure (% of current health expenditure)
Bosnia and Herzegovina,BIH,2013,29.06751724438148,Upper middle income,Out-of-pocket health expenditure (% of current health expenditure)
Bosnia and Herzegovina,BIH,2014,28.92234426014403,Upper middle income,Out-of-pocket health expenditure (% of current health expenditure)
Bosnia and Herzegovina,BIH,2015,28.802711265893336,Upper middle income,Out-of-pocket health expenditure (% of current health expenditure)
Bosnia and Herzegovina,BIH,2016,28.613727156052853,Upper middle income,Out-of-pocket health expenditure (% of current health expenditure)
Bosnia and Herzegovina,BIH,2017,29.119092277080853,Upper middle income,Out-of-pocket health expenditure (% of current health expenditure)
Bosnia and Herzegovina,BIH,2018,29.31168997128118,Upper middle income,Out-of-pocket health expenditure (% of current health expenditure)
Bosnia and Herzegovina,BIH,2019,29.352811704555773,Upper middle income,Out-of-pocket health expenditure (% of current health expenditure)
Bosnia and Herzegovina,BIH,2020,28.86446040560376,Upper middle income,Out-of-pocket health expenditure (% of current health expenditure)
Bosnia and Herzegovina,BIH,2021,30.7145097106966,Upper middle income,Out-of-pocket health expenditure (% of current health expenditure)
Bosnia and Herzegovina,BIH,2022,30.883108622068924,Upper middle income,Out-of-pocket health expenditure (% of current health expenditure)
Bulgaria,BGR,2000,40.375701390583075,Upper middle income,Out-of-pocket health expenditure (% of current health expenditure)
Bulgaria,BGR,2001,43.706129208302755,Upper middle income,Out-of-pocket health expenditure (% of current health expenditure)
Bulgaria,BGR,2002,39.79439562261648,Upper middle income,Out-of-pocket health expenditure (% of current health expenditure)
Bulgaria,BGR,2003,38.060829610564824,Upper middle income,Out-of-pocket health expenditure (% of current health expenditure)
Bulgaria,BGR,2004,39.20325985578751,Upper middle income,Out-of-pocket health expenditure (% of current health expenditure)
Bulgaria,BGR,2005,38.867412925110635,Upper middle income,Out-of-pocket health expenditure (% of current health expenditure)
Bulgaria,BGR,2006,42.647405641836755,Upper middle income,Out-of-pocket health expenditure (% of current health expenditure)
Bulgaria,BGR,2007,42.59270155152786,Upper middle income,Out-of-pocket health expenditure (% of current health expenditure)
Bulgaria,BGR,2008,42.62918784847983,Upper middle income,Out-of-pocket health expenditure (% of current health expenditure)
Bulgaria,BGR,2009,44.3673439284276,Upper middle income,Out-of-pocket health expenditure (% of current health expenditure)
Bulgaria,BGR,2010,43.141342829341006,Upper middle income,Out-of-pocket health expenditure (% of current health expenditure)
Bulgaria,BGR,2011,44.463727872266574,Upper middle income,Out-of-pocket health expenditure (% of current health expenditure)
Bulgaria,BGR,2012,47.74680758485193,Upper middle income,Out-of-pocket health expenditure (% of current health expenditure)
Bulgaria,BGR,2013,41.862444184554,Upper middle income,Out-of-pocket health expenditure (% of current health expenditure)
Bulgaria,BGR,2014,40.240939069963126,Upper middle income,Out-of-pocket health expenditure (% of current health expenditure)
Bulgaria,BGR,2015,42.50993909778102,Upper middle income,Out-of-pocket health expenditure (% of current health expenditure)
Bulgaria,BGR,2016,43.25471433510192,Upper middle income,Out-of-pocket health expenditure (% of current health expenditure)
Bulgaria,BGR,2017,42.193845715334675,Upper middle income,Out-of-pocket health expenditure (% of current health expenditure)
Bulgaria,BGR,2018,39.32843888340428,Upper middle income,Out-of-pocket health expenditure (% of current health expenditure)
Bulgaria,BGR,2019,37.795538146676066,Upper middle income,Out-of-pocket health expenditure (% of current health expenditure)
Bulgaria,BGR,2020,35.52528922475964,Upper middle income,Out-of-pocket health expenditure (% of current health expenditure)
Bulgaria,BGR,2021,33.72874896638028,Upper middle income,Out-of-pocket health expenditure (% of current health expenditure)
Bulgaria,BGR,2022,35.075923185768396,Upper middle income,Out-of-pocket health expenditure (% of current health expenditure)
Croatia,HRV,2000,13.861251902924378,High income,Out-of-pocket health expenditure (% of current health expenditure)
Croatia,HRV,2001,14.389893487041643,High income,Out-of-pocket health expenditure (% of current health expenditure)
Croatia,HRV,2002,18.63236335991237,High income,Out-of-pocket health expenditure (% of current health expenditure)
Croatia,HRV,2003,16.642763309279818,High income,Out-of-pocket health expenditure (% of current health expenditure)
Croatia,HRV,2004,18.12159728165215,High income,Out-of-pocket health expenditure (% of current health expenditure)
Croatia,HRV,2005,13.39059591884362,High income,Out-of-pocket health expenditure (% of current health expenditure)
Croatia,HRV,2006,13.31465854434876,High income,Out-of-pocket health expenditure (% of current health expenditure)
Croatia,HRV,2007,12.394236107868014,High income,Out-of-pocket health expenditure (% of current health expenditure)
Croatia,HRV,2008,14.513908468731485,High income,Out-of-pocket health expenditure (% of current health expenditure)
Croatia,HRV,2009,13.746628136364729,High income,Out-of-pocket health expenditure (% of current health expenditure)
Croatia,HRV,2010,13.95677766252078,High income,Out-of-pocket health expenditure (% of current health expenditure)
Croatia,HRV,2011,12.052277069562594,High income,Out-of-pocket health expenditure (% of current health expenditure)
Croatia,HRV,2012,11.472703078293902,High income,Out-of-pocket health expenditure (% of current health expenditure)
Croatia,HRV,2013,8.831276861222792,High income,Out-of-pocket health expenditure (% of current health expenditure)
Croatia,HRV,2014,11.275282670390558,High income,Out-of-pocket health expenditure (% of current health expenditure)
Croatia,HRV,2015,10.945432321219275,High income,Out-of-pocket health expenditure (% of current health expenditure)
Croatia,HRV,2016,10.974082104772654,High income,Out-of-pocket health expenditure (% of current health expenditure)
Croatia,HRV,2017,10.966595405743975,High income,Out-of-pocket health expenditure (% of current health expenditure)
Croatia,HRV,2018,11.387254314763323,High income,Out-of-pocket health expenditure (% of current health expenditure)
Croatia,HRV,2019,11.464766479896172,High income,Out-of-pocket health expenditure (% of current health expenditure)
Croatia,HRV,2020,10.448821374158053,High income,Out-of-pocket health expenditure (% of current health expenditure)
Croatia,HRV,2021,9.398874100858116,High income,Out-of-pocket health expenditure (% of current health expenditure)
Croatia,HRV,2022,9.189173573200854,High income,Out-of-pocket health expenditure (% of current health expenditure)
Cyprus,CYP,2000,55.90191246250558,High income,Out-of-pocket health expenditure (% of current health expenditure)
Cyprus,CYP,2001,55.21613020002459,High income,Out-of-pocket health expenditure (% of current health expenditure)
Cyprus,CYP,2002,52.77162329407969,High income,Out-of-pocket health expenditure (% of current health expenditure)
Cyprus,CYP,2003,47.65464739937091,High income,Out-of-pocket health expenditure (% of current health expenditure)
Cyprus,CYP,2004,49.882179223758,High income,Out-of-pocket health expenditure (% of current health expenditure)
Cyprus,CYP,2005,49.832198105526544,High income,Out-of-pocket health expenditure (% of current health expenditure)
Cyprus,CYP,2006,48.328246615082605,High income,Out-of-pocket health expenditure (% of current health expenditure)
Cyprus,CYP,2007,48.79761238574893,High income,Out-of-pocket health expenditure (% of current health expenditure)
Cyprus,CYP,2008,51.4000822188596,High income,Out-of-pocket health expenditure (% of current health expenditure)
Cyprus,CYP,2009,49.92380510671426,High income,Out-of-pocket health expenditure (% of current health expenditure)
Cyprus,CYP,2010,43.10596958295128,High income,Out-of-pocket health expenditure (% of current health expenditure)
Cyprus,CYP,2011,41.37471499085465,High income,Out-of-pocket health expenditure (% of current health expenditure)
Cyprus,CYP,2012,42.371664332042414,High income,Out-of-pocket health expenditure (% of current health expenditure)
Cyprus,CYP,2013,42.599132971564735,High income,Out-of-pocket health expenditure (% of current health expenditure)
Cyprus,CYP,2014,45.11090132183747,High income,Out-of-pocket health expenditure (% of current health expenditure)
Cyprus,CYP,2015,43.62483050979536,High income,Out-of-pocket health expenditure (% of current health expenditure)
Cyprus,CYP,2016,44.60701303342077,High income,Out-of-pocket health expenditure (% of current health expenditure)
Cyprus,CYP,2017,44.75834750853485,High income,Out-of-pocket health expenditure (% of current health expenditure)
Cyprus,CYP,2018,44.36095764770448,High income,Out-of-pocket health expenditure (% of current health expenditure)
Cyprus,CYP,2019,33.72646693891906,High income,Out-of-pocket health expenditure (% of current health expenditure)
Cyprus,CYP,2020,21.36680619434678,High income,Out-of-pocket health expenditure (% of current health expenditure)
Cyprus,CYP,2021,13.753820882126316,High income,Out-of-pocket health expenditure (% of current health expenditure)
Cyprus,CYP,2022,14.556442645012885,High income,Out-of-pocket health expenditure (% of current health expenditure)
Czechia,CZE,2000,10.197506583577288,High income,Out-of-pocket health expenditure (% of current health expenditure)
Czechia,CZE,2001,10.643266206379902,High income,Out-of-pocket health expenditure (% of current health expenditure)
Czechia,CZE,2002,10.001703044708265,High income,Out-of-pocket health expenditure (% of current health expenditure)
Czechia,CZE,2003,10.367224327283344,High income,Out-of-pocket health expenditure (% of current health expenditure)
Czechia,CZE,2004,10.705014153277794,High income,Out-of-pocket health expenditure (% of current health expenditure)
Czechia,CZE,2005,11.092852268715603,High income,Out-of-pocket health expenditure (% of current health expenditure)
Czechia,CZE,2006,11.64602423497852,High income,Out-of-pocket health expenditure (% of current health expenditure)
Czechia,CZE,2007,13.63102535158542,High income,Out-of-pocket health expenditure (% of current health expenditure)
Czechia,CZE,2008,16.132970688993037,High income,Out-of-pocket health expenditure (% of current health expenditure)
Czechia,CZE,2009,15.050539037339934,High income,Out-of-pocket health expenditure (% of current health expenditure)
Czechia,CZE,2010,13.854821207443171,High income,Out-of-pocket health expenditure (% of current health expenditure)
Czechia,CZE,2011,14.211620922052498,High income,Out-of-pocket health expenditure (% of current health expenditure)
Czechia,CZE,2012,14.216015252634849,High income,Out-of-pocket health expenditure (% of current health expenditure)
Czechia,CZE,2013,14.331720938750054,High income,Out-of-pocket health expenditure (% of current health expenditure)
Czechia,CZE,2014,14.458653073541262,High income,Out-of-pocket health expenditure (% of current health expenditure)
Czechia,CZE,2015,14.513741160705436,High income,Out-of-pocket health expenditure (% of current health expenditure)
Czechia,CZE,2016,14.285108787995716,High income,Out-of-pocket health expenditure (% of current health expenditure)
Czechia,CZE,2017,14.136327913327838,High income,Out-of-pocket health expenditure (% of current health expenditure)
Czechia,CZE,2018,14.155493745053263,High income,Out-of-pocket health expenditure (% of current health expenditure)
Czechia,CZE,2019,14.30902132018663,High income,Out-of-pocket health expenditure (% of current health expenditure)
Czechia,CZE,2020,11.076177841574507,High income,Out-of-pocket health expenditure (% of current health expenditure)
Czechia,CZE,2021,12.481795516002022,High income,Out-of-pocket health expenditure (% of current health expenditure)
Czechia,CZE,2022,14.287589422013912,High income,Out-of-pocket health expenditure (% of current health expenditure)
Denmark,DNK,2000,15.356432144916216,High income,Out-of-pocket health expenditure (% of current health expenditure)
Denmark,DNK,2001,15.115947907586886,High income,Out-of-pocket health expenditure (% of current health expenditure)
Denmark,DNK,2002,14.72838530420683,High income,Out-of-pocket health expenditure (% of current health expenditure)
Denmark,DNK,2003,14.557194562353915,High income,Out-of-pocket health expenditure (% of current health expenditure)
Denmark,DNK,2004,14.871140860437,High income,Out-of-pocket health expenditure (% of current health expenditure)
Denmark,DNK,2005,14.709207560256631,High income,Out-of-pocket health expenditure (% of current health expenditure)
Denmark,DNK,2006,14.526429076197948,High income,Out-of-pocket health expenditure (% of current health expenditure)
Denmark,DNK,2007,14.5618254702436,High income,Out-of-pocket health expenditure (% of current health expenditure)
Denmark,DNK,2008,14.117798113736107,High income,Out-of-pocket health expenditure (% of current health expenditure)
Denmark,DNK,2009,13.684605634645616,High income,Out-of-pocket health expenditure (% of current health expenditure)
Denmark,DNK,2010,13.707771642033457,High income,Out-of-pocket health expenditure (% of current health expenditure)
Denmark,DNK,2011,13.897824483123538,High income,Out-of-pocket health expenditure (% of current health expenditure)
Denmark,DNK,2012,13.51348301533264,High income,Out-of-pocket health expenditure (% of current health expenditure)
Denmark,DNK,2013,13.347526633132553,High income,Out-of-pocket health expenditure (% of current health expenditure)
Denmark,DNK,2014,13.339256048832292,High income,Out-of-pocket health expenditure (% of current health expenditure)
Denmark,DNK,2015,13.458594181342754,High income,Out-of-pocket health expenditure (% of current health expenditure)
Denmark,DNK,2016,13.521423125454614,High income,Out-of-pocket health expenditure (% of current health expenditure)
Denmark,DNK,2017,13.693603136047887,High income,Out-of-pocket health expenditure (% of current health expenditure)
Denmark,DNK,2018,13.824072063773064,High income,Out-of-pocket health expenditure (% of current health expenditure)
Denmark,DNK,2019,13.794443749594778,High income,Out-of-pocket health expenditure (% of current health expenditure)
Denmark,DNK,2020,13.377061288732524,High income,Out-of-pocket health expenditure (% of current health expenditure)
Denmark,DNK,2021,12.699150408327924,High income,Out-of-pocket health expenditure (% of current health expenditure)
Denmark,DNK,2022,13.0279503898878,High income,Out-of-pocket health expenditure (% of current health expenditure)
Estonia,EST,2000,20.338961804119194,High income,Out-of-pocket health expenditure (% of current health expenditure)
Estonia,EST,2001,19.245323689315736,High income,Out-of-pocket health expenditure (% of current health expenditure)
Estonia,EST,2002,20.558873012809887,High income,Out-of-pocket health expenditure (% of current health expenditure)
Estonia,EST,2003,21.095038425641366,High income,Out-of-pocket health expenditure (% of current health expenditure)
Estonia,EST,2004,22.941971784350677,High income,Out-of-pocket health expenditure (% of current health expenditure)
Estonia,EST,2005,23.02487068542137,High income,Out-of-pocket health expenditure (% of current health expenditure)
Estonia,EST,2006,23.614247145934613,High income,Out-of-pocket health expenditure (% of current health expenditure)
Estonia,EST,2007,22.971579247930585,High income,Out-of-pocket health expenditure (% of current health expenditure)
Estonia,EST,2008,21.392869386979164,High income,Out-of-pocket health expenditure (% of current health expenditure)
Estonia,EST,2009,21.22938745246916,High income,Out-of-pocket health expenditure (% of current health expenditure)
Estonia,EST,2010,22.813987598940084,High income,Out-of-pocket health expenditure (% of current health expenditure)
Estonia,EST,2011,22.52681340709816,High income,Out-of-pocket health expenditure (% of current health expenditure)
Estonia,EST,2012,22.54067181058465,High income,Out-of-pocket health expenditure (% of current health expenditure)
Estonia,EST,2013,23.605410388855915,High income,Out-of-pocket health expenditure (% of current health expenditure)
Estonia,EST,2014,23.522165981427992,High income,Out-of-pocket health expenditure (% of current health expenditure)
Estonia,EST,2015,23.718921530490785,High income,Out-of-pocket health expenditure (% of current health expenditure)
Estonia,EST,2016,23.73811944562215,High income,Out-of-pocket health expenditure (% of current health expenditure)
Estonia,EST,2017,24.806680115596347,High income,Out-of-pocket health expenditure (% of current health expenditure)
Estonia,EST,2018,24.513106596088623,High income,Out-of-pocket health expenditure (% of current health expenditure)
Estonia,EST,2019,23.924581514741487,High income,Out-of-pocket health expenditure (% of current health expenditure)
Estonia,EST,2020,21.428277055187223,High income,Out-of-pocket health expenditure (% of current health expenditure)
Estonia,EST,2021,22.154882504090363,High income,Out-of-pocket health expenditure (% of current health expenditure)
Estonia,EST,2022,23.14767809370882,High income,Out-of-pocket health expenditure (% of current health expenditure)
Finland,FIN,2000,21.627063945180975,High income,Out-of-pocket health expenditure (% of current health expenditure)
Finland,FIN,2001,21.219114406823596,High income,Out-of-pocket health expenditure (% of current health expenditure)
Finland,FIN,2002,20.744570782649173,High income,Out-of-pocket health expenditure (% of current health expenditure)
Finland,FIN,2003,20.337226444633753,High income,Out-of-pocket health expenditure (% of current health expenditure)
Finland,FIN,2004,19.859584588519873,High income,Out-of-pocket health expenditure (% of current health expenditure)
Finland,FIN,2005,19.576106843394815,High income,Out-of-pocket health expenditure (% of current health expenditure)
Finland,FIN,2006,18.816588069303627,High income,Out-of-pocket health expenditure (% of current health expenditure)
Finland,FIN,2007,18.99827776835462,High income,Out-of-pocket health expenditure (% of current health expenditure)
Finland,FIN,2008,18.57298884927543,High income,Out-of-pocket health expenditure (% of current health expenditure)
Finland,FIN,2009,18.31737015998473,High income,Out-of-pocket health expenditure (% of current health expenditure)
Finland,FIN,2010,18.803954740986807,High income,Out-of-pocket health expenditure (% of current health expenditure)
Finland,FIN,2011,18.152046095191817,High income,Out-of-pocket health expenditure (% of current health expenditure)
Finland,FIN,2012,17.461959349017462,High income,Out-of-pocket health expenditure (% of current health expenditure)
Finland,FIN,2013,17.79447417410895,High income,Out-of-pocket health expenditure (% of current health expenditure)
Finland,FIN,2014,17.637447380795525,High income,Out-of-pocket health expenditure (% of current health expenditure)
Finland,FIN,2015,18.628895820341448,High income,Out-of-pocket health expenditure (% of current health expenditure)
Finland,FIN,2016,19.272912382957397,High income,Out-of-pocket health expenditure (% of current health expenditure)
Finland,FIN,2017,19.045970449433245,High income,Out-of-pocket health expenditure (% of current health expenditure)
Finland,FIN,2018,18.430683505721735,High income,Out-of-pocket health expenditure (% of current health expenditure)
Finland,FIN,2019,17.42399447232526,High income,Out-of-pocket health expenditure (% of current health expenditure)
Finland,FIN,2020,16.466221815168563,High income,Out-of-pocket health expenditure (% of current health expenditure)
Finland,FIN,2021,16.662948203292583,High income,Out-of-pocket health expenditure (% of current health expenditure)
Finland,FIN,2022,16.09821331108506,High income,Out-of-pocket health expenditure (% of current health expenditure)
France,FRA,2000,7.273496423975927,High income,Out-of-pocket health expenditure (% of current health expenditure)
France,FRA,2001,7.335739490878177,High income,Out-of-pocket health expenditure (% of current health expenditure)
France,FRA,2002,7.137969115314414,High income,Out-of-pocket health expenditure (% of current health expenditure)
France,FRA,2003,7.376619022483534,High income,Out-of-pocket health expenditure (% of current health expenditure)
France,FRA,2004,7.246231994085639,High income,Out-of-pocket health expenditure (% of current health expenditure)
France,FRA,2005,7.368946672681892,High income,Out-of-pocket health expenditure (% of current health expenditure)
France,FRA,2006,9.35880523137183,High income,Out-of-pocket health expenditure (% of current health expenditure)
France,FRA,2007,9.52840750691875,High income,Out-of-pocket health expenditure (% of current health expenditure)
France,FRA,2008,10.02973136426874,High income,Out-of-pocket health expenditure (% of current health expenditure)
France,FRA,2009,10.166796873784742,High income,Out-of-pocket health expenditure (% of current health expenditure)
France,FRA,2010,10.235031020183657,High income,Out-of-pocket health expenditure (% of current health expenditure)
France,FRA,2011,10.239941192229898,High income,Out-of-pocket health expenditure (% of current health expenditure)
France,FRA,2012,10.11996115781576,High income,Out-of-pocket health expenditure (% of current health expenditure)
France,FRA,2013,10.178253388513452,High income,Out-of-pocket health expenditure (% of current health expenditure)
France,FRA,2014,10.125406307830758,High income,Out-of-pocket health expenditure (% of current health expenditure)
France,FRA,2015,10.03931608448416,High income,Out-of-pocket health expenditure (% of current health expenditure)
France,FRA,2016,9.8848159338689,High income,Out-of-pocket health expenditure (% of current health expenditure)
France,FRA,2017,9.895000588520949,High income,Out-of-pocket health expenditure (% of current health expenditure)
France,FRA,2018,9.743876570206492,High income,Out-of-pocket health expenditure (% of current health expenditure)
France,FRA,2019,9.703004507584415,High income,Out-of-pocket health expenditure (% of current health expenditure)
France,FRA,2020,8.980094012672645,High income,Out-of-pocket health expenditure (% of current health expenditure)
France,FRA,2021,8.738275370910266,High income,Out-of-pocket health expenditure (% of current health expenditure)
France,FRA,2022,8.923135009182946,High income,Out-of-pocket health expenditure (% of current health expenditure)
Georgia,GEO,2000,80.98434004474272,Upper middle income,Out-of-pocket health expenditure (% of current health expenditure)
Georgia,GEO,2001,76.43830046757472,Upper middle income,Out-of-pocket health expenditure (% of current health expenditure)
Georgia,GEO,2002,77.12854757929883,Upper middle income,Out-of-pocket health expenditure (% of current health expenditure)
Georgia,GEO,2003,79.20792079207921,Upper middle income,Out-of-pocket health expenditure (% of current health expenditure)
Georgia,GEO,2004,79.43696450428396,Upper middle income,Out-of-pocket health expenditure (% of current health expenditure)
Georgia,GEO,2005,79.58549222797927,Upper middle income,Out-of-pocket health expenditure (% of current health expenditure)
Georgia,GEO,2006,77.26432532347505,Upper middle income,Out-of-pocket health expenditure (% of current health expenditure)
Georgia,GEO,2007,75.67359507313319,Upper middle income,Out-of-pocket health expenditure (% of current health expenditure)
Georgia,GEO,2008,66.54589371980677,Upper middle income,Out-of-pocket health expenditure (% of current health expenditure)
Georgia,GEO,2009,68.90898812888638,Upper middle income,Out-of-pocket health expenditure (% of current health expenditure)
Georgia,GEO,2010,72.72727272727273,Upper middle income,Out-of-pocket health expenditure (% of current health expenditure)
Georgia,GEO,2011,75.61214495592556,Upper middle income,Out-of-pocket health expenditure (% of current health expenditure)
Georgia,GEO,2012,73.43678685531721,Upper middle income,Out-of-pocket health expenditure (% of current health expenditure)
Georgia,GEO,2013,69.07719609582963,Upper middle income,Out-of-pocket health expenditure (% of current health expenditure)
Georgia,GEO,2014,65.97560975609755,Upper middle income,Out-of-pocket health expenditure (% of current health expenditure)
Georgia,GEO,2015,57.3243350535927,Upper middle income,Out-of-pocket health expenditure (% of current health expenditure)
Georgia,GEO,2016,55.51872142931919,Upper middle income,Out-of-pocket health expenditure (% of current health expenditure)
Georgia,GEO,2017,54.76190476190476,Upper middle income,Out-of-pocket health expenditure (% of current health expenditure)
Georgia,GEO,2018,47.66829369984965,Upper middle income,Out-of-pocket health expenditure (% of current health expenditure)
Georgia,GEO,2019,46.767754704954875,Upper middle income,Out-of-pocket health expenditure (% of current health expenditure)
Georgia,GEO,2020,36.06135028411827,Upper middle income,Out-of-pocket health expenditure (% of current health expenditure)
Georgia,GEO,2021,31.203707371172815,Upper middle income,Out-of-pocket health expenditure (% of current health expenditure)
Georgia,GEO,2022,40.44642012673791,Upper middle income,Out-of-pocket health expenditure (% of current health expenditure)
Germany,DEU,2000,12.16411898962389,High income,Out-of-pocket health expenditure (% of current health expenditure)
Germany,DEU,2001,12.161591603992,High income,Out-of-pocket health expenditure (% of current health expenditure)
Germany,DEU,2002,12.448570241546758,High income,Out-of-pocket health expenditure (% of current health expenditure)
Germany,DEU,2003,12.708652107386284,High income,Out-of-pocket health expenditure (% of current health expenditure)
Germany,DEU,2004,13.885500705710154,High income,Out-of-pocket health expenditure (% of current health expenditure)
Germany,DEU,2005,13.97864044753348,High income,Out-of-pocket health expenditure (% of current health expenditure)
Germany,DEU,2006,14.364497528830311,High income,Out-of-pocket health expenditure (% of current health expenditure)
Germany,DEU,2007,14.268144150168366,High income,Out-of-pocket health expenditure (% of current health expenditure)
Germany,DEU,2008,13.97137691152585,High income,Out-of-pocket health expenditure (% of current health expenditure)
Germany,DEU,2009,13.74536563713166,High income,Out-of-pocket health expenditure (% of current health expenditure)
Germany,DEU,2010,13.807003486279802,High income,Out-of-pocket health expenditure (% of current health expenditure)
Germany,DEU,2011,13.84797674322481,High income,Out-of-pocket health expenditure (% of current health expenditure)
Germany,DEU,2012,14.02465423327214,High income,Out-of-pocket health expenditure (% of current health expenditure)
Germany,DEU,2013,13.189553136581486,High income,Out-of-pocket health expenditure (% of current health expenditure)
Germany,DEU,2014,12.873363798311518,High income,Out-of-pocket health expenditure (% of current health expenditure)
Germany,DEU,2015,12.953360225373409,High income,Out-of-pocket health expenditure (% of current health expenditure)
Germany,DEU,2016,12.825591591301857,High income,Out-of-pocket health expenditure (% of current health expenditure)
Germany,DEU,2017,12.687319436899868,High income,Out-of-pocket health expenditure (% of current health expenditure)
Germany,DEU,2018,12.922048155639525,High income,Out-of-pocket health expenditure (% of current health expenditure)
Germany,DEU,2019,13.227934402063756,High income,Out-of-pocket health expenditure (% of current health expenditure)
Germany,DEU,2020,11.991452536341768,High income,Out-of-pocket health expenditure (% of current health expenditure)
Germany,DEU,2021,11.95167051271338,High income,Out-of-pocket health expenditure (% of current health expenditure)
Germany,DEU,2022,10.735516506813294,High income,Out-of-pocket health expenditure (% of current health expenditure)
Greece,GRC,2000,36.272114162838434,High income,Out-of-pocket health expenditure (% of current health expenditure)
Greece,GRC,2001,34.7783170190014,High income,Out-of-pocket health expenditure (% of current health expenditure)
Greece,GRC,2002,37.38019169329073,High income,Out-of-pocket health expenditure (% of current health expenditure)
Greece,GRC,2003,37.899563037295344,High income,Out-of-pocket health expenditure (% of current health expenditure)
Greece,GRC,2004,38.96111482449032,High income,Out-of-pocket health expenditure (% of current health expenditure)
Greece,GRC,2005,36.875244797203216,High income,Out-of-pocket health expenditure (% of current health expenditure)
Greece,GRC,2006,36.045105788292645,High income,Out-of-pocket health expenditure (% of current health expenditure)
Greece,GRC,2007,34.22337630474014,High income,Out-of-pocket health expenditure (% of current health expenditure)
Greece,GRC,2008,32.20823533214819,High income,Out-of-pocket health expenditure (% of current health expenditure)
Greece,GRC,2009,29.502993190588292,High income,Out-of-pocket health expenditure (% of current health expenditure)
Greece,GRC,2010,28.25885214758554,High income,Out-of-pocket health expenditure (% of current health expenditure)
Greece,GRC,2011,31.15847740645903,High income,Out-of-pocket health expenditure (% of current health expenditure)
Greece,GRC,2012,30.448957789307013,High income,Out-of-pocket health expenditure (% of current health expenditure)
Greece,GRC,2013,33.73947365300312,High income,Out-of-pocket health expenditure (% of current health expenditure)
Greece,GRC,2014,37.19952639774866,High income,Out-of-pocket health expenditure (% of current health expenditure)
Greece,GRC,2015,36.034391899348854,High income,Out-of-pocket health expenditure (% of current health expenditure)
Greece,GRC,2016,34.30816336636014,High income,Out-of-pocket health expenditure (% of current health expenditure)
Greece,GRC,2017,34.99521588285201,High income,Out-of-pocket health expenditure (% of current health expenditure)
Greece,GRC,2018,36.08007121831045,High income,Out-of-pocket health expenditure (% of current health expenditure)
Greece,GRC,2019,33.64272247184882,High income,Out-of-pocket health expenditure (% of current health expenditure)
Greece,GRC,2020,33.44511072545806,High income,Out-of-pocket health expenditure (% of current health expenditure)
Greece,GRC,2021,33.31882665420834,High income,Out-of-pocket health expenditure (% of current health expenditure)
Greece,GRC,2022,33.53891200839877,High income,Out-of-pocket health expenditure (% of current health expenditure)
Hungary,HUN,2000,27.326682242473233,High income,Out-of-pocket health expenditure (% of current health expenditure)
Hungary,HUN,2001,28.81419946762461,High income,Out-of-pocket health expenditure (% of current health expenditure)
Hungary,HUN,2002,27.512589933852503,High income,Out-of-pocket health expenditure (% of current health expenditure)
Hungary,HUN,2003,26.3551974581579,High income,Out-of-pocket health expenditure (% of current health expenditure)
Hungary,HUN,2004,25.83203580565783,High income,Out-of-pocket health expenditure (% of current health expenditure)
Hungary,HUN,2005,25.764454037419252,High income,Out-of-pocket health expenditure (% of current health expenditure)
Hungary,HUN,2006,25.011340826288116,High income,Out-of-pocket health expenditure (% of current health expenditure)
Hungary,HUN,2007,26.261237286517844,High income,Out-of-pocket health expenditure (% of current health expenditure)
Hungary,HUN,2008,26.3492553261986,High income,Out-of-pocket health expenditure (% of current health expenditure)
Hungary,HUN,2009,26.234580147729854,High income,Out-of-pocket health expenditure (% of current health expenditure)
Hungary,HUN,2010,27.41594822322628,High income,Out-of-pocket health expenditure (% of current health expenditure)
Hungary,HUN,2011,28.216358451001415,High income,Out-of-pocket health expenditure (% of current health expenditure)
Hungary,HUN,2012,29.37169646422199,High income,Out-of-pocket health expenditure (% of current health expenditure)
Hungary,HUN,2013,28.360420114565105,High income,Out-of-pocket health expenditure (% of current health expenditure)
Hungary,HUN,2014,28.338631168574985,High income,Out-of-pocket health expenditure (% of current health expenditure)
Hungary,HUN,2015,27.48835291990055,High income,Out-of-pocket health expenditure (% of current health expenditure)
Hungary,HUN,2016,27.68942783513304,High income,Out-of-pocket health expenditure (% of current health expenditure)
Hungary,HUN,2017,27.249473171879867,High income,Out-of-pocket health expenditure (% of current health expenditure)
Hungary,HUN,2018,26.788945785750222,High income,Out-of-pocket health expenditure (% of current health expenditure)
Hungary,HUN,2019,27.78665929739955,High income,Out-of-pocket health expenditure (% of current health expenditure)
Hungary,HUN,2020,26.14737500687805,High income,Out-of-pocket health expenditure (% of current health expenditure)
Hungary,HUN,2021,24.640353063471725,High income,Out-of-pocket health expenditure (% of current health expenditure)
Hungary,HUN,2022,24.270017785521738,High income,Out-of-pocket health expenditure (% of current health expenditure)
Iceland,ISL,2000,18.01660258459854,High income,Out-of-pocket health expenditure (% of current health expenditure)
Iceland,ISL,2001,18.082396380775094,High income,Out-of-pocket health expenditure (% of current health expenditure)
Iceland,ISL,2002,17.303542175712654,High income,Out-of-pocket health expenditure (% of current health expenditure)
Iceland,ISL,2003,17.387647687607895,High income,Out-of-pocket health expenditure (% of current health expenditure)
Iceland,ISL,2004,17.70444553117722,High income,Out-of-pocket health expenditure (% of current health expenditure)
Iceland,ISL,2005,17.58861590308729,High income,Out-of-pocket health expenditure (% of current health expenditure)
Iceland,ISL,2006,16.94632363400748,High income,Out-of-pocket health expenditure (% of current health expenditure)
Iceland,ISL,2007,16.470362506804538,High income,Out-of-pocket health expenditure (% of current health expenditure)
Iceland,ISL,2008,16.27143271603412,High income,Out-of-pocket health expenditure (% of current health expenditure)
Iceland,ISL,2009,16.874792730515725,High income,Out-of-pocket health expenditure (% of current health expenditure)
Iceland,ISL,2010,18.66119542312554,High income,Out-of-pocket health expenditure (% of current health expenditure)
Iceland,ISL,2011,18.38645626997492,High income,Out-of-pocket health expenditure (% of current health expenditure)
Iceland,ISL,2012,18.455566401999235,High income,Out-of-pocket health expenditure (% of current health expenditure)
Iceland,ISL,2013,18.143053869017304,High income,Out-of-pocket health expenditure (% of current health expenditure)
Iceland,ISL,2014,17.846776453540777,High income,Out-of-pocket health expenditure (% of current health expenditure)
Iceland,ISL,2015,17.507602166794918,High income,Out-of-pocket health expenditure (% of current health expenditure)
Iceland,ISL,2016,16.74673708447583,High income,Out-of-pocket health expenditure (% of current health expenditure)
Iceland,ISL,2017,16.3249999491045,High income,Out-of-pocket health expenditure (% of current health expenditure)
Iceland,ISL,2018,15.824146226177204,High income,Out-of-pocket health expenditure (% of current health expenditure)
Iceland,ISL,2019,15.425638485174122,High income,Out-of-pocket health expenditure (% of current health expenditure)
Iceland,ISL,2020,14.87056234269552,High income,Out-of-pocket health expenditure (% of current health expenditure)
Iceland,ISL,2021,14.543243025291687,High income,Out-of-pocket health expenditure (% of current health expenditure)
Iceland,ISL,2022,13.673565349525733,High income,Out-of-pocket health expenditure (% of current health expenditure)
Ireland,IRL,2000,12.117088176435368,High income,Out-of-pocket health expenditure (% of current health expenditure)
Ireland,IRL,2001,10.647067996165822,High income,Out-of-pocket health expenditure (% of current health expenditure)
Ireland,IRL,2002,10.467074330356136,High income,Out-of-pocket health expenditure (% of current health expenditure)
Ireland,IRL,2003,13.14827950184405,High income,Out-of-pocket health expenditure (% of current health expenditure)
Ireland,IRL,2004,12.21867109348311,High income,Out-of-pocket health expenditure (% of current health expenditure)
Ireland,IRL,2005,13.553004047766786,High income,Out-of-pocket health expenditure (% of current health expenditure)
Ireland,IRL,2006,13.929561569629966,High income,Out-of-pocket health expenditure (% of current health expenditure)
Ireland,IRL,2007,11.571236930481538,High income,Out-of-pocket health expenditure (% of current health expenditure)
Ireland,IRL,2008,11.863088793171292,High income,Out-of-pocket health expenditure (% of current health expenditure)
Ireland,IRL,2009,12.700527392163838,High income,Out-of-pocket health expenditure (% of current health expenditure)
Ireland,IRL,2010,13.795636949662374,High income,Out-of-pocket health expenditure (% of current health expenditure)
Ireland,IRL,2011,13.68123599201407,High income,Out-of-pocket health expenditure (% of current health expenditure)
Ireland,IRL,2012,13.686410735757272,High income,Out-of-pocket health expenditure (% of current health expenditure)
Ireland,IRL,2013,14.032438270933117,High income,Out-of-pocket health expenditure (% of current health expenditure)
Ireland,IRL,2014,14.067304423731702,High income,Out-of-pocket health expenditure (% of current health expenditure)
Ireland,IRL,2015,13.467374349840592,High income,Out-of-pocket health expenditure (% of current health expenditure)
Ireland,IRL,2016,13.091354133452032,High income,Out-of-pocket health expenditure (% of current health expenditure)
Ireland,IRL,2017,12.608476768014008,High income,Out-of-pocket health expenditure (% of current health expenditure)
Ireland,IRL,2018,12.583932075558064,High income,Out-of-pocket health expenditure (% of current health expenditure)
Ireland,IRL,2019,12.132625565988304,High income,Out-of-pocket health expenditure (% of current health expenditure)
Ireland,IRL,2020,10.930665457214834,High income,Out-of-pocket health expenditure (% of current health expenditure)
Ireland,IRL,2021,10.688282936971914,High income,Out-of-pocket health expenditure (% of current health expenditure)
Ireland,IRL,2022,10.673408467001314,High income,Out-of-pocket health expenditure (% of current health expenditure)
Israel,ISR,2000,29.489830670099582,High income,Out-of-pocket health expenditure (% of current health expenditure)
Israel,ISR,2001,30.33019959939204,High income,Out-of-pocket health expenditure (% of current health expenditure)
Israel,ISR,2002,27.842858083217735,High income,Out-of-pocket health expenditure (% of current health expenditure)
Israel,ISR,2003,28.62854731254406,High income,Out-of-pocket health expenditure (% of current health expenditure)
Israel,ISR,2004,28.725488817322255,High income,Out-of-pocket health expenditure (% of current health expenditure)
Israel,ISR,2005,30.243250479522104,High income,Out-of-pocket health expenditure (% of current health expenditure)
Israel,ISR,2006,25.724103039757157,High income,Out-of-pocket health expenditure (% of current health expenditure)
Israel,ISR,2007,26.663242730720608,High income,Out-of-pocket health expenditure (% of current health expenditure)
Israel,ISR,2008,25.347029428095503,High income,Out-of-pocket health expenditure (% of current health expenditure)
Israel,ISR,2009,25.418907198612317,High income,Out-of-pocket health expenditure (% of current health expenditure)
Israel,ISR,2010,23.811695715914645,High income,Out-of-pocket health expenditure (% of current health expenditure)
Israel,ISR,2011,23.759343217742924,High income,Out-of-pocket health expenditure (% of current health expenditure)
Israel,ISR,2012,23.40835648279381,High income,Out-of-pocket health expenditure (% of current health expenditure)
Israel,ISR,2013,22.65417162413272,High income,Out-of-pocket health expenditure (% of current health expenditure)
Israel,ISR,2014,23.010033444816052,High income,Out-of-pocket health expenditure (% of current health expenditure)
Israel,ISR,2015,22.501026396503008,High income,Out-of-pocket health expenditure (% of current health expenditure)
Israel,ISR,2016,22.822607288925344,High income,Out-of-pocket health expenditure (% of current health expenditure)
Israel,ISR,2017,22.431027588964415,High income,Out-of-pocket health expenditure (% of current health expenditure)
Israel,ISR,2018,21.836928836652653,High income,Out-of-pocket health expenditure (% of current health expenditure)
Israel,ISR,2019,21.35632742288074,High income,Out-of-pocket health expenditure (% of current health expenditure)
Israel,ISR,2020,20.427163198247538,High income,Out-of-pocket health expenditure (% of current health expenditure)
Israel,ISR,2021,20.99524187153053,High income,Out-of-pocket health expenditure (% of current health expenditure)
Israel,ISR,2022,20.248647225942296,High income,Out-of-pocket health expenditure (% of current health expenditure)
Italy,ITA,2000,26.464483026580513,High income,Out-of-pocket health expenditure (% of current health expenditure)
Italy,ITA,2001,24.47626597958577,High income,Out-of-pocket health expenditure (% of current health expenditure)
Italy,ITA,2002,24.125433047145656,High income,Out-of-pocket health expenditure (% of current health expenditure)
Italy,ITA,2003,23.718946231440967,High income,Out-of-pocket health expenditure (% of current health expenditure)
Italy,ITA,2004,22.83264046412399,High income,Out-of-pocket health expenditure (% of current health expenditure)
Italy,ITA,2005,21.605825351841297,High income,Out-of-pocket health expenditure (% of current health expenditure)
Italy,ITA,2006,21.31744480747504,High income,Out-of-pocket health expenditure (% of current health expenditure)
Italy,ITA,2007,21.515991049274657,High income,Out-of-pocket health expenditure (% of current health expenditure)
Italy,ITA,2008,21.33932532810465,High income,Out-of-pocket health expenditure (% of current health expenditure)
Italy,ITA,2009,20.66364473404632,High income,Out-of-pocket health expenditure (% of current health expenditure)
Italy,ITA,2010,20.54892734334758,High income,Out-of-pocket health expenditure (% of current health expenditure)
Italy,ITA,2011,22.027055985289948,High income,Out-of-pocket health expenditure (% of current health expenditure)
Italy,ITA,2012,22.08430289607222,High income,Out-of-pocket health expenditure (% of current health expenditure)
Italy,ITA,2013,22.22630470726227,High income,Out-of-pocket health expenditure (% of current health expenditure)
Italy,ITA,2014,22.539964106792684,High income,Out-of-pocket health expenditure (% of current health expenditure)
Italy,ITA,2015,23.466541166199452,High income,Out-of-pocket health expenditure (% of current health expenditure)
Italy,ITA,2016,23.32339841717186,High income,Out-of-pocket health expenditure (% of current health expenditure)
Italy,ITA,2017,23.806047897436574,High income,Out-of-pocket health expenditure (% of current health expenditure)
Italy,ITA,2018,23.550946095324793,High income,Out-of-pocket health expenditure (% of current health expenditure)
Italy,ITA,2019,23.46068773951287,High income,Out-of-pocket health expenditure (% of current health expenditure)
Italy,ITA,2020,21.458234308158005,High income,Out-of-pocket health expenditure (% of current health expenditure)
Italy,ITA,2021,22.72460329578689,High income,Out-of-pocket health expenditure (% of current health expenditure)
Italy,ITA,2022,22.73743875164325,High income,Out-of-pocket health expenditure (% of current health expenditure)
Kazakhstan,KAZ,2000,48.510584775650706,Upper middle income,Out-of-pocket health expenditure (% of current health expenditure)
Kazakhstan,KAZ,2001,42.7128647049898,Upper middle income,Out-of-pocket health expenditure (% of current health expenditure)
Kazakhstan,KAZ,2002,45.8946624693652,Upper middle income,Out-of-pocket health expenditure (% of current health expenditure)
Kazakhstan,KAZ,2003,44.54787109674728,Upper middle income,Out-of-pocket health expenditure (% of current health expenditure)
Kazakhstan,KAZ,2004,41.03963152963681,Upper middle income,Out-of-pocket health expenditure (% of current health expenditure)
Kazakhstan,KAZ,2005,34.41243156887059,Upper middle income,Out-of-pocket health expenditure (% of current health expenditure)
Kazakhstan,KAZ,2006,31.081233523607487,Upper middle income,Out-of-pocket health expenditure (% of current health expenditure)
Kazakhstan,KAZ,2007,32.774259579895926,Upper middle income,Out-of-pocket health expenditure (% of current health expenditure)
Kazakhstan,KAZ,2008,23.878046177360066,Upper middle income,Out-of-pocket health expenditure (% of current health expenditure)
Kazakhstan,KAZ,2009,22.345453936346697,Upper middle income,Out-of-pocket health expenditure (% of current health expenditure)
Kazakhstan,KAZ,2010,27.29583310782298,Upper middle income,Out-of-pocket health expenditure (% of current health expenditure)
Kazakhstan,KAZ,2011,24.598047641478917,Upper middle income,Out-of-pocket health expenditure (% of current health expenditure)
Kazakhstan,KAZ,2012,27.820342789629606,Upper middle income,Out-of-pocket health expenditure (% of current health expenditure)
Kazakhstan,KAZ,2013,25.95527895124237,Upper middle income,Out-of-pocket health expenditure (% of current health expenditure)
Kazakhstan,KAZ,2014,23.80191349301329,Upper middle income,Out-of-pocket health expenditure (% of current health expenditure)
Kazakhstan,KAZ,2015,32.0950354359774,Upper middle income,Out-of-pocket health expenditure (% of current health expenditure)
Kazakhstan,KAZ,2016,35.67286316006767,Upper middle income,Out-of-pocket health expenditure (% of current health expenditure)
Kazakhstan,KAZ,2017,33.14392412924204,Upper middle income,Out-of-pocket health expenditure (% of current health expenditure)
Kazakhstan,KAZ,2018,33.47025352731351,Upper middle income,Out-of-pocket health expenditure (% of current health expenditure)
Kazakhstan,KAZ,2019,33.863827732237056,Upper middle income,Out-of-pocket health expenditure (% of current health expenditure)
Kazakhstan,KAZ,2020,27.74455241195365,Upper middle income,Out-of-pocket health expenditure (% of current health expenditure)
Kazakhstan,KAZ,2021,25.030297769853103,Upper middle income,Out-of-pocket health expenditure (% of current health expenditure)
Kazakhstan,KAZ,2022,30.874018450401277,Upper middle income,Out-of-pocket health expenditure (% of current health expenditure)
Kyrgyzstan,KGZ,2000,51.64644714038128,Lower middle income,Out-of-pocket health expenditure (% of current health expenditure)
Kyrgyzstan,KGZ,2001,53.16455696202531,Lower middle income,Out-of-pocket health expenditure (% of current health expenditure)
Kyrgyzstan,KGZ,2002,51.66136954637389,Lower middle income,Out-of-pocket health expenditure (% of current health expenditure)
Kyrgyzstan,KGZ,2003,51.07936883167753,Lower middle income,Out-of-pocket health expenditure (% of current health expenditure)
Kyrgyzstan,KGZ,2004,46.59613918525898,Lower middle income,Out-of-pocket health expenditure (% of current health expenditure)
Kyrgyzstan,KGZ,2005,42.56970337824357,Lower middle income,Out-of-pocket health expenditure (% of current health expenditure)
Kyrgyzstan,KGZ,2006,39.18014446824823,Lower middle income,Out-of-pocket health expenditure (% of current health expenditure)
Kyrgyzstan,KGZ,2007,42.911514264201905,Lower middle income,Out-of-pocket health expenditure (% of current health expenditure)
Kyrgyzstan,KGZ,2008,48.67649143018582,Lower middle income,Out-of-pocket health expenditure (% of current health expenditure)
Kyrgyzstan,KGZ,2009,38.58998430800263,Lower middle income,Out-of-pocket health expenditure (% of current health expenditure)
Kyrgyzstan,KGZ,2010,43.09150350093962,Lower middle income,Out-of-pocket health expenditure (% of current health expenditure)
Kyrgyzstan,KGZ,2011,43.5401388752761,Lower middle income,Out-of-pocket health expenditure (% of current health expenditure)
Kyrgyzstan,KGZ,2012,43.24369435160943,Lower middle income,Out-of-pocket health expenditure (% of current health expenditure)
Kyrgyzstan,KGZ,2013,46.4152056331662,Lower middle income,Out-of-pocket health expenditure (% of current health expenditure)
Kyrgyzstan,KGZ,2014,56.32425787911967,Lower middle income,Out-of-pocket health expenditure (% of current health expenditure)
Kyrgyzstan,KGZ,2015,54.539771433138846,Lower middle income,Out-of-pocket health expenditure (% of current health expenditure)
Kyrgyzstan,KGZ,2016,57.21311496878011,Lower middle income,Out-of-pocket health expenditure (% of current health expenditure)
Kyrgyzstan,KGZ,2017,56.37662839499099,Lower middle income,Out-of-pocket health expenditure (% of current health expenditure)
Kyrgyzstan,KGZ,2018,46.61981211441391,Lower middle income,Out-of-pocket health expenditure (% of current health expenditure)
Kyrgyzstan,KGZ,2019,46.18142704766504,Lower middle income,Out-of-pocket health expenditure (% of current health expenditure)
Kyrgyzstan,KGZ,2020,45.90539979587162,Lower middle income,Out-of-pocket health expenditure (% of current health expenditure)
Kyrgyzstan,KGZ,2021,39.053628920216376,Lower middle income,Out-of-pocket health expenditure (% of current health expenditure)
Kyrgyzstan,KGZ,2022,38.358105470868054,Lower middle income,Out-of-pocket health expenditure (% of current health expenditure)
Latvia,LVA,2000,47.65911380736994,High income,Out-of-pocket health expenditure (% of current health expenditure)
Latvia,LVA,2001,48.850793356221565,High income,Out-of-pocket health expenditure (% of current health expenditure)
Latvia,LVA,2002,47.581665617355945,High income,Out-of-pocket health expenditure (% of current health expenditure)
Latvia,LVA,2003,48.56236367241721,High income,Out-of-pocket health expenditure (% of current health expenditure)
Latvia,LVA,2004,40.6312614331317,High income,Out-of-pocket health expenditure (% of current health expenditure)
Latvia,LVA,2005,41.69103344418648,High income,Out-of-pocket health expenditure (% of current health expenditure)
Latvia,LVA,2006,35.598183363671765,High income,Out-of-pocket health expenditure (% of current health expenditure)
Latvia,LVA,2007,36.82770465938367,High income,Out-of-pocket health expenditure (% of current health expenditure)
Latvia,LVA,2008,37.30623508026543,High income,Out-of-pocket health expenditure (% of current health expenditure)
Latvia,LVA,2009,38.782677898015,High income,Out-of-pocket health expenditure (% of current health expenditure)
Latvia,LVA,2010,37.18564807091097,High income,Out-of-pocket health expenditure (% of current health expenditure)
Latvia,LVA,2011,34.296753594594456,High income,Out-of-pocket health expenditure (% of current health expenditure)
Latvia,LVA,2012,37.82342229940483,High income,Out-of-pocket health expenditure (% of current health expenditure)
Latvia,LVA,2013,38.4714849045379,High income,Out-of-pocket health expenditure (% of current health expenditure)
Latvia,LVA,2014,39.10600718485309,High income,Out-of-pocket health expenditure (% of current health expenditure)
Latvia,LVA,2015,40.465307838749354,High income,Out-of-pocket health expenditure (% of current health expenditure)
Latvia,LVA,2016,43.322967471502125,High income,Out-of-pocket health expenditure (% of current health expenditure)
Latvia,LVA,2017,41.788330306007815,High income,Out-of-pocket health expenditure (% of current health expenditure)
Latvia,LVA,2018,39.17964176313091,High income,Out-of-pocket health expenditure (% of current health expenditure)
Latvia,LVA,2019,35.105003905643585,High income,Out-of-pocket health expenditure (% of current health expenditure)
Latvia,LVA,2020,31.873916989850656,High income,Out-of-pocket health expenditure (% of current health expenditure)
Latvia,LVA,2021,26.982388226412105,High income,Out-of-pocket health expenditure (% of current health expenditure)
Latvia,LVA,2022,30.740360462285196,High income,Out-of-pocket health expenditure (% of current health expenditure)
Lithuania,LTU,2000,27.1521666642504,High income,Out-of-pocket health expenditure (% of current health expenditure)
Lithuania,LTU,2001,27.585393891052405,High income,Out-of-pocket health expenditure (% of current health expenditure)
Lithuania,LTU,2002,25.602759637936877,High income,Out-of-pocket health expenditure (% of current health expenditure)
Lithuania,LTU,2003,24.181492502536372,High income,Out-of-pocket health expenditure (% of current health expenditure)
Lithuania,LTU,2004,32.919694436339405,High income,Out-of-pocket health expenditure (% of current health expenditure)
Lithuania,LTU,2005,32.77876563255571,High income,Out-of-pocket health expenditure (% of current health expenditure)
Lithuania,LTU,2006,31.85560688559157,High income,Out-of-pocket health expenditure (% of current health expenditure)
Lithuania,LTU,2007,28.403994498594752,High income,Out-of-pocket health expenditure (% of current health expenditure)
Lithuania,LTU,2008,28.173946881992418,High income,Out-of-pocket health expenditure (% of current health expenditure)
Lithuania,LTU,2009,26.817080557238032,High income,Out-of-pocket health expenditure (% of current health expenditure)
Lithuania,LTU,2010,27.59108040201005,High income,Out-of-pocket health expenditure (% of current health expenditure)
Lithuania,LTU,2011,28.22128162220691,High income,Out-of-pocket health expenditure (% of current health expenditure)
Lithuania,LTU,2012,31.80083937428462,High income,Out-of-pocket health expenditure (% of current health expenditure)
Lithuania,LTU,2013,32.82087118565106,High income,Out-of-pocket health expenditure (% of current health expenditure)
Lithuania,LTU,2014,31.49276129943503,High income,Out-of-pocket health expenditure (% of current health expenditure)
Lithuania,LTU,2015,31.837121993481578,High income,Out-of-pocket health expenditure (% of current health expenditure)
Lithuania,LTU,2016,32.31704954867702,High income,Out-of-pocket health expenditure (% of current health expenditure)
Lithuania,LTU,2017,32.27551679586563,High income,Out-of-pocket health expenditure (% of current health expenditure)
Lithuania,LTU,2018,31.51578564892071,High income,Out-of-pocket health expenditure (% of current health expenditure)
Lithuania,LTU,2019,32.270224270586894,High income,Out-of-pocket health expenditure (% of current health expenditure)
Lithuania,LTU,2020,28.6609042303854,High income,Out-of-pocket health expenditure (% of current health expenditure)
Lithuania,LTU,2021,29.9312395579543,High income,Out-of-pocket health expenditure (% of current health expenditure)
Lithuania,LTU,2022,31.83037032734956,High income,Out-of-pocket health expenditure (% of current health expenditure)
Luxembourg,LUX,2000,14.250881057268725,High income,Out-of-pocket health expenditure (% of current health expenditure)
Luxembourg,LUX,2001,13.657677165354327,High income,Out-of-pocket health expenditure (% of current health expenditure)
Luxembourg,LUX,2002,13.861738616203429,High income,Out-of-pocket health expenditure (% of current health expenditure)
Luxembourg,LUX,2003,13.255093099671416,High income,Out-of-pocket health expenditure (% of current health expenditure)
Luxembourg,LUX,2004,12.775828460038984,High income,Out-of-pocket health expenditure (% of current health expenditure)
Luxembourg,LUX,2005,12.928187297171997,High income,Out-of-pocket health expenditure (% of current health expenditure)
Luxembourg,LUX,2006,13.376278659611994,High income,Out-of-pocket health expenditure (% of current health expenditure)
Luxembourg,LUX,2007,10.307420189818808,High income,Out-of-pocket health expenditure (% of current health expenditure)
Luxembourg,LUX,2008,10.061492178098677,High income,Out-of-pocket health expenditure (% of current health expenditure)
Luxembourg,LUX,2009,9.895283714075166,High income,Out-of-pocket health expenditure (% of current health expenditure)
Luxembourg,LUX,2010,10.23186140419435,High income,Out-of-pocket health expenditure (% of current health expenditure)
Luxembourg,LUX,2011,10.880653616324487,High income,Out-of-pocket health expenditure (% of current health expenditure)
Luxembourg,LUX,2012,11.469619960016086,High income,Out-of-pocket health expenditure (% of current health expenditure)
Luxembourg,LUX,2013,11.19934015364302,High income,Out-of-pocket health expenditure (% of current health expenditure)
Luxembourg,LUX,2014,11.07252577290984,High income,Out-of-pocket health expenditure (% of current health expenditure)
Luxembourg,LUX,2015,10.715092003837563,High income,Out-of-pocket health expenditure (% of current health expenditure)
Luxembourg,LUX,2016,10.74443747242357,High income,Out-of-pocket health expenditure (% of current health expenditure)
Luxembourg,LUX,2017,10.661264193966124,High income,Out-of-pocket health expenditure (% of current health expenditure)
Luxembourg,LUX,2018,10.43567424081785,High income,Out-of-pocket health expenditure (% of current health expenditure)
Luxembourg,LUX,2019,9.58771718744367,High income,Out-of-pocket health expenditure (% of current health expenditure)
Luxembourg,LUX,2020,8.387290856071662,High income,Out-of-pocket health expenditure (% of current health expenditure)
Luxembourg,LUX,2021,8.798368728778692,High income,Out-of-pocket health expenditure (% of current health expenditure)
Luxembourg,LUX,2022,8.667783765723367,High income,Out-of-pocket health expenditure (% of current health expenditure)
Malta,MLT,2000,26.373626373626372,High income,Out-of-pocket health expenditure (% of current health expenditure)
Malta,MLT,2001,29.666666666666668,High income,Out-of-pocket health expenditure (% of current health expenditure)
Malta,MLT,2002,28.735632183908045,High income,Out-of-pocket health expenditure (% of current health expenditure)
Malta,MLT,2003,28.835978835978835,High income,Out-of-pocket health expenditure (% of current health expenditure)
Malta,MLT,2004,28.17258883248731,High income,Out-of-pocket health expenditure (% of current health expenditure)
Malta,MLT,2005,28.859060402684563,High income,Out-of-pocket health expenditure (% of current health expenditure)
Malta,MLT,2006,29.6218487394958,High income,Out-of-pocket health expenditure (% of current health expenditure)
Malta,MLT,2007,31.078224101479915,High income,Out-of-pocket health expenditure (% of current health expenditure)
Malta,MLT,2008,32.99180327868852,High income,Out-of-pocket health expenditure (% of current health expenditure)
Malta,MLT,2009,32.45967741935484,High income,Out-of-pocket health expenditure (% of current health expenditure)
Malta,MLT,2010,33.025830258302584,High income,Out-of-pocket health expenditure (% of current health expenditure)
Malta,MLT,2011,33.162393162393165,High income,Out-of-pocket health expenditure (% of current health expenditure)
Malta,MLT,2012,32.090761750405186,High income,Out-of-pocket health expenditure (% of current health expenditure)
Malta,MLT,2013,30.22222222222222,High income,Out-of-pocket health expenditure (% of current health expenditure)
Malta,MLT,2014,36.4677589360059,High income,Out-of-pocket health expenditure (% of current health expenditure)
Malta,MLT,2015,37.210078856302545,High income,Out-of-pocket health expenditure (% of current health expenditure)
Malta,MLT,2016,35.12796312833557,High income,Out-of-pocket health expenditure (% of current health expenditure)
Malta,MLT,2017,35.22464030298058,High income,Out-of-pocket health expenditure (% of current health expenditure)
Malta,MLT,2018,34.29564155056288,High income,Out-of-pocket health expenditure (% of current health expenditure)
Malta,MLT,2019,34.13107865813663,High income,Out-of-pocket health expenditure (% of current health expenditure)
Malta,MLT,2020,30.303609854425854,High income,Out-of-pocket health expenditure (% of current health expenditure)
Malta,MLT,2021,29.668597252617083,High income,Out-of-pocket health expenditure (% of current health expenditure)
Malta,MLT,2022,30.023075706181626,High income,Out-of-pocket health expenditure (% of current health expenditure)
Monaco,MCO,2000,7.012195121951219,High income,Out-of-pocket health expenditure (% of current health expenditure)
Monaco,MCO,2001,6.936250765497658,High income,Out-of-pocket health expenditure (% of current health expenditure)
Monaco,MCO,2002,6.817984951962535,High income,Out-of-pocket health expenditure (% of current health expenditure)
Monaco,MCO,2003,5.888352052123893,High income,Out-of-pocket health expenditure (% of current health expenditure)
Monaco,MCO,2004,5.747474750399066,High income,Out-of-pocket health expenditure (% of current health expenditure)
Monaco,MCO,2005,5.8113998104260185,High income,Out-of-pocket health expenditure (% of current health expenditure)
Monaco,MCO,2006,6.0750146277333545,High income,Out-of-pocket health expenditure (% of current health expenditure)
Monaco,MCO,2007,6.830765384544579,High income,Out-of-pocket health expenditure (% of current health expenditure)
Monaco,MCO,2008,6.416943282945145,High income,Out-of-pocket health expenditure (% of current health expenditure)
Monaco,MCO,2009,5.502449093801406,High income,Out-of-pocket health expenditure (% of current health expenditure)
Monaco,MCO,2010,5.371645246854705,High income,Out-of-pocket health expenditure (% of current health expenditure)
Monaco,MCO,2011,5.707127572302608,High income,Out-of-pocket health expenditure (% of current health expenditure)
Monaco,MCO,2012,5.5354512378025325,High income,Out-of-pocket health expenditure (% of current health expenditure)
Monaco,MCO,2013,5.747511774987722,High income,Out-of-pocket health expenditure (% of current health expenditure)
Monaco,MCO,2014,5.883767864679736,High income,Out-of-pocket health expenditure (% of current health expenditure)
Monaco,MCO,2015,6.02537507329006,High income,Out-of-pocket health expenditure (% of current health expenditure)
Monaco,MCO,2016,6.329379801815793,High income,Out-of-pocket health expenditure (% of current health expenditure)
Monaco,MCO,2017,6.245585648439513,High income,Out-of-pocket health expenditure (% of current health expenditure)
Monaco,MCO,2018,6.407429188420065,High income,Out-of-pocket health expenditure (% of current health expenditure)
Monaco,MCO,2019,6.652085128879771,High income,Out-of-pocket health expenditure (% of current health expenditure)
Monaco,MCO,2020,5.980738749424424,High income,Out-of-pocket health expenditure (% of current health expenditure)
Monaco,MCO,2021,6.88747114200989,High income,Out-of-pocket health expenditure (% of current health expenditure)
Monaco,MCO,2022,7.560058387248986,High income,Out-of-pocket health expenditure (% of current health expenditure)
Montenegro,MNE,2011,38.8013224665539,Upper middle income,Out-of-pocket health expenditure (% of current health expenditure)
Montenegro,MNE,2012,35.91405184174626,Upper middle income,Out-of-pocket health expenditure (% of current health expenditure)
Montenegro,MNE,2013,42.07717425652189,Upper middle income,Out-of-pocket health expenditure (% of current health expenditure)
Montenegro,MNE,2014,39.11519138323635,Upper middle income,Out-of-pocket health expenditure (% of current health expenditure)
Montenegro,MNE,2015,37.72554965883245,Upper middle income,Out-of-pocket health expenditure (% of current health expenditure)
Montenegro,MNE,2016,38.233484693130215,Upper middle income,Out-of-pocket health expenditure (% of current health expenditure)
Montenegro,MNE,2017,42.16569047410904,Upper middle income,Out-of-pocket health expenditure (% of current health expenditure)
Montenegro,MNE,2018,39.61085693723333,Upper middle income,Out-of-pocket health expenditure (% of current health expenditure)
Montenegro,MNE,2019,38.55629106956669,Upper middle income,Out-of-pocket health expenditure (% of current health expenditure)
Montenegro,MNE,2020,36.549625640697634,Upper middle income,Out-of-pocket health expenditure (% of current health expenditure)
Montenegro,MNE,2021,38.0844705853148,Upper middle income,Out-of-pocket health expenditure (% of current health expenditure)
Montenegro,MNE,2022,36.73978259927124,Upper middle income,Out-of-pocket health expenditure (% of current health expenditure)
Netherlands (Kingdom of the),NLD,2000,11.03169135377196,High income,Out-of-pocket health expenditure (% of current health expenditure)
Netherlands (Kingdom of the),NLD,2001,10.46682287509334,High income,Out-of-pocket health expenditure (% of current health expenditure)
Netherlands (Kingdom of the),NLD,2002,9.81220007382798,High income,Out-of-pocket health expenditure (% of current health expenditure)
Netherlands (Kingdom of the),NLD,2003,9.605322653575351,High income,Out-of-pocket health expenditure (% of current health expenditure)
Netherlands (Kingdom of the),NLD,2004,9.960184148314047,High income,Out-of-pocket health expenditure (% of current health expenditure)
Netherlands (Kingdom of the),NLD,2005,9.885855683269476,High income,Out-of-pocket health expenditure (% of current health expenditure)
Netherlands (Kingdom of the),NLD,2006,8.327053504144688,High income,Out-of-pocket health expenditure (% of current health expenditure)
Netherlands (Kingdom of the),NLD,2007,7.888962232173122,High income,Out-of-pocket health expenditure (% of current health expenditure)
Netherlands (Kingdom of the),NLD,2008,9.923714980512342,High income,Out-of-pocket health expenditure (% of current health expenditure)
Netherlands (Kingdom of the),NLD,2009,9.0695067264574,High income,Out-of-pocket health expenditure (% of current health expenditure)
Netherlands (Kingdom of the),NLD,2010,9.095670928978585,High income,Out-of-pocket health expenditure (% of current health expenditure)
Netherlands (Kingdom of the),NLD,2011,9.48238299151078,High income,Out-of-pocket health expenditure (% of current health expenditure)
Netherlands (Kingdom of the),NLD,2012,10.090676586840267,High income,Out-of-pocket health expenditure (% of current health expenditure)
Netherlands (Kingdom of the),NLD,2013,11.534885051715998,High income,Out-of-pocket health expenditure (% of current health expenditure)
Netherlands (Kingdom of the),NLD,2014,11.58756552618229,High income,Out-of-pocket health expenditure (% of current health expenditure)
Netherlands (Kingdom of the),NLD,2015,11.286428210455387,High income,Out-of-pocket health expenditure (% of current health expenditure)
Netherlands (Kingdom of the),NLD,2016,11.286428210455387,High income,Out-of-pocket health expenditure (% of current health expenditure)
Netherlands (Kingdom of the),NLD,2017,11.048864824295707,High income,Out-of-pocket health expenditure (% of current health expenditure)
Netherlands (Kingdom of the),NLD,2018,10.791329800265624,High income,Out-of-pocket health expenditure (% of current health expenditure)
Netherlands (Kingdom of the),NLD,2019,10.42366611277548,High income,Out-of-pocket health expenditure (% of current health expenditure)
Netherlands (Kingdom of the),NLD,2020,9.279745858454792,High income,Out-of-pocket health expenditure (% of current health expenditure)
Netherlands (Kingdom of the),NLD,2021,9.369966546896295,High income,Out-of-pocket health expenditure (% of current health expenditure)
Netherlands (Kingdom of the),NLD,2022,10.022722577979756,High income,Out-of-pocket health expenditure (% of current health expenditure)
North Macedonia,MKD,2000,42.08673982722043,Upper middle income,Out-of-pocket health expenditure (% of current health expenditure)
North Macedonia,MKD,2001,42.38284435263336,Upper middle income,Out-of-pocket health expenditure (% of current health expenditure)
North Macedonia,MKD,2002,42.57002683482583,Upper middle income,Out-of-pocket health expenditure (% of current health expenditure)
North Macedonia,MKD,2003,43.79019712860601,Upper middle income,Out-of-pocket health expenditure (% of current health expenditure)
North Macedonia,MKD,2004,42.53265668083074,Upper middle income,Out-of-pocket health expenditure (% of current health expenditure)
North Macedonia,MKD,2005,41.238456085562255,Upper middle income,Out-of-pocket health expenditure (% of current health expenditure)
North Macedonia,MKD,2006,37.000055357054976,Upper middle income,Out-of-pocket health expenditure (% of current health expenditure)
North Macedonia,MKD,2007,37.28580453539677,Upper middle income,Out-of-pocket health expenditure (% of current health expenditure)
North Macedonia,MKD,2008,32.02929139983495,Upper middle income,Out-of-pocket health expenditure (% of current health expenditure)
North Macedonia,MKD,2009,34.79013672798566,Upper middle income,Out-of-pocket health expenditure (% of current health expenditure)
North Macedonia,MKD,2010,37.78863605585195,Upper middle income,Out-of-pocket health expenditure (% of current health expenditure)
North Macedonia,MKD,2011,35.797791081759044,Upper middle income,Out-of-pocket health expenditure (% of current health expenditure)
North Macedonia,MKD,2012,35.243742522125494,Upper middle income,Out-of-pocket health expenditure (% of current health expenditure)
North Macedonia,MKD,2013,33.70716346420414,Upper middle income,Out-of-pocket health expenditure (% of current health expenditure)
North Macedonia,MKD,2014,34.976618218109756,Upper middle income,Out-of-pocket health expenditure (% of current health expenditure)
North Macedonia,MKD,2015,34.2619334651056,Upper middle income,Out-of-pocket health expenditure (% of current health expenditure)
North Macedonia,MKD,2016,35.320016262980474,Upper middle income,Out-of-pocket health expenditure (% of current health expenditure)
North Macedonia,MKD,2017,41.04214451954414,Upper middle income,Out-of-pocket health expenditure (% of current health expenditure)
North Macedonia,MKD,2018,41.233172848778565,Upper middle income,Out-of-pocket health expenditure (% of current health expenditure)
North Macedonia,MKD,2019,39.088062141755266,Upper middle income,Out-of-pocket health expenditure (% of current health expenditure)
North Macedonia,MKD,2020,38.871905384316314,Upper middle income,Out-of-pocket health expenditure (% of current health expenditure)
North Macedonia,MKD,2021,41.73990995125356,Upper middle income,Out-of-pocket health expenditure (% of current health expenditure)
North Macedonia,MKD,2022,40.21560495597414,Upper middle income,Out-of-pocket health expenditure (% of current health expenditure)
Norway,NOR,2000,17.941571177867246,High income,Out-of-pocket health expenditure (% of current health expenditure)
Norway,NOR,2001,16.9568647451171,High income,Out-of-pocket health expenditure (% of current health expenditure)
Norway,NOR,2002,16.825383268565574,High income,Out-of-pocket health expenditure (% of current health expenditure)
Norway,NOR,2003,16.598799828546934,High income,Out-of-pocket health expenditure (% of current health expenditure)
Norway,NOR,2004,16.76214212597674,High income,Out-of-pocket health expenditure (% of current health expenditure)
Norway,NOR,2005,16.714132284262735,High income,Out-of-pocket health expenditure (% of current health expenditure)
Norway,NOR,2006,16.45254916719412,High income,Out-of-pocket health expenditure (% of current health expenditure)
Norway,NOR,2007,16.072174156620456,High income,Out-of-pocket health expenditure (% of current health expenditure)
Norway,NOR,2008,15.656920942065296,High income,Out-of-pocket health expenditure (% of current health expenditure)
Norway,NOR,2009,15.254483409569447,High income,Out-of-pocket health expenditure (% of current health expenditure)
Norway,NOR,2010,15.04647182442533,High income,Out-of-pocket health expenditure (% of current health expenditure)
Norway,NOR,2011,15.209827249022164,High income,Out-of-pocket health expenditure (% of current health expenditure)
Norway,NOR,2012,14.800081481737712,High income,Out-of-pocket health expenditure (% of current health expenditure)
Norway,NOR,2013,14.594196451361189,High income,Out-of-pocket health expenditure (% of current health expenditure)
Norway,NOR,2014,14.378532709611695,High income,Out-of-pocket health expenditure (% of current health expenditure)
Norway,NOR,2015,14.142769671993324,High income,Out-of-pocket health expenditure (% of current health expenditure)
Norway,NOR,2016,14.270999043073866,High income,Out-of-pocket health expenditure (% of current health expenditure)
Norway,NOR,2017,14.511925353289326,High income,Out-of-pocket health expenditure (% of current health expenditure)
Norway,NOR,2018,13.968633593550434,High income,Out-of-pocket health expenditure (% of current health expenditure)
Norway,NOR,2019,13.918727077568043,High income,Out-of-pocket health expenditure (% of current health expenditure)
Norway,NOR,2020,13.787627447807088,High income,Out-of-pocket health expenditure (% of current health expenditure)
Norway,NOR,2021,13.852559842775744,High income,Out-of-pocket health expenditure (% of current health expenditure)
Norway,NOR,2022,14.075430083811204,High income,Out-of-pocket health expenditure (% of current health expenditure)
Poland,POL,2000,31.12003840420425,High income,Out-of-pocket health expenditure (% of current health expenditure)
Poland,POL,2001,28.97814503747855,High income,Out-of-pocket health expenditure (% of current health expenditure)
Poland,POL,2002,26.44940035309158,High income,Out-of-pocket health expenditure (% of current health expenditure)
Poland,POL,2003,27.58094256200805,High income,Out-of-pocket health expenditure (% of current health expenditure)
Poland,POL,2004,29.444099492311626,High income,Out-of-pocket health expenditure (% of current health expenditure)
Poland,POL,2005,27.74561449260245,High income,Out-of-pocket health expenditure (% of current health expenditure)
Poland,POL,2006,27.1057253815041,High income,Out-of-pocket health expenditure (% of current health expenditure)
Poland,POL,2007,26.29073651913344,High income,Out-of-pocket health expenditure (% of current health expenditure)
Poland,POL,2008,24.43056351946515,High income,Out-of-pocket health expenditure (% of current health expenditure)
Poland,POL,2009,24.360236764949935,High income,Out-of-pocket health expenditure (% of current health expenditure)
Poland,POL,2010,23.714362705470226,High income,Out-of-pocket health expenditure (% of current health expenditure)
Poland,POL,2011,23.954419337995148,High income,Out-of-pocket health expenditure (% of current health expenditure)
Poland,POL,2012,24.264167375942677,High income,Out-of-pocket health expenditure (% of current health expenditure)
Poland,POL,2013,23.645572016850476,High income,Out-of-pocket health expenditure (% of current health expenditure)
Poland,POL,2014,22.737462371101007,High income,Out-of-pocket health expenditure (% of current health expenditure)
Poland,POL,2015,23.03758562907525,High income,Out-of-pocket health expenditure (% of current health expenditure)
Poland,POL,2016,22.745580497388374,High income,Out-of-pocket health expenditure (% of current health expenditure)
Poland,POL,2017,22.73643461556075,High income,Out-of-pocket health expenditure (% of current health expenditure)
Poland,POL,2018,20.420331872316464,High income,Out-of-pocket health expenditure (% of current health expenditure)
Poland,POL,2019,20.090784181904407,High income,Out-of-pocket health expenditure (% of current health expenditure)
Poland,POL,2020,19.534980193569385,High income,Out-of-pocket health expenditure (% of current health expenditure)
Poland,POL,2021,19.84747832664754,High income,Out-of-pocket health expenditure (% of current health expenditure)
Poland,POL,2022,18.83915128771728,High income,Out-of-pocket health expenditure (% of current health expenditure)
Portugal,PRT,2000,25.71484964209985,High income,Out-of-pocket health expenditure (% of current health expenditure)
Portugal,PRT,2001,25.108566579676815,High income,Out-of-pocket health expenditure (% of current health expenditure)
Portugal,PRT,2002,23.17964333360212,High income,Out-of-pocket health expenditure (% of current health expenditure)
Portugal,PRT,2003,23.690635725036874,High income,Out-of-pocket health expenditure (% of current health expenditure)
Portugal,PRT,2004,23.505056469711135,High income,Out-of-pocket health expenditure (% of current health expenditure)
Portugal,PRT,2005,23.680448475028093,High income,Out-of-pocket health expenditure (% of current health expenditure)
Portugal,PRT,2006,25.52451779084616,High income,Out-of-pocket health expenditure (% of current health expenditure)
Portugal,PRT,2007,25.906455548923994,High income,Out-of-pocket health expenditure (% of current health expenditure)
Portugal,PRT,2008,26.393708531330333,High income,Out-of-pocket health expenditure (% of current health expenditure)
Portugal,PRT,2009,25.103314853704813,High income,Out-of-pocket health expenditure (% of current health expenditure)
Portugal,PRT,2010,24.708176604626335,High income,Out-of-pocket health expenditure (% of current health expenditure)
Portugal,PRT,2011,26.654321866636472,High income,Out-of-pocket health expenditure (% of current health expenditure)
Portugal,PRT,2012,29.583298968310736,High income,Out-of-pocket health expenditure (% of current health expenditure)
Portugal,PRT,2013,28.79378742304907,High income,Out-of-pocket health expenditure (% of current health expenditure)
Portugal,PRT,2014,29.33474350886307,High income,Out-of-pocket health expenditure (% of current health expenditure)
Portugal,PRT,2015,29.534967060664517,High income,Out-of-pocket health expenditure (% of current health expenditure)
Portugal,PRT,2016,29.431738984759345,High income,Out-of-pocket health expenditure (% of current health expenditure)
Portugal,PRT,2017,29.688344037384027,High income,Out-of-pocket health expenditure (% of current health expenditure)
Portugal,PRT,2018,29.917321052996748,High income,Out-of-pocket health expenditure (% of current health expenditure)
Portugal,PRT,2019,30.607241812644855,High income,Out-of-pocket health expenditure (% of current health expenditure)
Portugal,PRT,2020,28.018589011036816,High income,Out-of-pocket health expenditure (% of current health expenditure)
Portugal,PRT,2021,29.41145655193305,High income,Out-of-pocket health expenditure (% of current health expenditure)
Portugal,PRT,2022,29.64781030126312,High income,Out-of-pocket health expenditure (% of current health expenditure)
Republic of Moldova,MDA,2000,47.17256726788808,Upper middle income,Out-of-pocket health expenditure (% of current health expenditure)
Republic of Moldova,MDA,2001,51.94122255808057,Upper middle income,Out-of-pocket health expenditure (% of current health expenditure)
Republic of Moldova,MDA,2002,46.51903978642763,Upper middle income,Out-of-pocket health expenditure (% of current health expenditure)
Republic of Moldova,MDA,2003,48.30680539599443,Upper middle income,Out-of-pocket health expenditure (% of current health expenditure)
Republic of Moldova,MDA,2004,38.17024942523241,Upper middle income,Out-of-pocket health expenditure (% of current health expenditure)
Republic of Moldova,MDA,2005,42.763850621550326,Upper middle income,Out-of-pocket health expenditure (% of current health expenditure)
Republic of Moldova,MDA,2006,46.45158223751791,Upper middle income,Out-of-pocket health expenditure (% of current health expenditure)
Republic of Moldova,MDA,2007,45.09947952941533,Upper middle income,Out-of-pocket health expenditure (% of current health expenditure)
Republic of Moldova,MDA,2008,48.42182129076649,Upper middle income,Out-of-pocket health expenditure (% of current health expenditure)
Republic of Moldova,MDA,2009,45.57892862051809,Upper middle income,Out-of-pocket health expenditure (% of current health expenditure)
Republic of Moldova,MDA,2010,40.43186355767679,Upper middle income,Out-of-pocket health expenditure (% of current health expenditure)
Republic of Moldova,MDA,2011,44.79644993977243,Upper middle income,Out-of-pocket health expenditure (% of current health expenditure)
Republic of Moldova,MDA,2012,42.217849914402535,Upper middle income,Out-of-pocket health expenditure (% of current health expenditure)
Republic of Moldova,MDA,2013,42.576130485867935,Upper middle income,Out-of-pocket health expenditure (% of current health expenditure)
Republic of Moldova,MDA,2014,38.34880244821392,Upper middle income,Out-of-pocket health expenditure (% of current health expenditure)
Republic of Moldova,MDA,2015,46.18741008647732,Upper middle income,Out-of-pocket health expenditure (% of current health expenditure)
Republic of Moldova,MDA,2016,46.29189566040475,Upper middle income,Out-of-pocket health expenditure (% of current health expenditure)
Republic of Moldova,MDA,2017,43.6344808796571,Upper middle income,Out-of-pocket health expenditure (% of current health expenditure)
Republic of Moldova,MDA,2018,40.02739087414549,Upper middle income,Out-of-pocket health expenditure (% of current health expenditure)
Republic of Moldova,MDA,2019,35.69370099788964,Upper middle income,Out-of-pocket health expenditure (% of current health expenditure)
Republic of Moldova,MDA,2020,30.926272367433658,Upper middle income,Out-of-pocket health expenditure (% of current health expenditure)
Republic of Moldova,MDA,2021,29.415900803889375,Upper middle income,Out-of-pocket health expenditure (% of current health expenditure)
Republic of Moldova,MDA,2022,31.71020781308403,Upper middle income,Out-of-pocket health expenditure (% of current health expenditure)
Romania,ROU,2000,19.419723387927924,Upper middle income,Out-of-pocket health expenditure (% of current health expenditure)
Romania,ROU,2001,18.940920291234654,Upper middle income,Out-of-pocket health expenditure (% of current health expenditure)
Romania,ROU,2002,17.835146142737127,Upper middle income,Out-of-pocket health expenditure (% of current health expenditure)
Romania,ROU,2003,15.127175368139223,Upper middle income,Out-of-pocket health expenditure (% of current health expenditure)
Romania,ROU,2004,24.32698621142482,Upper middle income,Out-of-pocket health expenditure (% of current health expenditure)
Romania,ROU,2005,18.49896891613221,Upper middle income,Out-of-pocket health expenditure (% of current health expenditure)
Romania,ROU,2006,19.99056478940495,Upper middle income,Out-of-pocket health expenditure (% of current health expenditure)
Romania,ROU,2007,17.59607468941775,Upper middle income,Out-of-pocket health expenditure (% of current health expenditure)
Romania,ROU,2008,18.182153460325654,Upper middle income,Out-of-pocket health expenditure (% of current health expenditure)
Romania,ROU,2009,20.784504046704825,Upper middle income,Out-of-pocket health expenditure (% of current health expenditure)
Romania,ROU,2010,19.63123751021332,Upper middle income,Out-of-pocket health expenditure (% of current health expenditure)
Romania,ROU,2011,24.27584002435405,Upper middle income,Out-of-pocket health expenditure (% of current health expenditure)
Romania,ROU,2012,22.4279405990076,Upper middle income,Out-of-pocket health expenditure (% of current health expenditure)
Romania,ROU,2013,20.176116010546416,Upper middle income,Out-of-pocket health expenditure (% of current health expenditure)
Romania,ROU,2014,20.313699342065863,Upper middle income,Out-of-pocket health expenditure (% of current health expenditure)
Romania,ROU,2015,21.281868573400953,Upper middle income,Out-of-pocket health expenditure (% of current health expenditure)
Romania,ROU,2016,20.75498576020519,Upper middle income,Out-of-pocket health expenditure (% of current health expenditure)
Romania,ROU,2017,20.488155292682308,Upper middle income,Out-of-pocket health expenditure (% of current health expenditure)
Romania,ROU,2018,19.457571206647383,Upper middle income,Out-of-pocket health expenditure (% of current health expenditure)
Romania,ROU,2019,18.87716407531745,Upper middle income,Out-of-pocket health expenditure (% of current health expenditure)
Romania,ROU,2020,19.026185282018385,Upper middle income,Out-of-pocket health expenditure (% of current health expenditure)
Romania,ROU,2021,20.942455824974783,Upper middle income,Out-of-pocket health expenditure (% of current health expenditure)
Romania,ROU,2022,21.421674565628283,Upper middle income,Out-of-pocket health expenditure (% of current health expenditure)
Russian Federation,RUS,2000,30.208866187702167,Upper middle income,Out-of-pocket health expenditure (% of current health expenditure)
Russian Federation,RUS,2001,30.79232003312115,Upper middle income,Out-of-pocket health expenditure (% of current health expenditure)
Russian Federation,RUS,2002,31.212934640114863,Upper middle income,Out-of-pocket health expenditure (% of current health expenditure)
Russian Federation,RUS,2003,33.279873886793695,Upper middle income,Out-of-pocket health expenditure (% of current health expenditure)
Russian Federation,RUS,2004,33.80615119962325,Upper middle income,Out-of-pocket health expenditure (% of current health expenditure)
Russian Federation,RUS,2005,31.931878658861095,Upper middle income,Out-of-pocket health expenditure (% of current health expenditure)
Russian Federation,RUS,2006,31.126836585199076,Upper middle income,Out-of-pocket health expenditure (% of current health expenditure)
Russian Federation,RUS,2007,31.448046868764266,Upper middle income,Out-of-pocket health expenditure (% of current health expenditure)
Russian Federation,RUS,2008,31.54885415225711,Upper middle income,Out-of-pocket health expenditure (% of current health expenditure)
Russian Federation,RUS,2009,34.58216523000077,Upper middle income,Out-of-pocket health expenditure (% of current health expenditure)
Russian Federation,RUS,2010,35.32572405760108,Upper middle income,Out-of-pocket health expenditure (% of current health expenditure)
Russian Federation,RUS,2011,34.194451527625276,Upper middle income,Out-of-pocket health expenditure (% of current health expenditure)
Russian Federation,RUS,2012,33.39754420198463,Upper middle income,Out-of-pocket health expenditure (% of current health expenditure)
Russian Federation,RUS,2013,34.83225691456702,Upper middle income,Out-of-pocket health expenditure (% of current health expenditure)
Russian Federation,RUS,2014,35.825708335500394,Upper middle income,Out-of-pocket health expenditure (% of current health expenditure)
Russian Federation,RUS,2015,38.646335289974374,Upper middle income,Out-of-pocket health expenditure (% of current health expenditure)
Russian Federation,RUS,2016,40.48464987421505,Upper middle income,Out-of-pocket health expenditure (% of current health expenditure)
Russian Federation,RUS,2017,40.493082050583794,Upper middle income,Out-of-pocket health expenditure (% of current health expenditure)
Russian Federation,RUS,2018,38.311663592965765,Upper middle income,Out-of-pocket health expenditure (% of current health expenditure)
Russian Federation,RUS,2019,36.57374744594576,Upper middle income,Out-of-pocket health expenditure (% of current health expenditure)
Russian Federation,RUS,2020,24.884545188984564,Upper middle income,Out-of-pocket health expenditure (% of current health expenditure)
Russian Federation,RUS,2021,28.7372039828492,Upper middle income,Out-of-pocket health expenditure (% of current health expenditure)
Russian Federation,RUS,2022,27.703352297717917,Upper middle income,Out-of-pocket health expenditure (% of current health expenditure)
San Marino,SMR,2000,25.60515968368289,High income,Out-of-pocket health expenditure (% of current health expenditure)
San Marino,SMR,2001,24.399054727682824,High income,Out-of-pocket health expenditure (% of current health expenditure)
San Marino,SMR,2002,25.193796363926708,High income,Out-of-pocket health expenditure (% of current health expenditure)
San Marino,SMR,2003,23.762109748266937,High income,Out-of-pocket health expenditure (% of current health expenditure)
San Marino,SMR,2004,22.975565447481795,High income,Out-of-pocket health expenditure (% of current health expenditure)
San Marino,SMR,2005,21.869900449728615,High income,Out-of-pocket health expenditure (% of current health expenditure)
San Marino,SMR,2006,21.09648379849947,High income,Out-of-pocket health expenditure (% of current health expenditure)
San Marino,SMR,2007,20.026469703365443,High income,Out-of-pocket health expenditure (% of current health expenditure)
San Marino,SMR,2008,19.699172743139595,High income,Out-of-pocket health expenditure (% of current health expenditure)
San Marino,SMR,2009,19.147438142873472,High income,Out-of-pocket health expenditure (% of current health expenditure)
San Marino,SMR,2010,13.733527466162098,High income,Out-of-pocket health expenditure (% of current health expenditure)
San Marino,SMR,2011,11.245398213414491,High income,Out-of-pocket health expenditure (% of current health expenditure)
San Marino,SMR,2012,11.335501735716742,High income,Out-of-pocket health expenditure (% of current health expenditure)
San Marino,SMR,2013,10.941384558183778,High income,Out-of-pocket health expenditure (% of current health expenditure)
San Marino,SMR,2014,11.976797968334155,High income,Out-of-pocket health expenditure (% of current health expenditure)
San Marino,SMR,2015,13.602185879369408,High income,Out-of-pocket health expenditure (% of current health expenditure)
San Marino,SMR,2016,12.36561617180424,High income,Out-of-pocket health expenditure (% of current health expenditure)
San Marino,SMR,2017,12.386299792376064,High income,Out-of-pocket health expenditure (% of current health expenditure)
San Marino,SMR,2018,11.11235197484955,High income,Out-of-pocket health expenditure (% of current health expenditure)
San Marino,SMR,2019,11.220835020421251,High income,Out-of-pocket health expenditure (% of current health expenditure)
San Marino,SMR,2020,10.255510002476552,High income,Out-of-pocket health expenditure (% of current health expenditure)
San Marino,SMR,2021,11.85579029913044,High income,Out-of-pocket health expenditure (% of current health expenditure)
San Marino,SMR,2022,11.435653870426831,High income,Out-of-pocket health expenditure (% of current health expenditure)
Serbia,SRB,2000,29.621872508724593,Upper middle income,Out-of-pocket health expenditure (% of current health expenditure)
Serbia,SRB,2001,28.489536438402254,Upper middle income,Out-of-pocket health expenditure (% of current health expenditure)
Serbia,SRB,2002,23.83035817958491,Upper middle income,Out-of-pocket health expenditure (% of current health expenditure)
Serbia,SRB,2003,24.977643463957524,Upper middle income,Out-of-pocket health expenditure (% of current health expenditure)
Serbia,SRB,2004,27.29331132621205,Upper middle income,Out-of-pocket health expenditure (% of current health expenditure)
Serbia,SRB,2005,29.81834508035956,Upper middle income,Out-of-pocket health expenditure (% of current health expenditure)
Serbia,SRB,2006,32.84013374240313,Upper middle income,Out-of-pocket health expenditure (% of current health expenditure)
Serbia,SRB,2007,34.71288395736081,Upper middle income,Out-of-pocket health expenditure (% of current health expenditure)
Serbia,SRB,2008,35.14710471582138,Upper middle income,Out-of-pocket health expenditure (% of current health expenditure)
Serbia,SRB,2009,35.16513451740247,Upper middle income,Out-of-pocket health expenditure (% of current health expenditure)
Serbia,SRB,2010,36.40253484824004,Upper middle income,Out-of-pocket health expenditure (% of current health expenditure)
Serbia,SRB,2011,36.40479009728959,Upper middle income,Out-of-pocket health expenditure (% of current health expenditure)
Serbia,SRB,2012,35.430239830169334,Upper middle income,Out-of-pocket health expenditure (% of current health expenditure)
Serbia,SRB,2013,37.86663775821603,Upper middle income,Out-of-pocket health expenditure (% of current health expenditure)
Serbia,SRB,2014,39.94474861910478,Upper middle income,Out-of-pocket health expenditure (% of current health expenditure)
Serbia,SRB,2015,40.5877346088061,Upper middle income,Out-of-pocket health expenditure (% of current health expenditure)
Serbia,SRB,2016,40.45367199537986,Upper middle income,Out-of-pocket health expenditure (% of current health expenditure)
Serbia,SRB,2017,40.63934836650449,Upper middle income,Out-of-pocket health expenditure (% of current health expenditure)
Serbia,SRB,2018,38.310925597066635,Upper middle income,Out-of-pocket health expenditure (% of current health expenditure)
Serbia,SRB,2019,37.03557740630884,Upper middle income,Out-of-pocket health expenditure (% of current health expenditure)
Serbia,SRB,2020,36.03842733128612,Upper middle income,Out-of-pocket health expenditure (% of current health expenditure)
Serbia,SRB,2021,35.76088880503031,Upper middle income,Out-of-pocket health expenditure (% of current health expenditure)
Serbia,SRB,2022,36.53275915239574,Upper middle income,Out-of-pocket health expenditure (% of current health expenditure)
Slovakia,SVK,2000,10.838967150132532,High income,Out-of-pocket health expenditure (% of current health expenditure)
Slovakia,SVK,2001,10.904377251391772,High income,Out-of-pocket health expenditure (% of current health expenditure)
Slovakia,SVK,2002,11.016891464802155,High income,Out-of-pocket health expenditure (% of current health expenditure)
Slovakia,SVK,2003,12.21277781956717,High income,Out-of-pocket health expenditure (% of current health expenditure)
Slovakia,SVK,2004,21.23348197291859,High income,Out-of-pocket health expenditure (% of current health expenditure)
Slovakia,SVK,2005,23.60951902521353,High income,Out-of-pocket health expenditure (% of current health expenditure)
Slovakia,SVK,2006,26.588227981529005,High income,Out-of-pocket health expenditure (% of current health expenditure)
Slovakia,SVK,2007,27.370326882994583,High income,Out-of-pocket health expenditure (% of current health expenditure)
Slovakia,SVK,2008,21.020146313634964,High income,Out-of-pocket health expenditure (% of current health expenditure)
Slovakia,SVK,2009,22.4177394595401,High income,Out-of-pocket health expenditure (% of current health expenditure)
Slovakia,SVK,2010,22.800613378231443,High income,Out-of-pocket health expenditure (% of current health expenditure)
Slovakia,SVK,2011,23.57159025972266,High income,Out-of-pocket health expenditure (% of current health expenditure)
Slovakia,SVK,2012,23.233090171278892,High income,Out-of-pocket health expenditure (% of current health expenditure)
Slovakia,SVK,2013,23.32164982797128,High income,Out-of-pocket health expenditure (% of current health expenditure)
Slovakia,SVK,2014,18.00793100286245,High income,Out-of-pocket health expenditure (% of current health expenditure)
Slovakia,SVK,2015,18.44357351873162,High income,Out-of-pocket health expenditure (% of current health expenditure)
Slovakia,SVK,2016,17.888629691445363,High income,Out-of-pocket health expenditure (% of current health expenditure)
Slovakia,SVK,2017,18.71242005084305,High income,Out-of-pocket health expenditure (% of current health expenditure)
Slovakia,SVK,2018,18.907818783741035,High income,Out-of-pocket health expenditure (% of current health expenditure)
Slovakia,SVK,2019,19.159362156528605,High income,Out-of-pocket health expenditure (% of current health expenditure)
Slovakia,SVK,2020,18.751677322768796,High income,Out-of-pocket health expenditure (% of current health expenditure)
Slovakia,SVK,2021,19.40410600146783,High income,Out-of-pocket health expenditure (% of current health expenditure)
Slovakia,SVK,2022,19.26242364717993,High income,Out-of-pocket health expenditure (% of current health expenditure)
Slovenia,SVN,2000,13.27326966735064,High income,Out-of-pocket health expenditure (% of current health expenditure)
Slovenia,SVN,2001,12.903478060132157,High income,Out-of-pocket health expenditure (% of current health expenditure)
Slovenia,SVN,2002,12.555216491783492,High income,Out-of-pocket health expenditure (% of current health expenditure)
Slovenia,SVN,2003,12.486650721975106,High income,Out-of-pocket health expenditure (% of current health expenditure)
Slovenia,SVN,2004,12.169075336860931,High income,Out-of-pocket health expenditure (% of current health expenditure)
Slovenia,SVN,2005,13.019374870001473,High income,Out-of-pocket health expenditure (% of current health expenditure)
Slovenia,SVN,2006,12.278043331561058,High income,Out-of-pocket health expenditure (% of current health expenditure)
Slovenia,SVN,2007,13.63123588920588,High income,Out-of-pocket health expenditure (% of current health expenditure)
Slovenia,SVN,2008,12.639945054225716,High income,Out-of-pocket health expenditure (% of current health expenditure)
Slovenia,SVN,2009,12.77988825300125,High income,Out-of-pocket health expenditure (% of current health expenditure)
Slovenia,SVN,2010,12.64016336070995,High income,Out-of-pocket health expenditure (% of current health expenditure)
Slovenia,SVN,2011,12.196642356855715,High income,Out-of-pocket health expenditure (% of current health expenditure)
Slovenia,SVN,2012,12.459966115009571,High income,Out-of-pocket health expenditure (% of current health expenditure)
Slovenia,SVN,2013,12.45486407200532,High income,Out-of-pocket health expenditure (% of current health expenditure)
Slovenia,SVN,2014,12.98344604846954,High income,Out-of-pocket health expenditure (% of current health expenditure)
Slovenia,SVN,2015,12.49877717732852,High income,Out-of-pocket health expenditure (% of current health expenditure)
Slovenia,SVN,2016,11.981036420526737,High income,Out-of-pocket health expenditure (% of current health expenditure)
Slovenia,SVN,2017,12.322433913665243,High income,Out-of-pocket health expenditure (% of current health expenditure)
Slovenia,SVN,2018,11.981577742942209,High income,Out-of-pocket health expenditure (% of current health expenditure)
Slovenia,SVN,2019,11.661239264854231,High income,Out-of-pocket health expenditure (% of current health expenditure)
Slovenia,SVN,2020,12.474130266514754,High income,Out-of-pocket health expenditure (% of current health expenditure)
Slovenia,SVN,2021,12.876154683885572,High income,Out-of-pocket health expenditure (% of current health expenditure)
Slovenia,SVN,2022,12.431871824093662,High income,Out-of-pocket health expenditure (% of current health expenditure)
Spain,ESP,2000,24.32431757505312,High income,Out-of-pocket health expenditure (% of current health expenditure)
Spain,ESP,2001,24.852286368449093,High income,Out-of-pocket health expenditure (% of current health expenditure)
Spain,ESP,2002,24.599551649298487,High income,Out-of-pocket health expenditure (% of current health expenditure)
Spain,ESP,2003,22.457176238261408,High income,Out-of-pocket health expenditure (% of current health expenditure)
Spain,ESP,2004,22.181636856605163,High income,Out-of-pocket health expenditure (% of current health expenditure)
Spain,ESP,2005,21.74240979154004,High income,Out-of-pocket health expenditure (% of current health expenditure)
Spain,ESP,2006,21.02472407979202,High income,Out-of-pocket health expenditure (% of current health expenditure)
Spain,ESP,2007,20.733080160992255,High income,Out-of-pocket health expenditure (% of current health expenditure)
Spain,ESP,2008,20.640758792818335,High income,Out-of-pocket health expenditure (% of current health expenditure)
Spain,ESP,2009,19.01673376087488,High income,Out-of-pocket health expenditure (% of current health expenditure)
Spain,ESP,2010,20.290293121246332,High income,Out-of-pocket health expenditure (% of current health expenditure)
Spain,ESP,2011,20.391980733159095,High income,Out-of-pocket health expenditure (% of current health expenditure)
Spain,ESP,2012,21.80307745277079,High income,Out-of-pocket health expenditure (% of current health expenditure)
Spain,ESP,2013,22.76995260789463,High income,Out-of-pocket health expenditure (% of current health expenditure)
Spain,ESP,2014,23.130026175056464,High income,Out-of-pocket health expenditure (% of current health expenditure)
Spain,ESP,2015,22.29291955036812,High income,Out-of-pocket health expenditure (% of current health expenditure)
Spain,ESP,2016,21.95563507898643,High income,Out-of-pocket health expenditure (% of current health expenditure)
Spain,ESP,2017,22.241625176692462,High income,Out-of-pocket health expenditure (% of current health expenditure)
Spain,ESP,2018,22.240181178782827,High income,Out-of-pocket health expenditure (% of current health expenditure)
Spain,ESP,2019,21.85766513415684,High income,Out-of-pocket health expenditure (% of current health expenditure)
Spain,ESP,2020,19.73453276436211,High income,Out-of-pocket health expenditure (% of current health expenditure)
Spain,ESP,2021,19.344104345335012,High income,Out-of-pocket health expenditure (% of current health expenditure)
Spain,ESP,2022,19.176673426047333,High income,Out-of-pocket health expenditure (% of current health expenditure)
Sweden,SWE,2000,14.462477358101324,High income,Out-of-pocket health expenditure (% of current health expenditure)
Sweden,SWE,2001,16.879925986966832,High income,Out-of-pocket health expenditure (% of current health expenditure)
Sweden,SWE,2002,16.509551154341967,High income,Out-of-pocket health expenditure (% of current health expenditure)
Sweden,SWE,2003,15.881811430172418,High income,Out-of-pocket health expenditure (% of current health expenditure)
Sweden,SWE,2004,16.281879661341076,High income,Out-of-pocket health expenditure (% of current health expenditure)
Sweden,SWE,2005,16.63569240042192,High income,Out-of-pocket health expenditure (% of current health expenditure)
Sweden,SWE,2006,16.541682414019455,High income,Out-of-pocket health expenditure (% of current health expenditure)
Sweden,SWE,2007,16.336838774803006,High income,Out-of-pocket health expenditure (% of current health expenditure)
Sweden,SWE,2008,16.325699963582615,High income,Out-of-pocket health expenditure (% of current health expenditure)
Sweden,SWE,2009,16.403271986431562,High income,Out-of-pocket health expenditure (% of current health expenditure)
Sweden,SWE,2010,16.37858255215954,High income,Out-of-pocket health expenditure (% of current health expenditure)
Sweden,SWE,2011,14.554641065523954,High income,Out-of-pocket health expenditure (% of current health expenditure)
Sweden,SWE,2012,14.809892839189102,High income,Out-of-pocket health expenditure (% of current health expenditure)
Sweden,SWE,2013,14.931187763728262,High income,Out-of-pocket health expenditure (% of current health expenditure)
Sweden,SWE,2014,14.918947113162917,High income,Out-of-pocket health expenditure (% of current health expenditure)
Sweden,SWE,2015,14.90281528277744,High income,Out-of-pocket health expenditure (% of current health expenditure)
Sweden,SWE,2016,14.491888541273164,High income,Out-of-pocket health expenditure (% of current health expenditure)
Sweden,SWE,2017,14.086616241096506,High income,Out-of-pocket health expenditure (% of current health expenditure)
Sweden,SWE,2018,13.958823930277813,High income,Out-of-pocket health expenditure (% of current health expenditure)
Sweden,SWE,2019,13.713305800686303,High income,Out-of-pocket health expenditure (% of current health expenditure)
Sweden,SWE,2020,12.831514353363128,High income,Out-of-pocket health expenditure (% of current health expenditure)
Sweden,SWE,2021,12.802184181104469,High income,Out-of-pocket health expenditure (% of current health expenditure)
Sweden,SWE,2022,12.873915555364569,High income,Out-of-pocket health expenditure (% of current health expenditure)
Switzerland,CHE,2000,31.04061690679126,High income,Out-of-pocket health expenditure (% of current health expenditure)
Switzerland,CHE,2001,30.11981764463127,High income,Out-of-pocket health expenditure (% of current health expenditure)
Switzerland,CHE,2002,29.049670969968183,High income,Out-of-pocket health expenditure (% of current health expenditure)
Switzerland,CHE,2003,28.622527966612285,High income,Out-of-pocket health expenditure (% of current health expenditure)
Switzerland,CHE,2004,28.75733601442192,High income,Out-of-pocket health expenditure (% of current health expenditure)
Switzerland,CHE,2005,27.144047803782257,High income,Out-of-pocket health expenditure (% of current health expenditure)
Switzerland,CHE,2006,27.349459764583415,High income,Out-of-pocket health expenditure (% of current health expenditure)
Switzerland,CHE,2007,27.33333211366302,High income,Out-of-pocket health expenditure (% of current health expenditure)
Switzerland,CHE,2008,26.497860589985404,High income,Out-of-pocket health expenditure (% of current health expenditure)
Switzerland,CHE,2009,26.201295745319484,High income,Out-of-pocket health expenditure (% of current health expenditure)
Switzerland,CHE,2010,23.98251661989508,High income,Out-of-pocket health expenditure (% of current health expenditure)
Switzerland,CHE,2011,23.472140929245896,High income,Out-of-pocket health expenditure (% of current health expenditure)
Switzerland,CHE,2012,23.28746424627329,High income,Out-of-pocket health expenditure (% of current health expenditure)
Switzerland,CHE,2013,22.750398223296177,High income,Out-of-pocket health expenditure (% of current health expenditure)
Switzerland,CHE,2014,22.596944655211797,High income,Out-of-pocket health expenditure (% of current health expenditure)
Switzerland,CHE,2015,22.024487590305196,High income,Out-of-pocket health expenditure (% of current health expenditure)
Switzerland,CHE,2016,21.29368099724718,High income,Out-of-pocket health expenditure (% of current health expenditure)
Switzerland,CHE,2017,21.641552606149045,High income,Out-of-pocket health expenditure (% of current health expenditure)
Switzerland,CHE,2018,21.94914908209484,High income,Out-of-pocket health expenditure (% of current health expenditure)
Switzerland,CHE,2019,21.896412627828084,High income,Out-of-pocket health expenditure (% of current health expenditure)
Switzerland,CHE,2020,20.65158049600642,High income,Out-of-pocket health expenditure (% of current health expenditure)
Switzerland,CHE,2021,21.289024720656833,High income,Out-of-pocket health expenditure (% of current health expenditure)
Switzerland,CHE,2022,21.582734882469637,High income,Out-of-pocket health expenditure (% of current health expenditure)
Tajikistan,TJK,2000,79.15172232409036,Lower middle income,Out-of-pocket health expenditure (% of current health expenditure)
Tajikistan,TJK,2001,76.52173913043478,Lower middle income,Out-of-pocket health expenditure (% of current health expenditure)
Tajikistan,TJK,2002,78.16711590296495,Lower middle income,Out-of-pocket health expenditure (% of current health expenditure)
Tajikistan,TJK,2003,73.30263154460029,Lower middle income,Out-of-pocket health expenditure (% of current health expenditure)
Tajikistan,TJK,2004,71.73569285582023,Lower middle income,Out-of-pocket health expenditure (% of current health expenditure)
Tajikistan,TJK,2005,66.09986146691351,Lower middle income,Out-of-pocket health expenditure (% of current health expenditure)
Tajikistan,TJK,2006,68.79291286554731,Lower middle income,Out-of-pocket health expenditure (% of current health expenditure)
Tajikistan,TJK,2007,70.61388375770038,Lower middle income,Out-of-pocket health expenditure (% of current health expenditure)
Tajikistan,TJK,2008,68.58421343945983,Lower middle income,Out-of-pocket health expenditure (% of current health expenditure)
Tajikistan,TJK,2009,69.63989086658773,Lower middle income,Out-of-pocket health expenditure (% of current health expenditure)
Tajikistan,TJK,2010,70.43351650104397,Lower middle income,Out-of-pocket health expenditure (% of current health expenditure)
Tajikistan,TJK,2011,62.544035295074664,Lower middle income,Out-of-pocket health expenditure (% of current health expenditure)
Tajikistan,TJK,2012,63.93601775229994,Lower middle income,Out-of-pocket health expenditure (% of current health expenditure)
Tajikistan,TJK,2013,61.91825324871563,Lower middle income,Out-of-pocket health expenditure (% of current health expenditure)
Tajikistan,TJK,2014,62.18501217185341,Lower middle income,Out-of-pocket health expenditure (% of current health expenditure)
Tajikistan,TJK,2015,62.57888912152662,Lower middle income,Out-of-pocket health expenditure (% of current health expenditure)
Tajikistan,TJK,2016,66.00267344638691,Lower middle income,Out-of-pocket health expenditure (% of current health expenditure)
Tajikistan,TJK,2017,63.152412653125914,Lower middle income,Out-of-pocket health expenditure (% of current health expenditure)
Tajikistan,TJK,2018,68.41996319712494,Lower middle income,Out-of-pocket health expenditure (% of current health expenditure)
Tajikistan,TJK,2019,71.22300456670851,Lower middle income,Out-of-pocket health expenditure (% of current health expenditure)
Tajikistan,TJK,2020,67.95899373526599,Lower middle income,Out-of-pocket health expenditure (% of current health expenditure)
Tajikistan,TJK,2021,65.13355920029863,Lower middle income,Out-of-pocket health expenditure (% of current health expenditure)
Tajikistan,TJK,2022,65.18047141936572,Lower middle income,Out-of-pocket health expenditure (% of current health expenditure)
Türkiye,TUR,2000,28.600405679513184,Upper middle income,Out-of-pocket health expenditure (% of current health expenditure)
Türkiye,TUR,2001,23.432070163825916,Upper middle income,Out-of-pocket health expenditure (% of current health expenditure)
Türkiye,TUR,2002,20.320768097757895,Upper middle income,Out-of-pocket health expenditure (% of current health expenditure)
Türkiye,TUR,2003,18.930562595032946,Upper middle income,Out-of-pocket health expenditure (% of current health expenditure)
Türkiye,TUR,2004,20.18101761252446,Upper middle income,Out-of-pocket health expenditure (% of current health expenditure)
Türkiye,TUR,2005,24.17697945452361,Upper middle income,Out-of-pocket health expenditure (% of current health expenditure)
Türkiye,TUR,2006,23.64892915577914,Upper middle income,Out-of-pocket health expenditure (% of current health expenditure)
Türkiye,TUR,2007,23.884288633186365,Upper middle income,Out-of-pocket health expenditure (% of current health expenditure)
Türkiye,TUR,2008,19.18195718654434,Upper middle income,Out-of-pocket health expenditure (% of current health expenditure)
Türkiye,TUR,2009,14.5079032083047,Upper middle income,Out-of-pocket health expenditure (% of current health expenditure)
Türkiye,TUR,2010,16.87221738907937,Upper middle income,Out-of-pocket health expenditure (% of current health expenditure)
Türkiye,TUR,2011,15.895184482653123,Upper middle income,Out-of-pocket health expenditure (% of current health expenditure)
Türkiye,TUR,2012,15.931595720464376,Upper middle income,Out-of-pocket health expenditure (% of current health expenditure)
Türkiye,TUR,2013,16.926802338711703,Upper middle income,Out-of-pocket health expenditure (% of current health expenditure)
Türkiye,TUR,2014,17.725421364117103,Upper middle income,Out-of-pocket health expenditure (% of current health expenditure)
Türkiye,TUR,2015,16.948732254664932,Upper middle income,Out-of-pocket health expenditure (% of current health expenditure)
Türkiye,TUR,2016,16.46614537053492,Upper middle income,Out-of-pocket health expenditure (% of current health expenditure)
Türkiye,TUR,2017,17.384200761942573,Upper middle income,Out-of-pocket health expenditure (% of current health expenditure)
Türkiye,TUR,2018,17.491418506675693,Upper middle income,Out-of-pocket health expenditure (% of current health expenditure)
Türkiye,TUR,2019,17.047633618931048,Upper middle income,Out-of-pocket health expenditure (% of current health expenditure)
Türkiye,TUR,2020,16.43061380180913,Upper middle income,Out-of-pocket health expenditure (% of current health expenditure)
Türkiye,TUR,2021,16.271203466829153,Upper middle income,Out-of-pocket health expenditure (% of current health expenditure)
Türkiye,TUR,2022,19.478438590902325,Upper middle income,Out-of-pocket health expenditure (% of current health expenditure)
Turkmenistan,TKM,2000,50.00687907963787,Upper middle income,Out-of-pocket health expenditure (% of current health expenditure)
Turkmenistan,TKM,2001,61.26546994472424,Upper middle income,Out-of-pocket health expenditure (% of current health expenditure)
Turkmenistan,TKM,2002,61.135183733705944,Upper middle income,Out-of-pocket health expenditure (% of current health expenditure)
Turkmenistan,TKM,2003,63.69928524310105,Upper middle income,Out-of-pocket health expenditure (% of current health expenditure)
Turkmenistan,TKM,2004,72.1902015422004,Upper middle income,Out-of-pocket health expenditure (% of current health expenditure)
Turkmenistan,TKM,2005,73.8278640264314,Upper middle income,Out-of-pocket health expenditure (% of current health expenditure)
Turkmenistan,TKM,2006,76.42288582252716,Upper middle income,Out-of-pocket health expenditure (% of current health expenditure)
Turkmenistan,TKM,2007,68.99676058724172,Upper middle income,Out-of-pocket health expenditure (% of current health expenditure)
Turkmenistan,TKM,2008,78.47992507878764,Upper middle income,Out-of-pocket health expenditure (% of current health expenditure)
Turkmenistan,TKM,2009,70.73177195293141,Upper middle income,Out-of-pocket health expenditure (% of current health expenditure)
Turkmenistan,TKM,2010,70.99907301984751,Upper middle income,Out-of-pocket health expenditure (% of current health expenditure)
Turkmenistan,TKM,2011,68.97085975813931,Upper middle income,Out-of-pocket health expenditure (% of current health expenditure)
Turkmenistan,TKM,2012,68.28610674965455,Upper middle income,Out-of-pocket health expenditure (% of current health expenditure)
Turkmenistan,TKM,2013,66.84680140294601,Upper middle income,Out-of-pocket health expenditure (% of current health expenditure)
Turkmenistan,TKM,2014,68.20839161105533,Upper middle income,Out-of-pocket health expenditure (% of current health expenditure)
Turkmenistan,TKM,2015,71.07138009977946,Upper middle income,Out-of-pocket health expenditure (% of current health expenditure)
Turkmenistan,TKM,2016,76.1563895868526,Upper middle income,Out-of-pocket health expenditure (% of current health expenditure)
Turkmenistan,TKM,2017,73.0645892291845,Upper middle income,Out-of-pocket health expenditure (% of current health expenditure)
Turkmenistan,TKM,2018,76.62548602590941,Upper middle income,Out-of-pocket health expenditure (% of current health expenditure)
Turkmenistan,TKM,2019,76.63579098195463,Upper middle income,Out-of-pocket health expenditure (% of current health expenditure)
Turkmenistan,TKM,2020,76.36035749538766,Upper middle income,Out-of-pocket health expenditure (% of current health expenditure)
Turkmenistan,TKM,2021,77.47677494877334,Upper middle income,Out-of-pocket health expenditure (% of current health expenditure)
Turkmenistan,TKM,2022,79.22116399611842,Upper middle income,Out-of-pocket health expenditure (% of current health expenditure)
Ukraine,UKR,2000,48.392655586287766,Lower middle income,Out-of-pocket health expenditure (% of current health expenditure)
Ukraine,UKR,2001,47.16529886105672,Lower middle income,Out-of-pocket health expenditure (% of current health expenditure)
Ukraine,UKR,2002,45.117456856464656,Lower middle income,Out-of-pocket health expenditure (% of current health expenditure)
Ukraine,UKR,2003,41.02519292248515,Lower middle income,Out-of-pocket health expenditure (% of current health expenditure)
Ukraine,UKR,2004,41.40994337612722,Lower middle income,Out-of-pocket health expenditure (% of current health expenditure)
Ukraine,UKR,2005,37.95809498267738,Lower middle income,Out-of-pocket health expenditure (% of current health expenditure)
Ukraine,UKR,2006,36.13279659637221,Lower middle income,Out-of-pocket health expenditure (% of current health expenditure)
Ukraine,UKR,2007,36.45686302269554,Lower middle income,Out-of-pocket health expenditure (% of current health expenditure)
Ukraine,UKR,2008,37.788085369706955,Lower middle income,Out-of-pocket health expenditure (% of current health expenditure)
Ukraine,UKR,2009,37.3950041313417,Lower middle income,Out-of-pocket health expenditure (% of current health expenditure)
Ukraine,UKR,2010,41.842240044914405,Lower middle income,Out-of-pocket health expenditure (% of current health expenditure)
Ukraine,UKR,2011,46.30967607455768,Lower middle income,Out-of-pocket health expenditure (% of current health expenditure)
Ukraine,UKR,2012,43.933543781653285,Lower middle income,Out-of-pocket health expenditure (% of current health expenditure)
Ukraine,UKR,2013,48.15446224768629,Lower middle income,Out-of-pocket health expenditure (% of current health expenditure)
Ukraine,UKR,2014,48.132101597275465,Lower middle income,Out-of-pocket health expenditure (% of current health expenditure)
Ukraine,UKR,2015,48.23913756510193,Lower middle income,Out-of-pocket health expenditure (% of current health expenditure)
Ukraine,UKR,2016,48.35792672784346,Lower middle income,Out-of-pocket health expenditure (% of current health expenditure)
Ukraine,UKR,2017,49.17759097237607,Lower middle income,Out-of-pocket health expenditure (% of current health expenditure)
Ukraine,UKR,2018,50.65900288698913,Lower middle income,Out-of-pocket health expenditure (% of current health expenditure)
Ukraine,UKR,2019,51.11891973508018,Lower middle income,Out-of-pocket health expenditure (% of current health expenditure)
Ukraine,UKR,2020,47.86013264978852,Lower middle income,Out-of-pocket health expenditure (% of current health expenditure)
Ukraine,UKR,2021,45.293673233592635,Lower middle income,Out-of-pocket health expenditure (% of current health expenditure)
Ukraine,UKR,2022,,Lower middle income,Out-of-pocket health expenditure (% of current health expenditure)
United Kingdom of Great Britain and Northern Ireland,GBR,2000,18.219537236133693,High income,Out-of-pocket health expenditure (% of current health expenditure)
United Kingdom of Great Britain and Northern Ireland,GBR,2001,18.13444149330825,High income,Out-of-pocket health expenditure (% of current health expenditure)
United Kingdom of Great Britain and Northern Ireland,GBR,2002,17.459463501593508,High income,Out-of-pocket health expenditure (% of current health expenditure)
United Kingdom of Great Britain and Northern Ireland,GBR,2003,16.29587142052078,High income,Out-of-pocket health expenditure (% of current health expenditure)
United Kingdom of Great Britain and Northern Ireland,GBR,2004,14.7369918666107,High income,Out-of-pocket health expenditure (% of current health expenditure)
United Kingdom of Great Britain and Northern Ireland,GBR,2005,13.433972263424849,High income,Out-of-pocket health expenditure (% of current health expenditure)
United Kingdom of Great Britain and Northern Ireland,GBR,2006,12.27602560309564,High income,Out-of-pocket health expenditure (% of current health expenditure)
United Kingdom of Great Britain and Northern Ireland,GBR,2007,14.267762080854247,High income,Out-of-pocket health expenditure (% of current health expenditure)
United Kingdom of Great Britain and Northern Ireland,GBR,2008,13.429342349166848,High income,Out-of-pocket health expenditure (% of current health expenditure)
United Kingdom of Great Britain and Northern Ireland,GBR,2009,12.348226145220984,High income,Out-of-pocket health expenditure (% of current health expenditure)
United Kingdom of Great Britain and Northern Ireland,GBR,2010,13.067958884600849,High income,Out-of-pocket health expenditure (% of current health expenditure)
United Kingdom of Great Britain and Northern Ireland,GBR,2011,13.215164829666112,High income,Out-of-pocket health expenditure (% of current health expenditure)
United Kingdom of Great Britain and Northern Ireland,GBR,2012,14.114291270255084,High income,Out-of-pocket health expenditure (% of current health expenditure)
United Kingdom of Great Britain and Northern Ireland,GBR,2013,15.617465201675122,High income,Out-of-pocket health expenditure (% of current health expenditure)
United Kingdom of Great Britain and Northern Ireland,GBR,2014,15.081532021541456,High income,Out-of-pocket health expenditure (% of current health expenditure)
United Kingdom of Great Britain and Northern Ireland,GBR,2015,14.94256189283348,High income,Out-of-pocket health expenditure (% of current health expenditure)
United Kingdom of Great Britain and Northern Ireland,GBR,2016,14.744686332952927,High income,Out-of-pocket health expenditure (% of current health expenditure)
United Kingdom of Great Britain and Northern Ireland,GBR,2017,14.88585916317263,High income,Out-of-pocket health expenditure (% of current health expenditure)
United Kingdom of Great Britain and Northern Ireland,GBR,2018,15.657198090738238,High income,Out-of-pocket health expenditure (% of current health expenditure)
United Kingdom of Great Britain and Northern Ireland,GBR,2019,15.79803179830618,High income,Out-of-pocket health expenditure (% of current health expenditure)
United Kingdom of Great Britain and Northern Ireland,GBR,2020,11.450068396654684,High income,Out-of-pocket health expenditure (% of current health expenditure)
United Kingdom of Great Britain and Northern Ireland,GBR,2021,12.389957481794395,High income,Out-of-pocket health expenditure (% of current health expenditure)
United Kingdom of Great Britain and Northern Ireland,GBR,2022,13.288772943752743,High income,Out-of-pocket health expenditure (% of current health expenditure)
Uzbekistan,UZB,2000,60.58262714779695,Lower middle income,Out-of-pocket health expenditure (% of current health expenditure)
Uzbekistan,UZB,2001,60.843823036593115,Lower middle income,Out-of-pocket health expenditure (% of current health expenditure)
Uzbekistan,UZB,2002,62.07057488823335,Lower middle income,Out-of-pocket health expenditure (% of current health expenditure)
Uzbekistan,UZB,2003,59.288833180895274,Lower middle income,Out-of-pocket health expenditure (% of current health expenditure)
Uzbekistan,UZB,2004,59.55812900777494,Lower middle income,Out-of-pocket health expenditure (% of current health expenditure)
Uzbekistan,UZB,2005,57.6280192243061,Lower middle income,Out-of-pocket health expenditure (% of current health expenditure)
Uzbekistan,UZB,2006,56.895208170238035,Lower middle income,Out-of-pocket health expenditure (% of current health expenditure)
Uzbekistan,UZB,2007,58.13136082181956,Lower middle income,Out-of-pocket health expenditure (% of current health expenditure)
Uzbekistan,UZB,2008,57.31649681483662,Lower middle income,Out-of-pocket health expenditure (% of current health expenditure)
Uzbekistan,UZB,2009,56.41966798403953,Lower middle income,Out-of-pocket health expenditure (% of current health expenditure)
Uzbekistan,UZB,2010,58.04501647234942,Lower middle income,Out-of-pocket health expenditure (% of current health expenditure)
Uzbekistan,UZB,2011,58.182222401238995,Lower middle income,Out-of-pocket health expenditure (% of current health expenditure)
Uzbekistan,UZB,2012,56.24571012346564,Lower middle income,Out-of-pocket health expenditure (% of current health expenditure)
Uzbekistan,UZB,2013,56.05225811214178,Lower middle income,Out-of-pocket health expenditure (% of current health expenditure)
Uzbekistan,UZB,2014,45.40990728663457,Lower middle income,Out-of-pocket health expenditure (% of current health expenditure)
Uzbekistan,UZB,2015,48.413690106831915,Lower middle income,Out-of-pocket health expenditure (% of current health expenditure)
Uzbekistan,UZB,2016,54.65854713433292,Lower middle income,Out-of-pocket health expenditure (% of current health expenditure)
Uzbekistan,UZB,2017,56.68791007228931,Lower middle income,Out-of-pocket health expenditure (% of current health expenditure)
Uzbekistan,UZB,2018,60.342360625271255,Lower middle income,Out-of-pocket health expenditure (% of current health expenditure)
Uzbekistan,UZB,2019,57.684970554862176,Lower middle income,Out-of-pocket health expenditure (% of current health expenditure)
Uzbekistan,UZB,2020,53.113143464711875,Lower middle income,Out-of-pocket health expenditure (% of current health expenditure)
Uzbekistan,UZB,2021,60.31318953665741,Lower middle income,Out-of-pocket health expenditure (% of current health expenditure)
Uzbekistan,UZB,2022,65.29790717927399,Lower middle income,Out-of-pocket health expenditure (% of current health expenditure)
Bangladesh,BGD,2000,61.82206795315046,Lower middle income,Out-of-pocket health expenditure (% of current health expenditure)
Bangladesh,BGD,2001,65.8053079827039,Lower middle income,Out-of-pocket health expenditure (% of current health expenditure)
Bangladesh,BGD,2002,62.93533719537238,Lower middle income,Out-of-pocket health expenditure (% of current health expenditure)
Bangladesh,BGD,2003,63.01078214577388,Lower middle income,Out-of-pocket health expenditure (% of current health expenditure)
Bangladesh,BGD,2004,63.09557667662395,Lower middle income,Out-of-pocket health expenditure (% of current health expenditure)
Bangladesh,BGD,2005,65.38332057124025,Lower middle income,Out-of-pocket health expenditure (% of current health expenditure)
Bangladesh,BGD,2006,65.63786360153873,Lower middle income,Out-of-pocket health expenditure (% of current health expenditure)
Bangladesh,BGD,2007,66.41323998223301,Lower middle income,Out-of-pocket health expenditure (% of current health expenditure)
Bangladesh,BGD,2008,67.83094672722899,Lower middle income,Out-of-pocket health expenditure (% of current health expenditure)
Bangladesh,BGD,2009,67.94347601357796,Lower middle income,Out-of-pocket health expenditure (% of current health expenditure)
Bangladesh,BGD,2010,67.95515241682304,Lower middle income,Out-of-pocket health expenditure (% of current health expenditure)
Bangladesh,BGD,2011,68.1760497859758,Lower middle income,Out-of-pocket health expenditure (% of current health expenditure)
Bangladesh,BGD,2012,68.27939578435944,Lower middle income,Out-of-pocket health expenditure (% of current health expenditure)
Bangladesh,BGD,2013,69.6218552369909,Lower middle income,Out-of-pocket health expenditure (% of current health expenditure)
Bangladesh,BGD,2014,70.75862589706017,Lower middle income,Out-of-pocket health expenditure (% of current health expenditure)
Bangladesh,BGD,2015,72.67827106207817,Lower middle income,Out-of-pocket health expenditure (% of current health expenditure)
Bangladesh,BGD,2016,71.49493901980851,Lower middle income,Out-of-pocket health expenditure (% of current health expenditure)
Bangladesh,BGD,2017,70.089640722446,Lower middle income,Out-of-pocket health expenditure (% of current health expenditure)
Bangladesh,BGD,2018,70.67902568843493,Lower middle income,Out-of-pocket health expenditure (% of current health expenditure)
Bangladesh,BGD,2019,72.05020532654783,Lower middle income,Out-of-pocket health expenditure (% of current health expenditure)
Bangladesh,BGD,2020,74.00198305609243,Lower middle income,Out-of-pocket health expenditure (% of current health expenditure)
Bangladesh,BGD,2021,72.969468614564,Lower middle income,Out-of-pocket health expenditure (% of current health expenditure)
Bangladesh,BGD,2022,72.52640819765233,Lower middle income,Out-of-pocket health expenditure (% of current health expenditure)
Bhutan,BTN,2000,11.54134427532852,Lower middle income,Out-of-pocket health expenditure (% of current health expenditure)
Bhutan,BTN,2001,8.032745242611984,Lower middle income,Out-of-pocket health expenditure (% of current health expenditure)
Bhutan,BTN,2002,11.15311350676702,Lower middle income,Out-of-pocket health expenditure (% of current health expenditure)
Bhutan,BTN,2003,19.008455237029732,Lower middle income,Out-of-pocket health expenditure (% of current health expenditure)
Bhutan,BTN,2004,16.253636040388724,Lower middle income,Out-of-pocket health expenditure (% of current health expenditure)
Bhutan,BTN,2005,16.790383271608146,Lower middle income,Out-of-pocket health expenditure (% of current health expenditure)
Bhutan,BTN,2006,14.791033767877254,Lower middle income,Out-of-pocket health expenditure (% of current health expenditure)
Bhutan,BTN,2007,14.336646937066876,Lower middle income,Out-of-pocket health expenditure (% of current health expenditure)
Bhutan,BTN,2008,15.474246946370776,Lower middle income,Out-of-pocket health expenditure (% of current health expenditure)
Bhutan,BTN,2009,16.581088013871028,Lower middle income,Out-of-pocket health expenditure (% of current health expenditure)
Bhutan,BTN,2010,16.482634124188966,Lower middle income,Out-of-pocket health expenditure (% of current health expenditure)
Bhutan,BTN,2011,16.343927557328627,Lower middle income,Out-of-pocket health expenditure (% of current health expenditure)
Bhutan,BTN,2012,20.506404108217637,Lower middle income,Out-of-pocket health expenditure (% of current health expenditure)
Bhutan,BTN,2013,20.313903067824175,Lower middle income,Out-of-pocket health expenditure (% of current health expenditure)
Bhutan,BTN,2014,21.17123071973463,Lower middle income,Out-of-pocket health expenditure (% of current health expenditure)
Bhutan,BTN,2015,19.79465734804681,Lower middle income,Out-of-pocket health expenditure (% of current health expenditure)
Bhutan,BTN,2016,20.12969552268308,Lower middle income,Out-of-pocket health expenditure (% of current health expenditure)
Bhutan,BTN,2017,13.30646629960907,Lower middle income,Out-of-pocket health expenditure (% of current health expenditure)
Bhutan,BTN,2018,13.163804790391092,Lower middle income,Out-of-pocket health expenditure (% of current health expenditure)
Bhutan,BTN,2019,17.790430802967805,Lower middle income,Out-of-pocket health expenditure (% of current health expenditure)
Bhutan,BTN,2020,15.424658805362906,Lower middle income,Out-of-pocket health expenditure (% of current health expenditure)
Bhutan,BTN,2021,21.426395016697505,Lower middle income,Out-of-pocket health expenditure (% of current health expenditure)
Bhutan,BTN,2022,34.566854502997515,Lower middle income,Out-of-pocket health expenditure (% of current health expenditure)
India,IND,2000,71.70202584808165,Lower middle income,Out-of-pocket health expenditure (% of current health expenditure)
India,IND,2001,74.10620759586604,Lower middle income,Out-of-pocket health expenditure (% of current health expenditure)
India,IND,2002,73.37396252242995,Lower middle income,Out-of-pocket health expenditure (% of current health expenditure)
India,IND,2003,73.42475257791062,Lower middle income,Out-of-pocket health expenditure (% of current health expenditure)
India,IND,2004,72.48267026799061,Lower middle income,Out-of-pocket health expenditure (% of current health expenditure)
India,IND,2005,73.14936495975637,Lower middle income,Out-of-pocket health expenditure (% of current health expenditure)
India,IND,2006,72.25708001019305,Lower middle income,Out-of-pocket health expenditure (% of current health expenditure)
India,IND,2007,70.81672554263639,Lower middle income,Out-of-pocket health expenditure (% of current health expenditure)
India,IND,2008,69.14794390326009,Lower middle income,Out-of-pocket health expenditure (% of current health expenditure)
India,IND,2009,66.75774911887123,Lower middle income,Out-of-pocket health expenditure (% of current health expenditure)
India,IND,2010,65.18476657860502,Lower middle income,Out-of-pocket health expenditure (% of current health expenditure)
India,IND,2011,62.224900667100286,Lower middle income,Out-of-pocket health expenditure (% of current health expenditure)
India,IND,2012,63.000137114270366,Lower middle income,Out-of-pocket health expenditure (% of current health expenditure)
India,IND,2013,69.07303433775897,Lower middle income,Out-of-pocket health expenditure (% of current health expenditure)
India,IND,2014,67.0139989081274,Lower middle income,Out-of-pocket health expenditure (% of current health expenditure)
India,IND,2015,64.6644145534984,Lower middle income,Out-of-pocket health expenditure (% of current health expenditure)
India,IND,2016,63.20620123857011,Lower middle income,Out-of-pocket health expenditure (% of current health expenditure)
India,IND,2017,55.11247720785412,Lower middle income,Out-of-pocket health expenditure (% of current health expenditure)
India,IND,2018,53.22994592266988,Lower middle income,Out-of-pocket health expenditure (% of current health expenditure)
India,IND,2019,52.00421050753484,Lower middle income,Out-of-pocket health expenditure (% of current health expenditure)
India,IND,2020,49.5109410823057,Lower middle income,Out-of-pocket health expenditure (% of current health expenditure)
India,IND,2021,45.10914708265802,Lower middle income,Out-of-pocket health expenditure (% of current health expenditure)
India,IND,2022,45.98157097675149,Lower middle income,Out-of-pocket health expenditure (% of current health expenditure)
Indonesia,IDN,2000,45.19502332963686,Lower middle income,Out-of-pocket health expenditure (% of current health expenditure)
Indonesia,IDN,2001,40.492108832772885,Lower middle income,Out-of-pocket health expenditure (% of current health expenditure)
Indonesia,IDN,2002,46.377962589021266,Lower middle income,Out-of-pocket health expenditure (% of current health expenditure)
Indonesia,IDN,2003,46.01685389012364,Lower middle income,Out-of-pocket health expenditure (% of current health expenditure)
Indonesia,IDN,2004,45.91063647451277,Lower middle income,Out-of-pocket health expenditure (% of current health expenditure)
Indonesia,IDN,2005,55.32828155357118,Lower middle income,Out-of-pocket health expenditure (% of current health expenditure)
Indonesia,IDN,2006,53.37503988684431,Lower middle income,Out-of-pocket health expenditure (% of current health expenditure)
Indonesia,IDN,2007,49.54561935253454,Lower middle income,Out-of-pocket health expenditure (% of current health expenditure)
Indonesia,IDN,2008,49.36756641603164,Lower middle income,Out-of-pocket health expenditure (% of current health expenditure)
Indonesia,IDN,2009,49.22135542022577,Lower middle income,Out-of-pocket health expenditure (% of current health expenditure)
Indonesia,IDN,2010,60.58386553975053,Lower middle income,Out-of-pocket health expenditure (% of current health expenditure)
Indonesia,IDN,2011,56.22341853190061,Lower middle income,Out-of-pocket health expenditure (% of current health expenditure)
Indonesia,IDN,2012,53.61792401212755,Lower middle income,Out-of-pocket health expenditure (% of current health expenditure)
Indonesia,IDN,2013,50.89988175529465,Lower middle income,Out-of-pocket health expenditure (% of current health expenditure)
Indonesia,IDN,2014,45.247289860058224,Lower middle income,Out-of-pocket health expenditure (% of current health expenditure)
Indonesia,IDN,2015,42.715767902707,Lower middle income,Out-of-pocket health expenditure (% of current health expenditure)
Indonesia,IDN,2016,38.12414831349806,Lower middle income,Out-of-pocket health expenditure (% of current health expenditure)
Indonesia,IDN,2017,36.177753257131144,Lower middle income,Out-of-pocket health expenditure (% of current health expenditure)
Indonesia,IDN,2018,35.239547471011484,Lower middle income,Out-of-pocket health expenditure (% of current health expenditure)
Indonesia,IDN,2019,34.55001228455235,Lower middle income,Out-of-pocket health expenditure (% of current health expenditure)
Indonesia,IDN,2020,31.19621735042119,Lower middle income,Out-of-pocket health expenditure (% of current health expenditure)
Indonesia,IDN,2021,27.167331962083427,Lower middle income,Out-of-pocket health expenditure (% of current health expenditure)
Indonesia,IDN,2022,32.96290995495087,Lower middle income,Out-of-pocket health expenditure (% of current health expenditure)
Maldives,MDV,2000,62.994311806736654,Upper middle income,Out-of-pocket health expenditure (% of current health expenditure)
Maldives,MDV,2001,57.46391657662301,Upper middle income,Out-of-pocket health expenditure (% of current health expenditure)
Maldives,MDV,2002,51.8808579980035,Upper middle income,Out-of-pocket health expenditure (% of current health expenditure)
Maldives,MDV,2003,53.8095921369727,Upper middle income,Out-of-pocket health expenditure (% of current health expenditure)
Maldives,MDV,2004,59.50084926143832,Upper middle income,Out-of-pocket health expenditure (% of current health expenditure)
Maldives,MDV,2005,55.65865922885193,Upper middle income,Out-of-pocket health expenditure (% of current health expenditure)
Maldives,MDV,2006,49.92178310234531,Upper middle income,Out-of-pocket health expenditure (% of current health expenditure)
Maldives,MDV,2007,47.22498976679304,Upper middle income,Out-of-pocket health expenditure (% of current health expenditure)
Maldives,MDV,2008,33.10024213994842,Upper middle income,Out-of-pocket health expenditure (% of current health expenditure)
Maldives,MDV,2009,34.31659990921718,Upper middle income,Out-of-pocket health expenditure (% of current health expenditure)
Maldives,MDV,2010,40.079783079440105,Upper middle income,Out-of-pocket health expenditure (% of current health expenditure)
Maldives,MDV,2011,39.68729786306045,Upper middle income,Out-of-pocket health expenditure (% of current health expenditure)
Maldives,MDV,2012,32.188294341867,Upper middle income,Out-of-pocket health expenditure (% of current health expenditure)
Maldives,MDV,2013,32.2896893189027,Upper middle income,Out-of-pocket health expenditure (% of current health expenditure)
Maldives,MDV,2014,28.116890685752832,Upper middle income,Out-of-pocket health expenditure (% of current health expenditure)
Maldives,MDV,2015,19.452291480825757,Upper middle income,Out-of-pocket health expenditure (% of current health expenditure)
Maldives,MDV,2016,18.93492455192908,Upper middle income,Out-of-pocket health expenditure (% of current health expenditure)
Maldives,MDV,2017,20.58518597391826,Upper middle income,Out-of-pocket health expenditure (% of current health expenditure)
Maldives,MDV,2018,19.779842912480323,Upper middle income,Out-of-pocket health expenditure (% of current health expenditure)
Maldives,MDV,2019,17.46362155443815,Upper middle income,Out-of-pocket health expenditure (% of current health expenditure)
Maldives,MDV,2020,16.90793155030496,Upper middle income,Out-of-pocket health expenditure (% of current health expenditure)
Maldives,MDV,2021,14.91987559815628,Upper middle income,Out-of-pocket health expenditure (% of current health expenditure)
Maldives,MDV,2022,17.54258027447547,Upper middle income,Out-of-pocket health expenditure (% of current health expenditure)
Myanmar,MMR,2000,85.6558050487586,Lower middle income,Out-of-pocket health expenditure (% of current health expenditure)
Myanmar,MMR,2001,85.89757064205484,Lower middle income,Out-of-pocket health expenditure (% of current health expenditure)
Myanmar,MMR,2002,82.23466446247839,Lower middle income,Out-of-pocket health expenditure (% of current health expenditure)
Myanmar,MMR,2003,83.1668950720383,Lower middle income,Out-of-pocket health expenditure (% of current health expenditure)
Myanmar,MMR,2004,78.88470026009063,Lower middle income,Out-of-pocket health expenditure (% of current health expenditure)
Myanmar,MMR,2005,82.50259190926727,Lower middle income,Out-of-pocket health expenditure (% of current health expenditure)
Myanmar,MMR,2006,75.0160270836992,Lower middle income,Out-of-pocket health expenditure (% of current health expenditure)
Myanmar,MMR,2007,82.16391609117784,Lower middle income,Out-of-pocket health expenditure (% of current health expenditure)
Myanmar,MMR,2008,82.45877182982929,Lower middle income,Out-of-pocket health expenditure (% of current health expenditure)
Myanmar,MMR,2009,82.26850209277941,Lower middle income,Out-of-pocket health expenditure (% of current health expenditure)
Myanmar,MMR,2010,80.74466120044343,Lower middle income,Out-of-pocket health expenditure (% of current health expenditure)
Myanmar,MMR,2011,77.27888643385853,Lower middle income,Out-of-pocket health expenditure (% of current health expenditure)
Myanmar,MMR,2012,76.70021539044399,Lower middle income,Out-of-pocket health expenditure (% of current health expenditure)
Myanmar,MMR,2013,72.23144334883713,Lower middle income,Out-of-pocket health expenditure (% of current health expenditure)
Myanmar,MMR,2014,66.03540878426817,Lower middle income,Out-of-pocket health expenditure (% of current health expenditure)
Myanmar,MMR,2015,70.45003417705952,Lower middle income,Out-of-pocket health expenditure (% of current health expenditure)
Myanmar,MMR,2016,76.67272710659735,Lower middle income,Out-of-pocket health expenditure (% of current health expenditure)
Myanmar,MMR,2017,75.68733218786048,Lower middle income,Out-of-pocket health expenditure (% of current health expenditure)
Myanmar,MMR,2018,76.44636051777307,Lower middle income,Out-of-pocket health expenditure (% of current health expenditure)
Myanmar,MMR,2019,76.56387380929587,Lower middle income,Out-of-pocket health expenditure (% of current health expenditure)
Myanmar,MMR,2020,72.57280878171758,Lower middle income,Out-of-pocket health expenditure (% of current health expenditure)
Myanmar,MMR,2021,54.10145739621882,Lower middle income,Out-of-pocket health expenditure (% of current health expenditure)
Myanmar,MMR,2022,65.13663517075152,Lower middle income,Out-of-pocket health expenditure (% of current health expenditure)
Nepal,NPL,2000,55.78205070885644,Lower middle income,Out-of-pocket health expenditure (% of current health expenditure)
Nepal,NPL,2001,51.26501946354787,Lower middle income,Out-of-pocket health expenditure (% of current health expenditure)
Nepal,NPL,2002,51.95619473799033,Lower middle income,Out-of-pocket health expenditure (% of current health expenditure)
Nepal,NPL,2003,53.80938084570795,Lower middle income,Out-of-pocket health expenditure (% of current health expenditure)
Nepal,NPL,2004,51.60284494452192,Lower middle income,Out-of-pocket health expenditure (% of current health expenditure)
Nepal,NPL,2005,49.21795819870422,Lower middle income,Out-of-pocket health expenditure (% of current health expenditure)
Nepal,NPL,2006,42.501872064262855,Lower middle income,Out-of-pocket health expenditure (% of current health expenditure)
Nepal,NPL,2007,60.9615321549208,Lower middle income,Out-of-pocket health expenditure (% of current health expenditure)
Nepal,NPL,2008,61.62509150289994,Lower middle income,Out-of-pocket health expenditure (% of current health expenditure)
Nepal,NPL,2009,57.623226627864675,Lower middle income,Out-of-pocket health expenditure (% of current health expenditure)
Nepal,NPL,2010,56.20389174284442,Lower middle income,Out-of-pocket health expenditure (% of current health expenditure)
Nepal,NPL,2011,58.379670074699526,Lower middle income,Out-of-pocket health expenditure (% of current health expenditure)
Nepal,NPL,2012,56.0754324488468,Lower middle income,Out-of-pocket health expenditure (% of current health expenditure)
Nepal,NPL,2013,63.53343856130966,Lower middle income,Out-of-pocket health expenditure (% of current health expenditure)
Nepal,NPL,2014,60.047536354567455,Lower middle income,Out-of-pocket health expenditure (% of current health expenditure)
Nepal,NPL,2015,59.435243242523015,Lower middle income,Out-of-pocket health expenditure (% of current health expenditure)
Nepal,NPL,2016,55.440067565926746,Lower middle income,Out-of-pocket health expenditure (% of current health expenditure)
Nepal,NPL,2017,57.375848062071334,Lower middle income,Out-of-pocket health expenditure (% of current health expenditure)
Nepal,NPL,2018,57.72974307662317,Lower middle income,Out-of-pocket health expenditure (% of current health expenditure)
Nepal,NPL,2019,57.913130493968126,Lower middle income,Out-of-pocket health expenditure (% of current health expenditure)
Nepal,NPL,2020,54.1709718196769,Lower middle income,Out-of-pocket health expenditure (% of current health expenditure)
Nepal,NPL,2021,51.2619711288561,Lower middle income,Out-of-pocket health expenditure (% of current health expenditure)
Nepal,NPL,2022,55.78992004229615,Lower middle income,Out-of-pocket health expenditure (% of current health expenditure)
Sri Lanka,LKA,2000,40.04385384685797,Lower middle income,Out-of-pocket health expenditure (% of current health expenditure)
Sri Lanka,LKA,2001,41.09132397712735,Lower middle income,Out-of-pocket health expenditure (% of current health expenditure)
Sri Lanka,LKA,2002,40.45339624224523,Lower middle income,Out-of-pocket health expenditure (% of current health expenditure)
Sri Lanka,LKA,2003,37.60930446687715,Lower middle income,Out-of-pocket health expenditure (% of current health expenditure)
Sri Lanka,LKA,2004,41.03234928359543,Lower middle income,Out-of-pocket health expenditure (% of current health expenditure)
Sri Lanka,LKA,2005,40.50283075584315,Lower middle income,Out-of-pocket health expenditure (% of current health expenditure)
Sri Lanka,LKA,2006,40.9494170614584,Lower middle income,Out-of-pocket health expenditure (% of current health expenditure)
Sri Lanka,LKA,2007,44.85179342398447,Lower middle income,Out-of-pocket health expenditure (% of current health expenditure)
Sri Lanka,LKA,2008,50.64072825283336,Lower middle income,Out-of-pocket health expenditure (% of current health expenditure)
Sri Lanka,LKA,2009,53.28553065974998,Lower middle income,Out-of-pocket health expenditure (% of current health expenditure)
Sri Lanka,LKA,2010,53.29795158638011,Lower middle income,Out-of-pocket health expenditure (% of current health expenditure)
Sri Lanka,LKA,2011,51.22101694472045,Lower middle income,Out-of-pocket health expenditure (% of current health expenditure)
Sri Lanka,LKA,2012,51.93098920321639,Lower middle income,Out-of-pocket health expenditure (% of current health expenditure)
Sri Lanka,LKA,2013,48.93375576723599,Lower middle income,Out-of-pocket health expenditure (% of current health expenditure)
Sri Lanka,LKA,2014,48.68254233467553,Lower middle income,Out-of-pocket health expenditure (% of current health expenditure)
Sri Lanka,LKA,2015,48.93215271759589,Lower middle income,Out-of-pocket health expenditure (% of current health expenditure)
Sri Lanka,LKA,2016,50.1215998901744,Lower middle income,Out-of-pocket health expenditure (% of current health expenditure)
Sri Lanka,LKA,2017,49.25233001545947,Lower middle income,Out-of-pocket health expenditure (% of current health expenditure)
Sri Lanka,LKA,2018,46.81987118976395,Lower middle income,Out-of-pocket health expenditure (% of current health expenditure)
Sri Lanka,LKA,2019,45.50741065295648,Lower middle income,Out-of-pocket health expenditure (% of current health expenditure)
Sri Lanka,LKA,2020,43.76281613154968,Lower middle income,Out-of-pocket health expenditure (% of current health expenditure)
Sri Lanka,LKA,2021,42.98878421261751,Lower middle income,Out-of-pocket health expenditure (% of current health expenditure)
Sri Lanka,LKA,2022,40.22339553172166,Lower middle income,Out-of-pocket health expenditure (% of current health expenditure)
Thailand,THA,2000,34.1855877829358,Upper middle income,Out-of-pocket health expenditure (% of current health expenditure)
Thailand,THA,2001,33.98860751490114,Upper middle income,Out-of-pocket health expenditure (% of current health expenditure)
Thailand,THA,2002,27.89708253654944,Upper middle income,Out-of-pocket health expenditure (% of current health expenditure)
Thailand,THA,2003,27.16780075965267,Upper middle income,Out-of-pocket health expenditure (% of current health expenditure)
Thailand,THA,2004,26.408851432802035,Upper middle income,Out-of-pocket health expenditure (% of current health expenditure)
Thailand,THA,2005,27.583062440263383,Upper middle income,Out-of-pocket health expenditure (% of current health expenditure)
Thailand,THA,2006,17.65686161270273,Upper middle income,Out-of-pocket health expenditure (% of current health expenditure)
Thailand,THA,2007,14.813794072638665,Upper middle income,Out-of-pocket health expenditure (% of current health expenditure)
Thailand,THA,2008,14.70176200488934,Upper middle income,Out-of-pocket health expenditure (% of current health expenditure)
Thailand,THA,2009,15.90249007064788,Upper middle income,Out-of-pocket health expenditure (% of current health expenditure)
Thailand,THA,2010,14.497379638903093,Upper middle income,Out-of-pocket health expenditure (% of current health expenditure)
Thailand,THA,2011,13.00871305293212,Upper middle income,Out-of-pocket health expenditure (% of current health expenditure)
Thailand,THA,2012,13.421868457337508,Upper middle income,Out-of-pocket health expenditure (% of current health expenditure)
Thailand,THA,2013,12.540232243349436,Upper middle income,Out-of-pocket health expenditure (% of current health expenditure)
Thailand,THA,2014,12.856080880910412,Upper middle income,Out-of-pocket health expenditure (% of current health expenditure)
Thailand,THA,2015,11.910616623876686,Upper middle income,Out-of-pocket health expenditure (% of current health expenditure)
Thailand,THA,2016,10.813033168775672,Upper middle income,Out-of-pocket health expenditure (% of current health expenditure)
Thailand,THA,2017,11.837904339452102,Upper middle income,Out-of-pocket health expenditure (% of current health expenditure)
Thailand,THA,2018,10.11109625672564,Upper middle income,Out-of-pocket health expenditure (% of current health expenditure)
Thailand,THA,2019,8.669603209469528,Upper middle income,Out-of-pocket health expenditure (% of current health expenditure)
Thailand,THA,2020,10.542767879836846,Upper middle income,Out-of-pocket health expenditure (% of current health expenditure)
Thailand,THA,2021,9.044495572426545,Upper middle income,Out-of-pocket health expenditure (% of current health expenditure)
Thailand,THA,2022,8.839364805680821,Upper middle income,Out-of-pocket health expenditure (% of current health expenditure)
Timor-Leste,TLS,2003,40.93309062643714,Lower middle income,Out-of-pocket health expenditure (% of current health expenditure)
Timor-Leste,TLS,2004,34.5907202038064,Lower middle income,Out-of-pocket health expenditure (% of current health expenditure)
Timor-Leste,TLS,2005,33.20261613660262,Lower middle income,Out-of-pocket health expenditure (% of current health expenditure)
Timor-Leste,TLS,2006,22.019385353079187,Lower middle income,Out-of-pocket health expenditure (% of current health expenditure)
Timor-Leste,TLS,2007,18.25991250762922,Lower middle income,Out-of-pocket health expenditure (% of current health expenditure)
Timor-Leste,TLS,2008,11.520394288153064,Lower middle income,Out-of-pocket health expenditure (% of current health expenditure)
Timor-Leste,TLS,2009,8.844770754174595,Lower middle income,Out-of-pocket health expenditure (% of current health expenditure)
Timor-Leste,TLS,2010,11.56462630329396,Lower middle income,Out-of-pocket health expenditure (% of current health expenditure)
Timor-Leste,TLS,2011,9.924847794421344,Lower middle income,Out-of-pocket health expenditure (% of current health expenditure)
Timor-Leste,TLS,2012,9.493401635851187,Lower middle income,Out-of-pocket health expenditure (% of current health expenditure)
Timor-Leste,TLS,2013,6.968231580361341,Lower middle income,Out-of-pocket health expenditure (% of current health expenditure)
Timor-Leste,TLS,2014,7.906072226967884,Lower middle income,Out-of-pocket health expenditure (% of current health expenditure)
Timor-Leste,TLS,2015,7.3592950619571695,Lower middle income,Out-of-pocket health expenditure (% of current health expenditure)
Timor-Leste,TLS,2016,7.904644065339473,Lower middle income,Out-of-pocket health expenditure (% of current health expenditure)
Timor-Leste,TLS,2017,8.344915303096688,Lower middle income,Out-of-pocket health expenditure (% of current health expenditure)
Timor-Leste,TLS,2018,10.156639286354189,Lower middle income,Out-of-pocket health expenditure (% of current health expenditure)
Timor-Leste,TLS,2019,10.48759166289466,Lower middle income,Out-of-pocket health expenditure (% of current health expenditure)
Timor-Leste,TLS,2020,6.684258877407801,Lower middle income,Out-of-pocket health expenditure (% of current health expenditure)
Timor-Leste,TLS,2021,5.890944876939928,Lower middle income,Out-of-pocket health expenditure (% of current health expenditure)
Timor-Leste,TLS,2022,5.47778579711421,Lower middle income,Out-of-pocket health expenditure (% of current health expenditure)
Australia,AUS,2000,20.997139666427916,High income,Out-of-pocket health expenditure (% of current health expenditure)
Australia,AUS,2001,20.43909770084053,High income,Out-of-pocket health expenditure (% of current health expenditure)
Australia,AUS,2002,19.92001246394669,High income,Out-of-pocket health expenditure (% of current health expenditure)
Australia,AUS,2003,19.147588501397056,High income,Out-of-pocket health expenditure (% of current health expenditure)
Australia,AUS,2004,19.218695938853116,High income,Out-of-pocket health expenditure (% of current health expenditure)
Australia,AUS,2005,19.64301459588689,High income,Out-of-pocket health expenditure (% of current health expenditure)
Australia,AUS,2006,19.749419094077037,High income,Out-of-pocket health expenditure (% of current health expenditure)
Australia,AUS,2007,19.002560108216056,High income,Out-of-pocket health expenditure (% of current health expenditure)
Australia,AUS,2008,19.041625687167564,High income,Out-of-pocket health expenditure (% of current health expenditure)
Australia,AUS,2009,19.052843154183577,High income,Out-of-pocket health expenditure (% of current health expenditure)
Australia,AUS,2010,19.749287404830667,High income,Out-of-pocket health expenditure (% of current health expenditure)
Australia,AUS,2011,19.172483880372383,High income,Out-of-pocket health expenditure (% of current health expenditure)
Australia,AUS,2012,19.934338991052076,High income,Out-of-pocket health expenditure (% of current health expenditure)
Australia,AUS,2013,19.526924010485345,High income,Out-of-pocket health expenditure (% of current health expenditure)
Australia,AUS,2014,17.847363940492567,High income,Out-of-pocket health expenditure (% of current health expenditure)
Australia,AUS,2015,17.201881683205567,High income,Out-of-pocket health expenditure (% of current health expenditure)
Australia,AUS,2016,16.946568515586932,High income,Out-of-pocket health expenditure (% of current health expenditure)
Australia,AUS,2017,16.604319540288945,High income,Out-of-pocket health expenditure (% of current health expenditure)
Australia,AUS,2018,16.229624228617084,High income,Out-of-pocket health expenditure (% of current health expenditure)
Australia,AUS,2019,14.706591707331269,High income,Out-of-pocket health expenditure (% of current health expenditure)
Australia,AUS,2020,14.886136709845672,High income,Out-of-pocket health expenditure (% of current health expenditure)
Australia,AUS,2021,13.837267673633876,High income,Out-of-pocket health expenditure (% of current health expenditure)
Australia,AUS,2022,15.28298918387414,High income,Out-of-pocket health expenditure (% of current health expenditure)
Brunei Darussalam,BRN,2000,15.831313421798612,High income,Out-of-pocket health expenditure (% of current health expenditure)
Brunei Darussalam,BRN,2001,16.80674642973175,High income,Out-of-pocket health expenditure (% of current health expenditure)
Brunei Darussalam,BRN,2002,16.410550859129195,High income,Out-of-pocket health expenditure (% of current health expenditure)
Brunei Darussalam,BRN,2003,17.051339105903754,High income,Out-of-pocket health expenditure (% of current health expenditure)
Brunei Darussalam,BRN,2004,16.909481205445825,High income,Out-of-pocket health expenditure (% of current health expenditure)
Brunei Darussalam,BRN,2005,16.333962549859525,High income,Out-of-pocket health expenditure (% of current health expenditure)
Brunei Darussalam,BRN,2006,14.688527348158065,High income,Out-of-pocket health expenditure (% of current health expenditure)
Brunei Darussalam,BRN,2007,12.784999267286576,High income,Out-of-pocket health expenditure (% of current health expenditure)
Brunei Darussalam,BRN,2008,10.108237728512275,High income,Out-of-pocket health expenditure (% of current health expenditure)
Brunei Darussalam,BRN,2009,9.49940208127221,High income,Out-of-pocket health expenditure (% of current health expenditure)
Brunei Darussalam,BRN,2010,8.261348839326214,High income,Out-of-pocket health expenditure (% of current health expenditure)
Brunei Darussalam,BRN,2011,8.471868796049861,High income,Out-of-pocket health expenditure (% of current health expenditure)
Brunei Darussalam,BRN,2012,8.851928955954579,High income,Out-of-pocket health expenditure (% of current health expenditure)
Brunei Darussalam,BRN,2013,9.407419455495202,High income,Out-of-pocket health expenditure (% of current health expenditure)
Brunei Darussalam,BRN,2014,7.3345997033723505,High income,Out-of-pocket health expenditure (% of current health expenditure)
Brunei Darussalam,BRN,2015,4.97357671644228,High income,Out-of-pocket health expenditure (% of current health expenditure)
Brunei Darussalam,BRN,2016,4.979815148971849,High income,Out-of-pocket health expenditure (% of current health expenditure)
Brunei Darussalam,BRN,2017,5.411423338004672,High income,Out-of-pocket health expenditure (% of current health expenditure)
Brunei Darussalam,BRN,2018,4.858351744347951,High income,Out-of-pocket health expenditure (% of current health expenditure)
Brunei Darussalam,BRN,2019,5.50818488742548,High income,Out-of-pocket health expenditure (% of current health expenditure)
Brunei Darussalam,BRN,2020,5.814530360071877,High income,Out-of-pocket health expenditure (% of current health expenditure)
Brunei Darussalam,BRN,2021,6.930693069306931,High income,Out-of-pocket health expenditure (% of current health expenditure)
Brunei Darussalam,BRN,2022,7.658401831123071,High income,Out-of-pocket health expenditure (% of current health expenditure)
Cambodia,KHM,2000,68.74071534391358,Lower middle income,Out-of-pocket health expenditure (% of current health expenditure)
Cambodia,KHM,2001,62.38497540048498,Lower middle income,Out-of-pocket health expenditure (% of current health expenditure)
Cambodia,KHM,2002,60.82084858491142,Lower middle income,Out-of-pocket health expenditure (% of current health expenditure)
Cambodia,KHM,2003,61.89111710497629,Lower middle income,Out-of-pocket health expenditure (% of current health expenditure)
Cambodia,KHM,2004,56.644347552550755,Lower middle income,Out-of-pocket health expenditure (% of current health expenditure)
Cambodia,KHM,2005,61.238767850456625,Lower middle income,Out-of-pocket health expenditure (% of current health expenditure)
Cambodia,KHM,2006,52.64817745764396,Lower middle income,Out-of-pocket health expenditure (% of current health expenditure)
Cambodia,KHM,2007,48.97736793648079,Lower middle income,Out-of-pocket health expenditure (% of current health expenditure)
Cambodia,KHM,2008,51.07616195754014,Lower middle income,Out-of-pocket health expenditure (% of current health expenditure)
Cambodia,KHM,2009,50.50344649114055,Lower middle income,Out-of-pocket health expenditure (% of current health expenditure)
Cambodia,KHM,2010,51.909465709611645,Lower middle income,Out-of-pocket health expenditure (% of current health expenditure)
Cambodia,KHM,2011,59.74188114546516,Lower middle income,Out-of-pocket health expenditure (% of current health expenditure)
Cambodia,KHM,2012,60.4709064156737,Lower middle income,Out-of-pocket health expenditure (% of current health expenditure)
Cambodia,KHM,2013,61.222155826213665,Lower middle income,Out-of-pocket health expenditure (% of current health expenditure)
Cambodia,KHM,2014,58.62177752113632,Lower middle income,Out-of-pocket health expenditure (% of current health expenditure)
Cambodia,KHM,2015,57.33106460753041,Lower middle income,Out-of-pocket health expenditure (% of current health expenditure)
Cambodia,KHM,2016,56.05389971596658,Lower middle income,Out-of-pocket health expenditure (% of current health expenditure)
Cambodia,KHM,2017,58.23594935252553,Lower middle income,Out-of-pocket health expenditure (% of current health expenditure)
Cambodia,KHM,2018,60.968803119126136,Lower middle income,Out-of-pocket health expenditure (% of current health expenditure)
Cambodia,KHM,2019,64.39125045114997,Lower middle income,Out-of-pocket health expenditure (% of current health expenditure)
Cambodia,KHM,2020,62.05143342443957,Lower middle income,Out-of-pocket health expenditure (% of current health expenditure)
Cambodia,KHM,2021,54.93882234942223,Lower middle income,Out-of-pocket health expenditure (% of current health expenditure)
Cambodia,KHM,2022,61.21101529014403,Lower middle income,Out-of-pocket health expenditure (% of current health expenditure)
China,CHN,2000,60.12533863290784,Upper middle income,Out-of-pocket health expenditure (% of current health expenditure)
China,CHN,2001,64.19143638813796,Upper middle income,Out-of-pocket health expenditure (% of current health expenditure)
China,CHN,2002,62.85082241914736,Upper middle income,Out-of-pocket health expenditure (% of current health expenditure)
China,CHN,2003,60.717767584552114,Upper middle income,Out-of-pocket health expenditure (% of current health expenditure)
China,CHN,2004,58.76867711946386,Upper middle income,Out-of-pocket health expenditure (% of current health expenditure)
China,CHN,2005,57.68999415432759,Upper middle income,Out-of-pocket health expenditure (% of current health expenditure)
China,CHN,2006,55.991185724129544,Upper middle income,Out-of-pocket health expenditure (% of current health expenditure)
China,CHN,2007,51.29121072667388,Upper middle income,Out-of-pocket health expenditure (% of current health expenditure)
China,CHN,2008,47.368250771851315,Upper middle income,Out-of-pocket health expenditure (% of current health expenditure)
China,CHN,2009,43.456219847160654,Upper middle income,Out-of-pocket health expenditure (% of current health expenditure)
China,CHN,2010,40.800014547578606,Upper middle income,Out-of-pocket health expenditure (% of current health expenditure)
China,CHN,2011,40.26554109683656,Upper middle income,Out-of-pocket health expenditure (% of current health expenditure)
China,CHN,2012,39.23458805999779,Upper middle income,Out-of-pocket health expenditure (% of current health expenditure)
China,CHN,2013,38.159515809976384,Upper middle income,Out-of-pocket health expenditure (% of current health expenditure)
China,CHN,2014,36.56483176489931,Upper middle income,Out-of-pocket health expenditure (% of current health expenditure)
China,CHN,2015,35.089286091772934,Upper middle income,Out-of-pocket health expenditure (% of current health expenditure)
China,CHN,2016,35.90618521804722,Upper middle income,Out-of-pocket health expenditure (% of current health expenditure)
China,CHN,2017,36.050410317110206,Upper middle income,Out-of-pocket health expenditure (% of current health expenditure)
China,CHN,2018,35.75046887098675,Upper middle income,Out-of-pocket health expenditure (% of current health expenditure)
China,CHN,2019,35.23002022441529,Upper middle income,Out-of-pocket health expenditure (% of current health expenditure)
China,CHN,2020,34.79100810789668,Upper middle income,Out-of-pocket health expenditure (% of current health expenditure)
China,CHN,2021,34.394764598726894,Upper middle income,Out-of-pocket health expenditure (% of current health expenditure)
China,CHN,2022,33.58711989650359,Upper middle income,Out-of-pocket health expenditure (% of current health expenditure)
Fiji,FJI,2000,10.837266704365424,Upper middle income,Out-of-pocket health expenditure (% of current health expenditure)
Fiji,FJI,2001,13.178211886352177,Upper middle income,Out-of-pocket health expenditure (% of current health expenditure)
Fiji,FJI,2002,12.318936463903643,Upper middle income,Out-of-pocket health expenditure (% of current health expenditure)
Fiji,FJI,2003,12.854729636092308,Upper middle income,Out-of-pocket health expenditure (% of current health expenditure)
Fiji,FJI,2004,12.95536828133622,Upper middle income,Out-of-pocket health expenditure (% of current health expenditure)
Fiji,FJI,2005,12.087748513282753,Upper middle income,Out-of-pocket health expenditure (% of current health expenditure)
Fiji,FJI,2006,14.346371989034056,Upper middle income,Out-of-pocket health expenditure (% of current health expenditure)
Fiji,FJI,2007,15.587112090659613,Upper middle income,Out-of-pocket health expenditure (% of current health expenditure)
Fiji,FJI,2008,16.505611753110742,Upper middle income,Out-of-pocket health expenditure (% of current health expenditure)
Fiji,FJI,2009,24.58940163309339,Upper middle income,Out-of-pocket health expenditure (% of current health expenditure)
Fiji,FJI,2010,22.370722518724495,Upper middle income,Out-of-pocket health expenditure (% of current health expenditure)
Fiji,FJI,2011,25.31678528033327,Upper middle income,Out-of-pocket health expenditure (% of current health expenditure)
Fiji,FJI,2012,24.789247653888975,Upper middle income,Out-of-pocket health expenditure (% of current health expenditure)
Fiji,FJI,2013,22.54663725746757,Upper middle income,Out-of-pocket health expenditure (% of current health expenditure)
Fiji,FJI,2014,19.89637305699482,Upper middle income,Out-of-pocket health expenditure (% of current health expenditure)
Fiji,FJI,2015,21.02604493631929,Upper middle income,Out-of-pocket health expenditure (% of current health expenditure)
Fiji,FJI,2016,20.638285142005778,Upper middle income,Out-of-pocket health expenditure (% of current health expenditure)
Fiji,FJI,2017,15.594248929472815,Upper middle income,Out-of-pocket health expenditure (% of current health expenditure)
Fiji,FJI,2018,18.002982033503187,Upper middle income,Out-of-pocket health expenditure (% of current health expenditure)
Fiji,FJI,2019,19.149045408058814,Upper middle income,Out-of-pocket health expenditure (% of current health expenditure)
Fiji,FJI,2020,22.83022708269717,Upper middle income,Out-of-pocket health expenditure (% of current health expenditure)
Fiji,FJI,2021,24.709913215602295,Upper middle income,Out-of-pocket health expenditure (% of current health expenditure)
Fiji,FJI,2022,26.96073734862693,Upper middle income,Out-of-pocket health expenditure (% of current health expenditure)
Japan,JPN,2000,15.91636377260622,High income,Out-of-pocket health expenditure (% of current health expenditure)
Japan,JPN,2001,15.785701227328852,High income,Out-of-pocket health expenditure (% of current health expenditure)
Japan,JPN,2002,15.978507050752828,High income,Out-of-pocket health expenditure (% of current health expenditure)
Japan,JPN,2003,16.886775272474356,High income,Out-of-pocket health expenditure (% of current health expenditure)
Japan,JPN,2004,16.58894617894987,High income,Out-of-pocket health expenditure (% of current health expenditure)
Japan,JPN,2005,15.67343474810104,High income,Out-of-pocket health expenditure (% of current health expenditure)
Japan,JPN,2006,16.422067961042025,High income,Out-of-pocket health expenditure (% of current health expenditure)
Japan,JPN,2007,15.515058203996798,High income,Out-of-pocket health expenditure (% of current health expenditure)
Japan,JPN,2008,15.238265240297755,High income,Out-of-pocket health expenditure (% of current health expenditure)
Japan,JPN,2009,15.159133352909972,High income,Out-of-pocket health expenditure (% of current health expenditure)
Japan,JPN,2010,14.570359216972902,High income,Out-of-pocket health expenditure (% of current health expenditure)
Japan,JPN,2011,13.121783089435368,High income,Out-of-pocket health expenditure (% of current health expenditure)
Japan,JPN,2012,12.972343929332892,High income,Out-of-pocket health expenditure (% of current health expenditure)
Japan,JPN,2013,12.70128087052974,High income,Out-of-pocket health expenditure (% of current health expenditure)
Japan,JPN,2014,12.869680132543287,High income,Out-of-pocket health expenditure (% of current health expenditure)
Japan,JPN,2015,12.947671043761575,High income,Out-of-pocket health expenditure (% of current health expenditure)
Japan,JPN,2016,12.854398554140232,High income,Out-of-pocket health expenditure (% of current health expenditure)
Japan,JPN,2017,12.654927674002575,High income,Out-of-pocket health expenditure (% of current health expenditure)
Japan,JPN,2018,12.994567075196478,High income,Out-of-pocket health expenditure (% of current health expenditure)
Japan,JPN,2019,12.901772063929576,High income,Out-of-pocket health expenditure (% of current health expenditure)
Japan,JPN,2020,11.70563528410346,High income,Out-of-pocket health expenditure (% of current health expenditure)
Japan,JPN,2021,11.731425374748754,High income,Out-of-pocket health expenditure (% of current health expenditure)
Japan,JPN,2022,10.97316867775715,High income,Out-of-pocket health expenditure (% of current health expenditure)
Kiribati,KIR,2000,0.1505753774356314,Lower middle income,Out-of-pocket health expenditure (% of current health expenditure)
Kiribati,KIR,2001,0.0999940003599784,Lower middle income,Out-of-pocket health expenditure (% of current health expenditure)
Kiribati,KIR,2002,0.1095796701208543,Lower middle income,Out-of-pocket health expenditure (% of current health expenditure)
Kiribati,KIR,2003,0.1149587560252505,Lower middle income,Out-of-pocket health expenditure (% of current health expenditure)
Kiribati,KIR,2004,0.0966217115350123,Lower middle income,Out-of-pocket health expenditure (% of current health expenditure)
Kiribati,KIR,2005,0.1181272111937345,Lower middle income,Out-of-pocket health expenditure (% of current health expenditure)
Kiribati,KIR,2006,0.0593482376540828,Lower middle income,Out-of-pocket health expenditure (% of current health expenditure)
Kiribati,KIR,2007,0.1661129568106312,Lower middle income,Out-of-pocket health expenditure (% of current health expenditure)
Kiribati,KIR,2008,0.1691331923890063,Lower middle income,Out-of-pocket health expenditure (% of current health expenditure)
Kiribati,KIR,2009,0.4361098996947231,Lower middle income,Out-of-pocket health expenditure (% of current health expenditure)
Kiribati,KIR,2010,0.6337135614702154,Lower middle income,Out-of-pocket health expenditure (% of current health expenditure)
Kiribati,KIR,2011,0.6587615283267456,Lower middle income,Out-of-pocket health expenditure (% of current health expenditure)
Kiribati,KIR,2012,0.6289308176100629,Lower middle income,Out-of-pocket health expenditure (% of current health expenditure)
Kiribati,KIR,2013,0.5494505494505495,Lower middle income,Out-of-pocket health expenditure (% of current health expenditure)
Kiribati,KIR,2014,0.5030181086519114,Lower middle income,Out-of-pocket health expenditure (% of current health expenditure)
Kiribati,KIR,2015,1.0869565217391306,Lower middle income,Out-of-pocket health expenditure (% of current health expenditure)
Kiribati,KIR,2016,0.7955901576844656,Lower middle income,Out-of-pocket health expenditure (% of current health expenditure)
Kiribati,KIR,2017,0.7096943819663024,Lower middle income,Out-of-pocket health expenditure (% of current health expenditure)
Kiribati,KIR,2018,0.5863825138785226,Lower middle income,Out-of-pocket health expenditure (% of current health expenditure)
Kiribati,KIR,2019,0.6305582597265468,Lower middle income,Out-of-pocket health expenditure (% of current health expenditure)
Kiribati,KIR,2020,0.684350172470786,Lower middle income,Out-of-pocket health expenditure (% of current health expenditure)
Kiribati,KIR,2021,0.6686294957114459,Lower middle income,Out-of-pocket health expenditure (% of current health expenditure)
Kiribati,KIR,2022,0.7877278740801551,Lower middle income,Out-of-pocket health expenditure (% of current health expenditure)
Lao People's Democratic Republic,LAO,2000,44.779740108372266,Lower middle income,Out-of-pocket health expenditure (% of current health expenditure)
Lao People's Democratic Republic,LAO,2001,43.971467192572426,Lower middle income,Out-of-pocket health expenditure (% of current health expenditure)
Lao People's Democratic Republic,LAO,2002,49.66936681615229,Lower middle income,Out-of-pocket health expenditure (% of current health expenditure)
Lao People's Democratic Republic,LAO,2003,54.75913637354731,Lower middle income,Out-of-pocket health expenditure (% of current health expenditure)
Lao People's Democratic Republic,LAO,2004,47.259190703168784,Lower middle income,Out-of-pocket health expenditure (% of current health expenditure)
Lao People's Democratic Republic,LAO,2005,43.72243898038444,Lower middle income,Out-of-pocket health expenditure (% of current health expenditure)
Lao People's Democratic Republic,LAO,2006,41.07786438759931,Lower middle income,Out-of-pocket health expenditure (% of current health expenditure)
Lao People's Democratic Republic,LAO,2007,35.17124807754337,Lower middle income,Out-of-pocket health expenditure (% of current health expenditure)
Lao People's Democratic Republic,LAO,2008,31.377788552891456,Lower middle income,Out-of-pocket health expenditure (% of current health expenditure)
Lao People's Democratic Republic,LAO,2009,26.876940001929007,Lower middle income,Out-of-pocket health expenditure (% of current health expenditure)
Lao People's Democratic Republic,LAO,2010,35.96013088494687,Lower middle income,Out-of-pocket health expenditure (% of current health expenditure)
Lao People's Democratic Republic,LAO,2011,52.60241132103267,Lower middle income,Out-of-pocket health expenditure (% of current health expenditure)
Lao People's Democratic Republic,LAO,2012,48.63186994098266,Lower middle income,Out-of-pocket health expenditure (% of current health expenditure)
Lao People's Democratic Republic,LAO,2013,48.70332322644675,Lower middle income,Out-of-pocket health expenditure (% of current health expenditure)
Lao People's Democratic Republic,LAO,2014,50.87946549729929,Lower middle income,Out-of-pocket health expenditure (% of current health expenditure)
Lao People's Democratic Republic,LAO,2015,45.36532622425604,Lower middle income,Out-of-pocket health expenditure (% of current health expenditure)
Lao People's Democratic Republic,LAO,2016,46.442121591579706,Lower middle income,Out-of-pocket health expenditure (% of current health expenditure)
Lao People's Democratic Republic,LAO,2017,46.23710725140748,Lower middle income,Out-of-pocket health expenditure (% of current health expenditure)
Lao People's Democratic Republic,LAO,2018,48.54592798082249,Lower middle income,Out-of-pocket health expenditure (% of current health expenditure)
Lao People's Democratic Republic,LAO,2019,41.83228506694637,Lower middle income,Out-of-pocket health expenditure (% of current health expenditure)
Lao People's Democratic Republic,LAO,2020,41.057891693309514,Lower middle income,Out-of-pocket health expenditure (% of current health expenditure)
Lao People's Democratic Republic,LAO,2021,30.705582548530646,Lower middle income,Out-of-pocket health expenditure (% of current health expenditure)
Lao People's Democratic Republic,LAO,2022,28.48155123302223,Lower middle income,Out-of-pocket health expenditure (% of current health expenditure)
Malaysia,MYS,2000,40.702011919044025,Upper middle income,Out-of-pocket health expenditure (% of current health expenditure)
Malaysia,MYS,2001,35.69312187394403,Upper middle income,Out-of-pocket health expenditure (% of current health expenditure)
Malaysia,MYS,2002,34.64449837264636,Upper middle income,Out-of-pocket health expenditure (% of current health expenditure)
Malaysia,MYS,2003,34.498829256588024,Upper middle income,Out-of-pocket health expenditure (% of current health expenditure)
Malaysia,MYS,2004,36.10705001704114,Upper middle income,Out-of-pocket health expenditure (% of current health expenditure)
Malaysia,MYS,2005,38.043800012780046,Upper middle income,Out-of-pocket health expenditure (% of current health expenditure)
Malaysia,MYS,2006,34.73173876648727,Upper middle income,Out-of-pocket health expenditure (% of current health expenditure)
Malaysia,MYS,2007,35.123051616302526,Upper middle income,Out-of-pocket health expenditure (% of current health expenditure)
Malaysia,MYS,2008,35.53602742526117,Upper middle income,Out-of-pocket health expenditure (% of current health expenditure)
Malaysia,MYS,2009,32.19156252517633,Upper middle income,Out-of-pocket health expenditure (% of current health expenditure)
Malaysia,MYS,2010,34.11670014543168,Upper middle income,Out-of-pocket health expenditure (% of current health expenditure)
Malaysia,MYS,2011,34.01270753920736,Upper middle income,Out-of-pocket health expenditure (% of current health expenditure)
Malaysia,MYS,2012,33.037974049909906,Upper middle income,Out-of-pocket health expenditure (% of current health expenditure)
Malaysia,MYS,2013,33.66908672435802,Upper middle income,Out-of-pocket health expenditure (% of current health expenditure)
Malaysia,MYS,2014,33.044671895897025,Upper middle income,Out-of-pocket health expenditure (% of current health expenditure)
Malaysia,MYS,2015,33.70749378841772,Upper middle income,Out-of-pocket health expenditure (% of current health expenditure)
Malaysia,MYS,2016,35.94845608537733,Upper middle income,Out-of-pocket health expenditure (% of current health expenditure)
Malaysia,MYS,2017,35.934403380121275,Upper middle income,Out-of-pocket health expenditure (% of current health expenditure)
Malaysia,MYS,2018,36.64058200258241,Upper middle income,Out-of-pocket health expenditure (% of current health expenditure)
Malaysia,MYS,2019,36.062657643668835,Upper middle income,Out-of-pocket health expenditure (% of current health expenditure)
Malaysia,MYS,2020,34.246397931151314,Upper middle income,Out-of-pocket health expenditure (% of current health expenditure)
Malaysia,MYS,2021,32.081350193929936,Upper middle income,Out-of-pocket health expenditure (% of current health expenditure)
Malaysia,MYS,2022,37.87105718246652,Upper middle income,Out-of-pocket health expenditure (% of current health expenditure)
Marshall Islands,MHL,2000,1.4231020690617564,Upper middle income,Out-of-pocket health expenditure (% of current health expenditure)
Marshall Islands,MHL,2001,1.6824542557066529,Upper middle income,Out-of-pocket health expenditure (% of current health expenditure)
Marshall Islands,MHL,2002,1.5842172074521557,Upper middle income,Out-of-pocket health expenditure (% of current health expenditure)
Marshall Islands,MHL,2003,1.4504407238557282,Upper middle income,Out-of-pocket health expenditure (% of current health expenditure)
Marshall Islands,MHL,2004,1.460724558979145,Upper middle income,Out-of-pocket health expenditure (% of current health expenditure)
Marshall Islands,MHL,2005,1.1557691253419118,Upper middle income,Out-of-pocket health expenditure (% of current health expenditure)
Marshall Islands,MHL,2006,0.9149702776978272,Upper middle income,Out-of-pocket health expenditure (% of current health expenditure)
Marshall Islands,MHL,2007,1.2396241690197942,Upper middle income,Out-of-pocket health expenditure (% of current health expenditure)
Marshall Islands,MHL,2008,1.0981549472016043,Upper middle income,Out-of-pocket health expenditure (% of current health expenditure)
Marshall Islands,MHL,2009,1.064874141507627,Upper middle income,Out-of-pocket health expenditure (% of current health expenditure)
Marshall Islands,MHL,2010,1.0729141350759253,Upper middle income,Out-of-pocket health expenditure (% of current health expenditure)
Marshall Islands,MHL,2011,1.6568452969316605,Upper middle income,Out-of-pocket health expenditure (% of current health expenditure)
Marshall Islands,MHL,2012,1.5775326760584634,Upper middle income,Out-of-pocket health expenditure (% of current health expenditure)
Marshall Islands,MHL,2013,1.5455575314307648,Upper middle income,Out-of-pocket health expenditure (% of current health expenditure)
Marshall Islands,MHL,2014,1.5035109924434515,Upper middle income,Out-of-pocket health expenditure (% of current health expenditure)
Marshall Islands,MHL,2015,1.2195056014587171,Upper middle income,Out-of-pocket health expenditure (% of current health expenditure)
Marshall Islands,MHL,2016,1.1531630034588825,Upper middle income,Out-of-pocket health expenditure (% of current health expenditure)
Marshall Islands,MHL,2017,1.4396071824036998,Upper middle income,Out-of-pocket health expenditure (% of current health expenditure)
Marshall Islands,MHL,2018,1.1786280383578838,Upper middle income,Out-of-pocket health expenditure (% of current health expenditure)
Marshall Islands,MHL,2019,1.1246551562668152,Upper middle income,Out-of-pocket health expenditure (% of current health expenditure)
Marshall Islands,MHL,2020,1.30373740711521,Upper middle income,Out-of-pocket health expenditure (% of current health expenditure)
Marshall Islands,MHL,2021,1.193276126024919,Upper middle income,Out-of-pocket health expenditure (% of current health expenditure)
Marshall Islands,MHL,2022,1.1999304388876093,Upper middle income,Out-of-pocket health expenditure (% of current health expenditure)
Micronesia (Federated States of),FSM,2000,4.819454907529054,Lower middle income,Out-of-pocket health expenditure (% of current health expenditure)
Micronesia (Federated States of),FSM,2001,4.811158978778379,Lower middle income,Out-of-pocket health expenditure (% of current health expenditure)
Micronesia (Federated States of),FSM,2002,5.411477029062275,Lower middle income,Out-of-pocket health expenditure (% of current health expenditure)
Micronesia (Federated States of),FSM,2003,4.894928982869091,Lower middle income,Out-of-pocket health expenditure (% of current health expenditure)
Micronesia (Federated States of),FSM,2004,4.351610237446433,Lower middle income,Out-of-pocket health expenditure (% of current health expenditure)
Micronesia (Federated States of),FSM,2005,3.202762435033336,Lower middle income,Out-of-pocket health expenditure (% of current health expenditure)
Micronesia (Federated States of),FSM,2006,3.0564809298832833,Lower middle income,Out-of-pocket health expenditure (% of current health expenditure)
Micronesia (Federated States of),FSM,2007,2.8201953701979825,Lower middle income,Out-of-pocket health expenditure (% of current health expenditure)
Micronesia (Federated States of),FSM,2008,2.6466389974439606,Lower middle income,Out-of-pocket health expenditure (% of current health expenditure)
Micronesia (Federated States of),FSM,2009,2.478506001889601,Lower middle income,Out-of-pocket health expenditure (% of current health expenditure)
Micronesia (Federated States of),FSM,2010,2.012923229731101,Lower middle income,Out-of-pocket health expenditure (% of current health expenditure)
Micronesia (Federated States of),FSM,2011,3.0142072085281346,Lower middle income,Out-of-pocket health expenditure (% of current health expenditure)
Micronesia (Federated States of),FSM,2012,2.884987080536847,Lower middle income,Out-of-pocket health expenditure (% of current health expenditure)
Micronesia (Federated States of),FSM,2013,2.7265913402542155,Lower middle income,Out-of-pocket health expenditure (% of current health expenditure)
Micronesia (Federated States of),FSM,2014,2.625600309560262,Lower middle income,Out-of-pocket health expenditure (% of current health expenditure)
Micronesia (Federated States of),FSM,2015,2.6272182480557693,Lower middle income,Out-of-pocket health expenditure (% of current health expenditure)
Micronesia (Federated States of),FSM,2016,2.395158563470696,Lower middle income,Out-of-pocket health expenditure (% of current health expenditure)
Micronesia (Federated States of),FSM,2017,2.4997503938326764,Lower middle income,Out-of-pocket health expenditure (% of current health expenditure)
Micronesia (Federated States of),FSM,2018,2.407483107725304,Lower middle income,Out-of-pocket health expenditure (% of current health expenditure)
Micronesia (Federated States of),FSM,2019,2.613747020534024,Lower middle income,Out-of-pocket health expenditure (% of current health expenditure)
Micronesia (Federated States of),FSM,2020,2.660716154024219,Lower middle income,Out-of-pocket health expenditure (% of current health expenditure)
Micronesia (Federated States of),FSM,2021,2.650997486814169,Lower middle income,Out-of-pocket health expenditure (% of current health expenditure)
Micronesia (Federated States of),FSM,2022,2.840088786143659,Lower middle income,Out-of-pocket health expenditure (% of current health expenditure)
Mongolia,MNG,2000,18.512214658997557,Lower middle income,Out-of-pocket health expenditure (% of current health expenditure)
Mongolia,MNG,2001,20.770065118284943,Lower middle income,Out-of-pocket health expenditure (% of current health expenditure)
Mongolia,MNG,2002,20.993796606952696,Lower middle income,Out-of-pocket health expenditure (% of current health expenditure)
Mongolia,MNG,2003,23.92341073342073,Lower middle income,Out-of-pocket health expenditure (% of current health expenditure)
Mongolia,MNG,2004,24.662497430713984,Lower middle income,Out-of-pocket health expenditure (% of current health expenditure)
Mongolia,MNG,2005,31.4964553956432,Lower middle income,Out-of-pocket health expenditure (% of current health expenditure)
Mongolia,MNG,2006,25.55569756520344,Lower middle income,Out-of-pocket health expenditure (% of current health expenditure)
Mongolia,MNG,2007,23.281063955884935,Lower middle income,Out-of-pocket health expenditure (% of current health expenditure)
Mongolia,MNG,2008,21.42464436667159,Lower middle income,Out-of-pocket health expenditure (% of current health expenditure)
Mongolia,MNG,2009,22.759475437192886,Lower middle income,Out-of-pocket health expenditure (% of current health expenditure)
Mongolia,MNG,2010,28.05504750973708,Lower middle income,Out-of-pocket health expenditure (% of current health expenditure)
Mongolia,MNG,2011,32.00390176190989,Lower middle income,Out-of-pocket health expenditure (% of current health expenditure)
Mongolia,MNG,2012,31.509331143359702,Lower middle income,Out-of-pocket health expenditure (% of current health expenditure)
Mongolia,MNG,2013,37.0995746616004,Lower middle income,Out-of-pocket health expenditure (% of current health expenditure)
Mongolia,MNG,2014,34.6757924257727,Lower middle income,Out-of-pocket health expenditure (% of current health expenditure)
Mongolia,MNG,2015,36.375256471424166,Lower middle income,Out-of-pocket health expenditure (% of current health expenditure)
Mongolia,MNG,2016,34.81768345861539,Lower middle income,Out-of-pocket health expenditure (% of current health expenditure)
Mongolia,MNG,2017,38.04784048736075,Lower middle income,Out-of-pocket health expenditure (% of current health expenditure)
Mongolia,MNG,2018,43.93989897384287,Lower middle income,Out-of-pocket health expenditure (% of current health expenditure)
Mongolia,MNG,2019,43.10778273242525,Lower middle income,Out-of-pocket health expenditure (% of current health expenditure)
Mongolia,MNG,2020,43.71080519542019,Lower middle income,Out-of-pocket health expenditure (% of current health expenditure)
Mongolia,MNG,2021,30.870663485830153,Lower middle income,Out-of-pocket health expenditure (% of current health expenditure)
Mongolia,MNG,2022,38.94818483481257,Lower middle income,Out-of-pocket health expenditure (% of current health expenditure)
Nauru,NRU,2000,2.5520743900822045,High income,Out-of-pocket health expenditure (% of current health expenditure)
Nauru,NRU,2001,3.028289943610924,High income,Out-of-pocket health expenditure (% of current health expenditure)
Nauru,NRU,2002,3.8029824015917977,High income,Out-of-pocket health expenditure (% of current health expenditure)
Nauru,NRU,2003,4.878826191486426,High income,Out-of-pocket health expenditure (% of current health expenditure)
Nauru,NRU,2004,7.210087811755779,High income,Out-of-pocket health expenditure (% of current health expenditure)
Nauru,NRU,2005,4.428200242620284,High income,Out-of-pocket health expenditure (% of current health expenditure)
Nauru,NRU,2006,3.9536473207003286,High income,Out-of-pocket health expenditure (% of current health expenditure)
Nauru,NRU,2007,2.3014131474801496,High income,Out-of-pocket health expenditure (% of current health expenditure)
Nauru,NRU,2008,2.1909971864749016,High income,Out-of-pocket health expenditure (% of current health expenditure)
Nauru,NRU,2009,3.1048422198001595,High income,Out-of-pocket health expenditure (% of current health expenditure)
Nauru,NRU,2010,2.418212421596451,High income,Out-of-pocket health expenditure (% of current health expenditure)
Nauru,NRU,2011,1.9165731524943663,High income,Out-of-pocket health expenditure (% of current health expenditure)
Nauru,NRU,2012,0.7819118227177316,High income,Out-of-pocket health expenditure (% of current health expenditure)
Nauru,NRU,2013,1.0462260577453864,High income,Out-of-pocket health expenditure (% of current health expenditure)
Nauru,NRU,2014,1.313148238184721,High income,Out-of-pocket health expenditure (% of current health expenditure)
Nauru,NRU,2015,1.0690178682307832,High income,Out-of-pocket health expenditure (% of current health expenditure)
Nauru,NRU,2016,1.130631546322479,High income,Out-of-pocket health expenditure (% of current health expenditure)
Nauru,NRU,2017,0.8847000773766132,High income,Out-of-pocket health expenditure (% of current health expenditure)
Nauru,NRU,2018,0.7456477850214619,High income,Out-of-pocket health expenditure (% of current health expenditure)
Nauru,NRU,2019,0.8031395183770743,High income,Out-of-pocket health expenditure (% of current health expenditure)
Nauru,NRU,2020,0.7779961035575429,High income,Out-of-pocket health expenditure (% of current health expenditure)
Nauru,NRU,2021,0.6134336724534494,High income,Out-of-pocket health expenditure (% of current health expenditure)
Nauru,NRU,2022,0.4678888270182612,High income,Out-of-pocket health expenditure (% of current health expenditure)
New Zealand,NZL,2000,15.361595174262735,High income,Out-of-pocket health expenditure (% of current health expenditure)
New Zealand,NZL,2001,16.9861609431061,High income,Out-of-pocket health expenditure (% of current health expenditure)
New Zealand,NZL,2002,16.056674581832073,High income,Out-of-pocket health expenditure (% of current health expenditure)
New Zealand,NZL,2003,15.37910019716795,High income,Out-of-pocket health expenditure (% of current health expenditure)
New Zealand,NZL,2004,14.106705932189994,High income,Out-of-pocket health expenditure (% of current health expenditure)
New Zealand,NZL,2005,14.070143303443398,High income,Out-of-pocket health expenditure (% of current health expenditure)
New Zealand,NZL,2006,13.83843452555056,High income,Out-of-pocket health expenditure (% of current health expenditure)
New Zealand,NZL,2007,11.453699386747314,High income,Out-of-pocket health expenditure (% of current health expenditure)
New Zealand,NZL,2008,13.235099498127406,High income,Out-of-pocket health expenditure (% of current health expenditure)
New Zealand,NZL,2009,12.356315459812194,High income,Out-of-pocket health expenditure (% of current health expenditure)
New Zealand,NZL,2010,11.958111037954662,High income,Out-of-pocket health expenditure (% of current health expenditure)
New Zealand,NZL,2011,12.098776950026554,High income,Out-of-pocket health expenditure (% of current health expenditure)
New Zealand,NZL,2012,12.265250368403551,High income,Out-of-pocket health expenditure (% of current health expenditure)
New Zealand,NZL,2013,12.37116378002002,High income,Out-of-pocket health expenditure (% of current health expenditure)
New Zealand,NZL,2014,12.850425240935092,High income,Out-of-pocket health expenditure (% of current health expenditure)
New Zealand,NZL,2015,13.364660080869564,High income,Out-of-pocket health expenditure (% of current health expenditure)
New Zealand,NZL,2016,13.575582672874104,High income,Out-of-pocket health expenditure (% of current health expenditure)
New Zealand,NZL,2017,13.577074213602234,High income,Out-of-pocket health expenditure (% of current health expenditure)
New Zealand,NZL,2018,12.911688801966717,High income,Out-of-pocket health expenditure (% of current health expenditure)
New Zealand,NZL,2019,12.12657106204346,High income,Out-of-pocket health expenditure (% of current health expenditure)
New Zealand,NZL,2020,11.414932958384563,High income,Out-of-pocket health expenditure (% of current health expenditure)
New Zealand,NZL,2021,11.571162502987146,High income,Out-of-pocket health expenditure (% of current health expenditure)
New Zealand,NZL,2022,11.675174280194623,High income,Out-of-pocket health expenditure (% of current health expenditure)
Palau,PLW,2000,16.165861788383133,High income,Out-of-pocket health expenditure (% of current health expenditure)
Palau,PLW,2001,16.895285137840098,High income,Out-of-pocket health expenditure (% of current health expenditure)
Palau,PLW,2002,18.53170405019154,High income,Out-of-pocket health expenditure (% of current health expenditure)
Palau,PLW,2003,18.00998784545251,High income,Out-of-pocket health expenditure (% of current health expenditure)
Palau,PLW,2004,15.580707839355602,High income,Out-of-pocket health expenditure (% of current health expenditure)
Palau,PLW,2005,16.554938202179414,High income,Out-of-pocket health expenditure (% of current health expenditure)
Palau,PLW,2006,17.626145819879273,High income,Out-of-pocket health expenditure (% of current health expenditure)
Palau,PLW,2007,18.049992948327976,High income,Out-of-pocket health expenditure (% of current health expenditure)
Palau,PLW,2008,19.40317080133202,High income,Out-of-pocket health expenditure (% of current health expenditure)
Palau,PLW,2009,19.58941960010568,High income,Out-of-pocket health expenditure (% of current health expenditure)
Palau,PLW,2010,17.699788006180594,High income,Out-of-pocket health expenditure (% of current health expenditure)
Palau,PLW,2011,18.507088078511757,High income,Out-of-pocket health expenditure (% of current health expenditure)
Palau,PLW,2012,16.618251380561627,High income,Out-of-pocket health expenditure (% of current health expenditure)
Palau,PLW,2013,16.001573624727193,High income,Out-of-pocket health expenditure (% of current health expenditure)
Palau,PLW,2014,15.69245620101912,High income,Out-of-pocket health expenditure (% of current health expenditure)
Palau,PLW,2015,17.25234590603267,High income,Out-of-pocket health expenditure (% of current health expenditure)
Palau,PLW,2016,17.15131030589245,High income,Out-of-pocket health expenditure (% of current health expenditure)
Palau,PLW,2017,16.95531339818132,High income,Out-of-pocket health expenditure (% of current health expenditure)
Palau,PLW,2018,16.681353100085676,High income,Out-of-pocket health expenditure (% of current health expenditure)
Palau,PLW,2019,14.863740881881512,High income,Out-of-pocket health expenditure (% of current health expenditure)
Palau,PLW,2020,16.12763919953604,High income,Out-of-pocket health expenditure (% of current health expenditure)
Palau,PLW,2021,16.20428700515134,High income,Out-of-pocket health expenditure (% of current health expenditure)
Palau,PLW,2022,16.59174181569317,High income,Out-of-pocket health expenditure (% of current health expenditure)
Papua New Guinea,PNG,2000,9.442844114413644,Lower middle income,Out-of-pocket health expenditure (% of current health expenditure)
Papua New Guinea,PNG,2001,8.865389317862805,Lower middle income,Out-of-pocket health expenditure (% of current health expenditure)
Papua New Guinea,PNG,2002,8.749374952324281,Lower middle income,Out-of-pocket health expenditure (% of current health expenditure)
Papua New Guinea,PNG,2003,8.782978013479031,Lower middle income,Out-of-pocket health expenditure (% of current health expenditure)
Papua New Guinea,PNG,2004,8.475083358543323,Lower middle income,Out-of-pocket health expenditure (% of current health expenditure)
Papua New Guinea,PNG,2005,8.195516081752704,Lower middle income,Out-of-pocket health expenditure (% of current health expenditure)
Papua New Guinea,PNG,2006,8.107341508347574,Lower middle income,Out-of-pocket health expenditure (% of current health expenditure)
Papua New Guinea,PNG,2007,7.78150472254904,Lower middle income,Out-of-pocket health expenditure (% of current health expenditure)
Papua New Guinea,PNG,2008,8.695229418644251,Lower middle income,Out-of-pocket health expenditure (% of current health expenditure)
Papua New Guinea,PNG,2009,10.39126954413036,Lower middle income,Out-of-pocket health expenditure (% of current health expenditure)
Papua New Guinea,PNG,2010,12.283681572767144,Lower middle income,Out-of-pocket health expenditure (% of current health expenditure)
Papua New Guinea,PNG,2011,12.239906413556982,Lower middle income,Out-of-pocket health expenditure (% of current health expenditure)
Papua New Guinea,PNG,2012,9.220928309300652,Lower middle income,Out-of-pocket health expenditure (% of current health expenditure)
Papua New Guinea,PNG,2013,6.572432820532216,Lower middle income,Out-of-pocket health expenditure (% of current health expenditure)
Papua New Guinea,PNG,2014,5.955254763433931,Lower middle income,Out-of-pocket health expenditure (% of current health expenditure)
Papua New Guinea,PNG,2015,12.36896100319096,Lower middle income,Out-of-pocket health expenditure (% of current health expenditure)
Papua New Guinea,PNG,2016,10.144590120246928,Lower middle income,Out-of-pocket health expenditure (% of current health expenditure)
Papua New Guinea,PNG,2017,8.998544537928128,Lower middle income,Out-of-pocket health expenditure (% of current health expenditure)
Papua New Guinea,PNG,2018,9.599545101881812,Lower middle income,Out-of-pocket health expenditure (% of current health expenditure)
Papua New Guinea,PNG,2019,9.527100418250154,Lower middle income,Out-of-pocket health expenditure (% of current health expenditure)
Papua New Guinea,PNG,2020,10.424094448175312,Lower middle income,Out-of-pocket health expenditure (% of current health expenditure)
Papua New Guinea,PNG,2021,10.3544776119403,Lower middle income,Out-of-pocket health expenditure (% of current health expenditure)
Papua New Guinea,PNG,2022,9.2538604526742,Lower middle income,Out-of-pocket health expenditure (% of current health expenditure)
Philippines,PHL,2000,41.19496825420653,Lower middle income,Out-of-pocket health expenditure (% of current health expenditure)
Philippines,PHL,2001,44.61747854618742,Lower middle income,Out-of-pocket health expenditure (% of current health expenditure)
Philippines,PHL,2002,47.76664191242943,Lower middle income,Out-of-pocket health expenditure (% of current health expenditure)
Philippines,PHL,2003,47.700532960000466,Lower middle income,Out-of-pocket health expenditure (% of current health expenditure)
Philippines,PHL,2004,47.77958214958374,Lower middle income,Out-of-pocket health expenditure (% of current health expenditure)
Philippines,PHL,2005,52.10651341065148,Lower middle income,Out-of-pocket health expenditure (% of current health expenditure)
Philippines,PHL,2006,54.03545821316313,Lower middle income,Out-of-pocket health expenditure (% of current health expenditure)
Philippines,PHL,2007,55.96742706295855,Lower middle income,Out-of-pocket health expenditure (% of current health expenditure)
Philippines,PHL,2008,57.449916176231895,Lower middle income,Out-of-pocket health expenditure (% of current health expenditure)
Philippines,PHL,2009,55.57599237791293,Lower middle income,Out-of-pocket health expenditure (% of current health expenditure)
Philippines,PHL,2010,54.84585889526821,Lower middle income,Out-of-pocket health expenditure (% of current health expenditure)
Philippines,PHL,2011,58.89309328021071,Lower middle income,Out-of-pocket health expenditure (% of current health expenditure)
Philippines,PHL,2012,58.31450288024299,Lower middle income,Out-of-pocket health expenditure (% of current health expenditure)
Philippines,PHL,2013,57.57440340982781,Lower middle income,Out-of-pocket health expenditure (% of current health expenditure)
Philippines,PHL,2014,52.37667689212574,Lower middle income,Out-of-pocket health expenditure (% of current health expenditure)
Philippines,PHL,2015,51.17859761062772,Lower middle income,Out-of-pocket health expenditure (% of current health expenditure)
Philippines,PHL,2016,50.49208146849681,Lower middle income,Out-of-pocket health expenditure (% of current health expenditure)
Philippines,PHL,2017,50.14806137349787,Lower middle income,Out-of-pocket health expenditure (% of current health expenditure)
Philippines,PHL,2018,50.4368512972791,Lower middle income,Out-of-pocket health expenditure (% of current health expenditure)
Philippines,PHL,2019,48.78687783500652,Lower middle income,Out-of-pocket health expenditure (% of current health expenditure)
Philippines,PHL,2020,44.56456722696712,Lower middle income,Out-of-pocket health expenditure (% of current health expenditure)
Philippines,PHL,2021,41.21797925825217,Lower middle income,Out-of-pocket health expenditure (% of current health expenditure)
Philippines,PHL,2022,44.63492737068114,Lower middle income,Out-of-pocket health expenditure (% of current health expenditure)
Republic of Korea,KOR,2000,43.32319351441855,High income,Out-of-pocket health expenditure (% of current health expenditure)
Republic of Korea,KOR,2001,41.318220082447105,High income,Out-of-pocket health expenditure (% of current health expenditure)
Republic of Korea,KOR,2002,40.79149991881216,High income,Out-of-pocket health expenditure (% of current health expenditure)
Republic of Korea,KOR,2003,45.26963547363635,High income,Out-of-pocket health expenditure (% of current health expenditure)
Republic of Korea,KOR,2004,44.872164661727304,High income,Out-of-pocket health expenditure (% of current health expenditure)
Republic of Korea,KOR,2005,44.46312324654343,High income,Out-of-pocket health expenditure (% of current health expenditure)
Republic of Korea,KOR,2006,42.58257133661077,High income,Out-of-pocket health expenditure (% of current health expenditure)
Republic of Korea,KOR,2007,40.562945389670766,High income,Out-of-pocket health expenditure (% of current health expenditure)
Republic of Korea,KOR,2008,40.88979313669847,High income,Out-of-pocket health expenditure (% of current health expenditure)
Republic of Korea,KOR,2009,38.94352389794753,High income,Out-of-pocket health expenditure (% of current health expenditure)
Republic of Korea,KOR,2010,38.60714585184014,High income,Out-of-pocket health expenditure (% of current health expenditure)
Republic of Korea,KOR,2011,38.62663953258968,High income,Out-of-pocket health expenditure (% of current health expenditure)
Republic of Korea,KOR,2012,38.20380618185923,High income,Out-of-pocket health expenditure (% of current health expenditure)
Republic of Korea,KOR,2013,37.86204570387756,High income,Out-of-pocket health expenditure (% of current health expenditure)
Republic of Korea,KOR,2014,37.12419310628714,High income,Out-of-pocket health expenditure (% of current health expenditure)
Republic of Korea,KOR,2015,37.149699395310584,High income,Out-of-pocket health expenditure (% of current health expenditure)
Republic of Korea,KOR,2016,35.61482706021601,High income,Out-of-pocket health expenditure (% of current health expenditure)
Republic of Korea,KOR,2017,34.73718353726325,High income,Out-of-pocket health expenditure (% of current health expenditure)
Republic of Korea,KOR,2018,33.89823830431337,High income,Out-of-pocket health expenditure (% of current health expenditure)
Republic of Korea,KOR,2019,32.57798974242965,High income,Out-of-pocket health expenditure (% of current health expenditure)
Republic of Korea,KOR,2020,30.47086102470713,High income,Out-of-pocket health expenditure (% of current health expenditure)
Republic of Korea,KOR,2021,29.960604801301628,High income,Out-of-pocket health expenditure (% of current health expenditure)
Republic of Korea,KOR,2022,28.79315217559611,High income,Out-of-pocket health expenditure (% of current health expenditure)
Samoa,WSM,2000,11.967098298356468,Lower middle income,Out-of-pocket health expenditure (% of current health expenditure)
Samoa,WSM,2001,14.055481764773754,Lower middle income,Out-of-pocket health expenditure (% of current health expenditure)
Samoa,WSM,2002,13.301483384065554,Lower middle income,Out-of-pocket health expenditure (% of current health expenditure)
Samoa,WSM,2003,14.40465552092891,Lower middle income,Out-of-pocket health expenditure (% of current health expenditure)
Samoa,WSM,2004,12.99295982009919,Lower middle income,Out-of-pocket health expenditure (% of current health expenditure)
Samoa,WSM,2005,13.06104300199895,Lower middle income,Out-of-pocket health expenditure (% of current health expenditure)
Samoa,WSM,2006,12.831099113662615,Lower middle income,Out-of-pocket health expenditure (% of current health expenditure)
Samoa,WSM,2007,13.09505931522154,Lower middle income,Out-of-pocket health expenditure (% of current health expenditure)
Samoa,WSM,2008,14.272145274363202,Lower middle income,Out-of-pocket health expenditure (% of current health expenditure)
Samoa,WSM,2009,12.56464652003463,Lower middle income,Out-of-pocket health expenditure (% of current health expenditure)
Samoa,WSM,2010,12.63165318039006,Lower middle income,Out-of-pocket health expenditure (% of current health expenditure)
Samoa,WSM,2011,12.30281918803615,Lower middle income,Out-of-pocket health expenditure (% of current health expenditure)
Samoa,WSM,2012,13.921148155125216,Lower middle income,Out-of-pocket health expenditure (% of current health expenditure)
Samoa,WSM,2013,11.07636473607032,Lower middle income,Out-of-pocket health expenditure (% of current health expenditure)
Samoa,WSM,2014,11.032035341188443,Lower middle income,Out-of-pocket health expenditure (% of current health expenditure)
Samoa,WSM,2015,10.24456556602904,Lower middle income,Out-of-pocket health expenditure (% of current health expenditure)
Samoa,WSM,2016,11.293526402917584,Lower middle income,Out-of-pocket health expenditure (% of current health expenditure)
Samoa,WSM,2017,12.013648473006826,Lower middle income,Out-of-pocket health expenditure (% of current health expenditure)
Samoa,WSM,2018,12.978384596329498,Lower middle income,Out-of-pocket health expenditure (% of current health expenditure)
Samoa,WSM,2019,11.157628881857711,Lower middle income,Out-of-pocket health expenditure (% of current health expenditure)
Samoa,WSM,2020,10.819525207129784,Lower middle income,Out-of-pocket health expenditure (% of current health expenditure)
Samoa,WSM,2021,11.173195571229243,Lower middle income,Out-of-pocket health expenditure (% of current health expenditure)
Samoa,WSM,2022,12.4864230250122,Lower middle income,Out-of-pocket health expenditure (% of current health expenditure)
Singapore,SGP,2000,48.17884175756523,High income,Out-of-pocket health expenditure (% of current health expenditure)
Singapore,SGP,2001,55.58973590120725,High income,Out-of-pocket health expenditure (% of current health expenditure)
Singapore,SGP,2002,53.087527961385675,High income,Out-of-pocket health expenditure (% of current health expenditure)
Singapore,SGP,2003,48.457975947188025,High income,Out-of-pocket health expenditure (% of current health expenditure)
Singapore,SGP,2004,51.00744363495555,High income,Out-of-pocket health expenditure (% of current health expenditure)
Singapore,SGP,2005,49.99448309443491,High income,Out-of-pocket health expenditure (% of current health expenditure)
Singapore,SGP,2006,48.83466774550103,High income,Out-of-pocket health expenditure (% of current health expenditure)
Singapore,SGP,2007,48.468142359903034,High income,Out-of-pocket health expenditure (% of current health expenditure)
Singapore,SGP,2008,46.45778601655632,High income,Out-of-pocket health expenditure (% of current health expenditure)
Singapore,SGP,2009,43.349091656225056,High income,Out-of-pocket health expenditure (% of current health expenditure)
Singapore,SGP,2010,41.51569337050677,High income,Out-of-pocket health expenditure (% of current health expenditure)
Singapore,SGP,2011,39.560524783527555,High income,Out-of-pocket health expenditure (% of current health expenditure)
Singapore,SGP,2012,37.69818817524383,High income,Out-of-pocket health expenditure (% of current health expenditure)
Singapore,SGP,2013,36.19911581286863,High income,Out-of-pocket health expenditure (% of current health expenditure)
Singapore,SGP,2014,33.300028892967624,High income,Out-of-pocket health expenditure (% of current health expenditure)
Singapore,SGP,2015,33.08611819759811,High income,Out-of-pocket health expenditure (% of current health expenditure)
Singapore,SGP,2016,32.944650091777085,High income,Out-of-pocket health expenditure (% of current health expenditure)
Singapore,SGP,2017,32.45282386981881,High income,Out-of-pocket health expenditure (% of current health expenditure)
Singapore,SGP,2018,29.4783853884834,High income,Out-of-pocket health expenditure (% of current health expenditure)
Singapore,SGP,2019,28.73529328465454,High income,Out-of-pocket health expenditure (% of current health expenditure)
Singapore,SGP,2020,24.76644141649127,High income,Out-of-pocket health expenditure (% of current health expenditure)
Singapore,SGP,2021,24.140211151213283,High income,Out-of-pocket health expenditure (% of current health expenditure)
Singapore,SGP,2022,24.739813344155415,High income,Out-of-pocket health expenditure (% of current health expenditure)
Solomon Islands,SLB,2000,5.395872511864097,Lower middle income,Out-of-pocket health expenditure (% of current health expenditure)
Solomon Islands,SLB,2001,4.633655445748985,Lower middle income,Out-of-pocket health expenditure (% of current health expenditure)
Solomon Islands,SLB,2002,2.5889079371835892,Lower middle income,Out-of-pocket health expenditure (% of current health expenditure)
Solomon Islands,SLB,2003,2.9256056749833124,Lower middle income,Out-of-pocket health expenditure (% of current health expenditure)
Solomon Islands,SLB,2004,2.6556001756383334,Lower middle income,Out-of-pocket health expenditure (% of current health expenditure)
Solomon Islands,SLB,2005,2.172360867317683,Lower middle income,Out-of-pocket health expenditure (% of current health expenditure)
Solomon Islands,SLB,2006,2.6575585940154047,Lower middle income,Out-of-pocket health expenditure (% of current health expenditure)
Solomon Islands,SLB,2007,2.9175589839507245,Lower middle income,Out-of-pocket health expenditure (% of current health expenditure)
Solomon Islands,SLB,2008,3.7000193074856567,Lower middle income,Out-of-pocket health expenditure (% of current health expenditure)
Solomon Islands,SLB,2009,2.7192818243592263,Lower middle income,Out-of-pocket health expenditure (% of current health expenditure)
Solomon Islands,SLB,2010,4.094244179932038,Lower middle income,Out-of-pocket health expenditure (% of current health expenditure)
Solomon Islands,SLB,2011,3.234237708127604,Lower middle income,Out-of-pocket health expenditure (% of current health expenditure)
Solomon Islands,SLB,2012,3.0245059576397453,Lower middle income,Out-of-pocket health expenditure (% of current health expenditure)
Solomon Islands,SLB,2013,3.1773481568235584,Lower middle income,Out-of-pocket health expenditure (% of current health expenditure)
Solomon Islands,SLB,2014,2.897921742289133,Lower middle income,Out-of-pocket health expenditure (% of current health expenditure)
Solomon Islands,SLB,2015,3.091200021155716,Lower middle income,Out-of-pocket health expenditure (% of current health expenditure)
Solomon Islands,SLB,2016,2.9827739845876367,Lower middle income,Out-of-pocket health expenditure (% of current health expenditure)
Solomon Islands,SLB,2017,3.1458163237859176,Lower middle income,Out-of-pocket health expenditure (% of current health expenditure)
Solomon Islands,SLB,2018,3.6134342609978263,Lower middle income,Out-of-pocket health expenditure (% of current health expenditure)
Solomon Islands,SLB,2019,3.588588475557233,Lower middle income,Out-of-pocket health expenditure (% of current health expenditure)
Solomon Islands,SLB,2020,3.427180030400519,Lower middle income,Out-of-pocket health expenditure (% of current health expenditure)
Solomon Islands,SLB,2021,3.636420008867887,Lower middle income,Out-of-pocket health expenditure (% of current health expenditure)
Solomon Islands,SLB,2022,3.7173256368818697,Lower middle income,Out-of-pocket health expenditure (% of current health expenditure)
Tonga,TON,2000,14.486394575011769,Upper middle income,Out-of-pocket health expenditure (% of current health expenditure)
Tonga,TON,2001,12.057826907144303,Upper middle income,Out-of-pocket health expenditure (% of current health expenditure)
Tonga,TON,2002,12.373889518842184,Upper middle income,Out-of-pocket health expenditure (% of current health expenditure)
Tonga,TON,2003,12.782072601175573,Upper middle income,Out-of-pocket health expenditure (% of current health expenditure)
Tonga,TON,2004,9.972742876963244,Upper middle income,Out-of-pocket health expenditure (% of current health expenditure)
Tonga,TON,2005,10.644379814276853,Upper middle income,Out-of-pocket health expenditure (% of current health expenditure)
Tonga,TON,2006,7.913207776879339,Upper middle income,Out-of-pocket health expenditure (% of current health expenditure)
Tonga,TON,2007,9.831294926947145,Upper middle income,Out-of-pocket health expenditure (% of current health expenditure)
Tonga,TON,2008,7.468817780014489,Upper middle income,Out-of-pocket health expenditure (% of current health expenditure)
Tonga,TON,2009,11.394788966930046,Upper middle income,Out-of-pocket health expenditure (% of current health expenditure)
Tonga,TON,2010,8.501914396840712,Upper middle income,Out-of-pocket health expenditure (% of current health expenditure)
Tonga,TON,2011,7.7025147679014125,Upper middle income,Out-of-pocket health expenditure (% of current health expenditure)
Tonga,TON,2012,4.534888286982302,Upper middle income,Out-of-pocket health expenditure (% of current health expenditure)
Tonga,TON,2013,8.19892056401858,Upper middle income,Out-of-pocket health expenditure (% of current health expenditure)
Tonga,TON,2014,6.203498587602393,Upper middle income,Out-of-pocket health expenditure (% of current health expenditure)
Tonga,TON,2015,6.374215577695287,Upper middle income,Out-of-pocket health expenditure (% of current health expenditure)
Tonga,TON,2016,5.096202475838688,Upper middle income,Out-of-pocket health expenditure (% of current health expenditure)
Tonga,TON,2017,4.706358155327378,Upper middle income,Out-of-pocket health expenditure (% of current health expenditure)
Tonga,TON,2018,4.530760070411916,Upper middle income,Out-of-pocket health expenditure (% of current health expenditure)
Tonga,TON,2019,4.728858367413947,Upper middle income,Out-of-pocket health expenditure (% of current health expenditure)
Tonga,TON,2020,4.451821219398986,Upper middle income,Out-of-pocket health expenditure (% of current health expenditure)
Tonga,TON,2021,3.485269944622243,Upper middle income,Out-of-pocket health expenditure (% of current health expenditure)
Tonga,TON,2022,2.9408522547394313,Upper middle income,Out-of-pocket health expenditure (% of current health expenditure)
Tuvalu,TUV,2000,0.1043973049338601,Upper middle income,Out-of-pocket health expenditure (% of current health expenditure)
Tuvalu,TUV,2001,0.713570006140623,Upper middle income,Out-of-pocket health expenditure (% of current health expenditure)
Tuvalu,TUV,2002,1.24833604588278,Upper middle income,Out-of-pocket health expenditure (% of current health expenditure)
Tuvalu,TUV,2003,1.2523682676789192,Upper middle income,Out-of-pocket health expenditure (% of current health expenditure)
Tuvalu,TUV,2004,1.4858453457342988,Upper middle income,Out-of-pocket health expenditure (% of current health expenditure)
Tuvalu,TUV,2005,1.329377557709958,Upper middle income,Out-of-pocket health expenditure (% of current health expenditure)
Tuvalu,TUV,2006,0.7729083426239545,Upper middle income,Out-of-pocket health expenditure (% of current health expenditure)
Tuvalu,TUV,2007,1.0866972998807394,Upper middle income,Out-of-pocket health expenditure (% of current health expenditure)
Tuvalu,TUV,2008,1.2545270108456437,Upper middle income,Out-of-pocket health expenditure (% of current health expenditure)
Tuvalu,TUV,2009,0.8210506973475687,Upper middle income,Out-of-pocket health expenditure (% of current health expenditure)
Tuvalu,TUV,2010,0.6567767608876303,Upper middle income,Out-of-pocket health expenditure (% of current health expenditure)
Tuvalu,TUV,2011,0.8123016522098464,Upper middle income,Out-of-pocket health expenditure (% of current health expenditure)
Tuvalu,TUV,2012,0.8395226372580004,Upper middle income,Out-of-pocket health expenditure (% of current health expenditure)
Tuvalu,TUV,2013,0.7676253451986965,Upper middle income,Out-of-pocket health expenditure (% of current health expenditure)
Tuvalu,TUV,2014,0.7009164656374871,Upper middle income,Out-of-pocket health expenditure (% of current health expenditure)
Tuvalu,TUV,2015,0.2589500420436851,Upper middle income,Out-of-pocket health expenditure (% of current health expenditure)
Tuvalu,TUV,2016,0.527029060112565,Upper middle income,Out-of-pocket health expenditure (% of current health expenditure)
Tuvalu,TUV,2017,0.33394412226715,Upper middle income,Out-of-pocket health expenditure (% of current health expenditure)
Tuvalu,TUV,2018,0.363820547096041,Upper middle income,Out-of-pocket health expenditure (% of current health expenditure)
Tuvalu,TUV,2019,0.3065751039643961,Upper middle income,Out-of-pocket health expenditure (% of current health expenditure)
Tuvalu,TUV,2020,0.3956060157704915,Upper middle income,Out-of-pocket health expenditure (% of current health expenditure)
Tuvalu,TUV,2021,0.3624064781192062,Upper middle income,Out-of-pocket health expenditure (% of current health expenditure)
Tuvalu,TUV,2022,0.3685761925115282,Upper middle income,Out-of-pocket health expenditure (% of current health expenditure)
Vanuatu,VUT,2000,10.398283311670086,Lower middle income,Out-of-pocket health expenditure (% of current health expenditure)
Vanuatu,VUT,2001,10.892440049286092,Lower middle income,Out-of-pocket health expenditure (% of current health expenditure)
Vanuatu,VUT,2002,8.863713145658185,Lower middle income,Out-of-pocket health expenditure (% of current health expenditure)
Vanuatu,VUT,2003,9.628830376087569,Lower middle income,Out-of-pocket health expenditure (% of current health expenditure)
Vanuatu,VUT,2004,9.409129417798551,Lower middle income,Out-of-pocket health expenditure (% of current health expenditure)
Vanuatu,VUT,2005,9.79648987090007,Lower middle income,Out-of-pocket health expenditure (% of current health expenditure)
Vanuatu,VUT,2006,9.125374761785787,Lower middle income,Out-of-pocket health expenditure (% of current health expenditure)
Vanuatu,VUT,2007,9.428260938065884,Lower middle income,Out-of-pocket health expenditure (% of current health expenditure)
Vanuatu,VUT,2008,8.968692268129288,Lower middle income,Out-of-pocket health expenditure (% of current health expenditure)
Vanuatu,VUT,2009,8.954448041799917,Lower middle income,Out-of-pocket health expenditure (% of current health expenditure)
Vanuatu,VUT,2010,8.853834590273546,Lower middle income,Out-of-pocket health expenditure (% of current health expenditure)
Vanuatu,VUT,2011,8.49025118417834,Lower middle income,Out-of-pocket health expenditure (% of current health expenditure)
Vanuatu,VUT,2012,8.010564158746648,Lower middle income,Out-of-pocket health expenditure (% of current health expenditure)
Vanuatu,VUT,2013,7.252309234107582,Lower middle income,Out-of-pocket health expenditure (% of current health expenditure)
Vanuatu,VUT,2014,8.841500737363381,Lower middle income,Out-of-pocket health expenditure (% of current health expenditure)
Vanuatu,VUT,2015,7.640150130625596,Lower middle income,Out-of-pocket health expenditure (% of current health expenditure)
Vanuatu,VUT,2016,10.506450187906216,Lower middle income,Out-of-pocket health expenditure (% of current health expenditure)
Vanuatu,VUT,2017,10.365095801569831,Lower middle income,Out-of-pocket health expenditure (% of current health expenditure)
Vanuatu,VUT,2018,8.262956324403092,Lower middle income,Out-of-pocket health expenditure (% of current health expenditure)
Vanuatu,VUT,2019,7.657790146347276,Lower middle income,Out-of-pocket health expenditure (% of current health expenditure)
Vanuatu,VUT,2020,8.40006396588403,Lower middle income,Out-of-pocket health expenditure (% of current health expenditure)
Vanuatu,VUT,2021,7.213749225463752,Lower middle income,Out-of-pocket health expenditure (% of current health expenditure)
Vanuatu,VUT,2022,7.576216838232319,Lower middle income,Out-of-pocket health expenditure (% of current health expenditure)
Viet Nam,VNM,2000,34.58064971002693,Lower middle income,Out-of-pocket health expenditure (% of current health expenditure)
Viet Nam,VNM,2001,29.70149044144598,Lower middle income,Out-of-pocket health expenditure (% of current health expenditure)
Viet Nam,VNM,2002,34.54223200515579,Lower middle income,Out-of-pocket health expenditure (% of current health expenditure)
Viet Nam,VNM,2003,34.5428334374313,Lower middle income,Out-of-pocket health expenditure (% of current health expenditure)
Viet Nam,VNM,2004,34.675171293768706,Lower middle income,Out-of-pocket health expenditure (% of current health expenditure)
Viet Nam,VNM,2005,34.641765831832025,Lower middle income,Out-of-pocket health expenditure (% of current health expenditure)
Viet Nam,VNM,2006,34.69738324729793,Lower middle income,Out-of-pocket health expenditure (% of current health expenditure)
Viet Nam,VNM,2007,34.669079930760276,Lower middle income,Out-of-pocket health expenditure (% of current health expenditure)
Viet Nam,VNM,2008,34.576128061134405,Lower middle income,Out-of-pocket health expenditure (% of current health expenditure)
Viet Nam,VNM,2009,34.63538188592652,Lower middle income,Out-of-pocket health expenditure (% of current health expenditure)
Viet Nam,VNM,2010,34.674057878114894,Lower middle income,Out-of-pocket health expenditure (% of current health expenditure)
Viet Nam,VNM,2011,34.68690600173156,Lower middle income,Out-of-pocket health expenditure (% of current health expenditure)
Viet Nam,VNM,2012,40.778924288099326,Lower middle income,Out-of-pocket health expenditure (% of current health expenditure)
Viet Nam,VNM,2013,41.58710218604028,Lower middle income,Out-of-pocket health expenditure (% of current health expenditure)
Viet Nam,VNM,2014,41.028209793078915,Lower middle income,Out-of-pocket health expenditure (% of current health expenditure)
Viet Nam,VNM,2015,42.13227988961442,Lower middle income,Out-of-pocket health expenditure (% of current health expenditure)
Viet Nam,VNM,2016,41.35648083120969,Lower middle income,Out-of-pocket health expenditure (% of current health expenditure)
Viet Nam,VNM,2017,42.58786843397713,Lower middle income,Out-of-pocket health expenditure (% of current health expenditure)
Viet Nam,VNM,2018,44.58100734091641,Lower middle income,Out-of-pocket health expenditure (% of current health expenditure)
Viet Nam,VNM,2019,45.11730727300115,Lower middle income,Out-of-pocket health expenditure (% of current health expenditure)
Viet Nam,VNM,2020,42.40335241573325,Lower middle income,Out-of-pocket health expenditure (% of current health expenditure)
Viet Nam,VNM,2021,40.46692889537292,Lower middle income,Out-of-pocket health expenditure (% of current health expenditure)
Viet Nam,VNM,2022,39.54518732743802,Lower middle income,Out-of-pocket health expenditure (% of current health expenditure)
